open_time,open,high,low,close,volume,close_time,quote_asset_volume,number_of_trades,taker_buy_base_volume,taker_buy_quote_volume,ignore,open_datetime_utc,close_datetime_utc
1729252800000,67702.00000000,68870.68000000,67642.71000000,68735.35000000,8981.93414000,1729267199999,614016142.60277700,1292600,5236.98773000,358113638.23128250,0,2024-10-18T12:00:00.000Z,2024-10-18T15:59:59.999Z
1729267200000,68735.34000000,69000.00000000,68360.00000000,68608.01000000,5094.27340000,1729281599999,350274011.10839330,814099,2461.85427000,169299450.11207220,0,2024-10-18T16:00:00.000Z,2024-10-18T19:59:59.999Z
1729281600000,68608.01000000,68690.00000000,68204.10000000,68428.00000000,1793.25028000,1729295999999,122704669.63521470,293661,786.30711000,53797830.76610550,0,2024-10-18T20:00:00.000Z,2024-10-18T23:59:59.999Z
1729296000000,68427.99000000,68693.26000000,68303.03000000,68450.01000000,1376.73627000,1729310399999,94232160.89707850,227497,709.14460000,48541972.99036660,0,2024-10-19T00:00:00.000Z,2024-10-19T03:59:59.999Z
1729310400000,68450.00000000,68560.00000000,68302.31000000,68346.54000000,1113.67315000,1729324799999,76157615.22062620,182320,465.61590000,31839593.02578930,0,2024-10-19T04:00:00.000Z,2024-10-19T07:59:59.999Z
1729324800000,68346.54000000,68475.70000000,68090.30000000,68090.30000000,1655.36285000,1729339199999,113045563.72843130,180137,712.02084000,48642014.10349640,0,2024-10-19T08:00:00.000Z,2024-10-19T11:59:59.999Z
1729339200000,68090.30000000,68350.00000000,68088.00000000,68226.93000000,1346.90882000,1729353599999,91878286.18404460,203676,656.93000000,44811259.69154750,0,2024-10-19T12:00:00.000Z,2024-10-19T15:59:59.999Z
1729353600000,68226.94000000,68242.43000000,68010.00000000,68181.98000000,1019.59496000,1729367999999,69478916.20755050,170432,472.57968000,32203548.29340820,0,2024-10-19T16:00:00.000Z,2024-10-19T19:59:59.999Z
1729368000000,68181.98000000,68413.96000000,68168.45000000,68378.00000000,1681.39132000,1729382399999,114836086.72357940,188366,1054.90525000,72046677.41308450,0,2024-10-19T20:00:00.000Z,2024-10-19T23:59:59.999Z
1729382400000,68377.99000000,68446.00000000,68100.00000000,68188.00000000,1054.72024000,1729396799999,71993792.47971610,173345,521.21147000,35588175.71655450,0,2024-10-20T00:00:00.000Z,2024-10-20T03:59:59.999Z
1729396800000,68188.01000000,68433.50000000,68176.26000000,68378.00000000,1441.04305000,1729411199999,98440813.90285040,128795,956.49272000,65346241.91684710,0,2024-10-20T04:00:00.000Z,2024-10-20T07:59:59.999Z
1729411200000,68378.01000000,68500.00000000,68355.00000000,68420.01000000,1130.42068000,1729425599999,77335885.37222380,118555,565.18947000,38667187.04702700,0,2024-10-20T08:00:00.000Z,2024-10-20T11:59:59.999Z
1729425600000,68420.01000000,68772.70000000,68198.22000000,68625.99000000,3025.00337000,1729439999999,207285143.18550690,351071,1465.05971000,100396537.41753110,0,2024-10-20T12:00:00.000Z,2024-10-20T15:59:59.999Z
1729440000000,68625.99000000,68660.00000000,68422.00000000,68508.29000000,1137.38491000,1729454399999,77975598.32743870,167723,560.65476000,38437642.55938780,0,2024-10-20T16:00:00.000Z,2024-10-20T19:59:59.999Z
1729454400000,68508.30000000,69400.00000000,68461.93000000,69031.99000000,4653.90153000,1729468799999,321051196.54285020,624306,2704.31761000,186565771.27363550,0,2024-10-20T20:00:00.000Z,2024-10-20T23:59:59.999Z
1729468800000,69032.00000000,69519.52000000,68588.51000000,68939.99000000,4025.34961000,1729483199999,278215743.60307200,562353,2366.18445000,163558716.35761290,0,2024-10-21T00:00:00.000Z,2024-10-21T03:59:59.999Z
1729483200000,68940.00000000,69185.18000000,68488.33000000,68514.00000000,2657.04256000,1729497599999,183004494.85814200,381866,1152.73582000,79394439.59735870,0,2024-10-21T04:00:00.000Z,2024-10-21T07:59:59.999Z
1729497600000,68513.99000000,68661.00000000,68119.01000000,68238.01000000,4244.21652000,1729511999999,290193576.71030200,494103,1717.85387000,117464277.03826340,0,2024-10-21T08:00:00.000Z,2024-10-21T11:59:59.999Z
1729512000000,68238.00000000,68328.68000000,66840.67000000,67341.02000000,12814.65836000,1729526399999,864359246.38399770,1179282,4796.55067000,323231125.55174340,0,2024-10-21T12:00:00.000Z,2024-10-21T15:59:59.999Z
1729526400000,67341.02000000,67941.17000000,66894.00000000,67763.00000000,5541.16575000,1729540799999,373475772.56723220,733763,2786.40436000,187827116.71153140,0,2024-10-21T16:00:00.000Z,2024-10-21T19:59:59.999Z
1729540800000,67763.99000000,67933.79000000,67366.66000000,67377.50000000,2091.98904000,1729555199999,141584759.42395180,335410,773.87911000,52385083.16437460,0,2024-10-21T20:00:00.000Z,2024-10-21T23:59:59.999Z
1729555200000,67377.50000000,67694.92000000,66571.42000000,67390.02000000,4530.23136000,1729569599999,304442452.00044820,656363,2089.21410000,140426162.55261350,0,2024-10-22T00:00:00.000Z,2024-10-22T03:59:59.999Z
1729569600000,67390.01000000,67800.00000000,67278.02000000,67402.00000000,2582.69229000,1729583999999,174580327.95897020,276362,1380.51819000,93331152.57080350,0,2024-10-22T04:00:00.000Z,2024-10-22T07:59:59.999Z
1729584000000,67402.00000000,67526.67000000,66740.00000000,67299.15000000,5952.92995000,1729598399999,399293745.12565880,685004,2823.99678000,189417401.99312140,0,2024-10-22T08:00:00.000Z,2024-10-22T11:59:59.999Z
1729598400000,67299.15000000,67693.34000000,66644.18000000,67282.27000000,6233.58519000,1729612799999,418870493.05343150,1213555,3079.12737000,206976701.04607500,0,2024-10-22T12:00:00.000Z,2024-10-22T15:59:59.999Z
1729612800000,67282.27000000,67635.72000000,66920.00000000,67482.98000000,3629.34667000,1729627199999,244244731.39706590,587745,2143.11859000,144248140.67112160,0,2024-10-22T16:00:00.000Z,2024-10-22T19:59:59.999Z
1729627200000,67482.99000000,67836.01000000,67292.00000000,67426.00000000,1670.17722000,1729641599999,112854042.12498110,250262,884.54354000,59761330.40613870,0,2024-10-22T20:00:00.000Z,2024-10-22T23:59:59.999Z
1729641600000,67426.01000000,67472.83000000,66890.00000000,67082.10000000,2192.04981000,1729655999999,147241315.75158140,407801,935.71624000,62855307.23605450,0,2024-10-23T00:00:00.000Z,2024-10-23T03:59:59.999Z
1729656000000,67082.10000000,67302.83000000,66800.00000000,66852.34000000,2205.04466000,1729670399999,147871865.49265550,350778,1055.59929000,70804348.30945270,0,2024-10-23T04:00:00.000Z,2024-10-23T07:59:59.999Z
1729670400000,66852.33000000,67048.00000000,66200.00000000,66414.00000000,4678.16343000,1729684799999,311267135.54378090,608338,1974.32673000,131394250.05832420,0,2024-10-23T08:00:00.000Z,2024-10-23T11:59:59.999Z
1729684800000,66414.00000000,66910.15000000,65923.01000000,66223.44000000,6555.45611000,1729699199999,435197228.07775710,989139,3089.79562000,205207878.44049410,0,2024-10-23T12:00:00.000Z,2024-10-23T15:59:59.999Z
1729699200000,66223.45000000,66573.58000000,65260.00000000,66472.00000000,7747.67519000,1729713599999,510332704.01635890,1142139,3819.51217000,251676829.90562570,0,2024-10-23T16:00:00.000Z,2024-10-23T19:59:59.999Z
1729713600000,66472.00000000,66807.37000000,66338.99000000,66668.65000000,2151.85150000,1729727999999,143191182.03661280,309170,1013.38990000,67446021.16073480,0,2024-10-23T20:00:00.000Z,2024-10-23T23:59:59.999Z
1729728000000,66668.65000000,67612.12000000,66510.00000000,67213.16000000,4069.13262000,1729742399999,273601787.81649880,653453,2098.81811000,141101418.65522610,0,2024-10-24T00:00:00.000Z,2024-10-24T03:59:59.999Z
1729742400000,67213.16000000,67479.55000000,67068.75000000,67123.08000000,2168.24652000,1729756799999,145950770.47959820,324762,962.66042000,64802581.22169080,0,2024-10-24T04:00:00.000Z,2024-10-24T07:59:59.999Z
1729756800000,67123.09000000,67322.26000000,66700.00000000,67285.99000000,3627.57529000,1729771199999,243059541.65412440,515741,1336.54637000,89583962.84132070,0,2024-10-24T08:00:00.000Z,2024-10-24T11:59:59.999Z
1729771200000,67286.00000000,67998.00000000,67262.00000000,67701.22000000,5556.69154000,1729785599999,376146821.06270620,1131741,3017.54384000,204266713.39783170,0,2024-10-24T12:00:00.000Z,2024-10-24T15:59:59.999Z
1729785600000,67701.21000000,68323.00000000,67350.01000000,68309.79000000,4018.19794000,1729799999999,272689822.31128620,644751,2434.10898000,165207886.78795000,0,2024-10-24T16:00:00.000Z,2024-10-24T19:59:59.999Z
1729800000000,68309.79000000,68850.00000000,67978.04000000,68198.28000000,3149.99486000,1729814399999,215287577.58872420,527014,1652.90742000,112973833.62072670,0,2024-10-24T20:00:00.000Z,2024-10-24T23:59:59.999Z
1729814400000,68198.27000000,68286.56000000,67836.00000000,68008.00000000,2103.46788000,1729828799999,143093792.52415760,393523,874.16614000,59468194.73569050,0,2024-10-25T00:00:00.000Z,2024-10-25T03:59:59.999Z
1729828800000,68007.99000000,68045.36000000,67250.00000000,67531.97000000,3239.24812000,1729843199999,219132073.42312310,386018,1388.54153000,93923104.83270920,0,2024-10-25T04:00:00.000Z,2024-10-25T07:59:59.999Z
1729843200000,67531.96000000,68183.78000000,67286.28000000,68105.79000000,3432.59534000,1729857599999,232579511.32180860,487632,1885.90880000,127827394.12581690,0,2024-10-25T08:00:00.000Z,2024-10-25T11:59:59.999Z
1729857600000,68105.79000000,68771.49000000,67429.87000000,67690.01000000,6063.80083000,1729871999999,413691352.89973550,1191808,2859.00279000,195101120.86794070,0,2024-10-25T12:00:00.000Z,2024-10-25T15:59:59.999Z
1729872000000,67690.01000000,67890.52000000,66006.60000000,66850.00000000,12819.56162000,1729886399999,859303279.65679850,1786435,5855.61270000,392645363.49192060,0,2024-10-25T16:00:00.000Z,2024-10-25T19:59:59.999Z
1729886400000,66849.99000000,67392.52000000,65596.29000000,66698.33000000,6821.03746000,1729900799999,452867425.46763060,1087177,3167.80004000,210382281.10088570,0,2024-10-25T20:00:00.000Z,2024-10-25T23:59:59.999Z
1729900800000,66698.32000000,67050.20000000,66439.90000000,66914.00000000,3685.00548000,1729915199999,245994004.88223410,779923,1895.83205000,126569401.58562890,0,2024-10-26T00:00:00.000Z,2024-10-26T03:59:59.999Z
1729915200000,66914.00000000,67240.02000000,66784.26000000,67007.99000000,1628.86516000,1729929599999,109238619.68819900,310756,744.63348000,49945295.56667130,0,2024-10-26T04:00:00.000Z,2024-10-26T07:59:59.999Z
1729929600000,67007.99000000,67264.34000000,66953.02000000,67138.00000000,1491.87488000,1729943999999,100102113.34338810,279814,766.77633000,51452442.92213540,0,2024-10-26T08:00:00.000Z,2024-10-26T11:59:59.999Z
1729944000000,67138.00000000,67180.00000000,66744.00000000,66886.49000000,2610.78256000,1729958399999,174735088.33327160,490382,1317.55916000,88185505.72146460,0,2024-10-26T12:00:00.000Z,2024-10-26T15:59:59.999Z
1729958400000,66886.49000000,67181.82000000,66788.00000000,67177.99000000,1318.30448000,1729972799999,88334728.14764920,289170,772.20154000,51742828.19024070,0,2024-10-26T16:00:00.000Z,2024-10-26T19:59:59.999Z
1729972800000,67178.00000000,67454.55000000,67084.00000000,67092.76000000,1108.07514000,1729987199999,74482492.75315000,223456,572.18730000,38474306.16715350,0,2024-10-26T20:00:00.000Z,2024-10-26T23:59:59.999Z
1729987200000,67092.76000000,67325.46000000,66913.73000000,67289.57000000,986.04169000,1730001599999,66148443.69061620,226895,567.27447000,38068741.35079570,0,2024-10-27T00:00:00.000Z,2024-10-27T03:59:59.999Z
1730001600000,67289.57000000,67317.78000000,67120.00000000,67204.01000000,668.95382000,1730015999999,44949571.19031050,131495,318.90315000,21427664.39927790,0,2024-10-27T04:00:00.000Z,2024-10-27T07:59:59.999Z
1730016000000,67204.00000000,67266.49000000,67036.85000000,67128.04000000,1089.42823000,1730030399999,73153888.84000170,185315,473.37998000,31788400.78021700,0,2024-10-27T08:00:00.000Z,2024-10-27T11:59:59.999Z
1730030400000,67128.03000000,67858.00000000,67121.45000000,67791.99000000,2061.49126000,1730044799999,139348846.76353790,446071,1097.45748000,74166943.84125740,0,2024-10-27T12:00:00.000Z,2024-10-27T15:59:59.999Z
1730044800000,67792.00000000,68000.00000000,67540.88000000,67850.00000000,1636.67932000,1730059199999,110906165.07455460,363642,809.01081000,54833623.51580930,0,2024-10-27T16:00:00.000Z,2024-10-27T19:59:59.999Z
1730059200000,67850.00000000,68332.05000000,67688.09000000,68021.70000000,2210.60160000,1730073599999,150499232.91146000,418571,1151.71031000,78414293.11108200,0,2024-10-27T20:00:00.000Z,2024-10-27T23:59:59.999Z
1730073600000,68021.69000000,68116.78000000,67677.77000000,67727.59000000,1748.50819000,1730087999999,118662694.60418500,430530,812.07565000,55115561.86690300,0,2024-10-28T00:00:00.000Z,2024-10-28T03:59:59.999Z
1730088000000,67727.59000000,68680.00000000,67618.00000000,68415.52000000,3228.44557000,1730102399999,220102246.92791510,504343,1411.44400000,96262299.21172230,0,2024-10-28T04:00:00.000Z,2024-10-28T07:59:59.999Z
1730102400000,68415.52000000,68833.57000000,68238.81000000,68753.78000000,2668.85534000,1730116799999,182960939.46161360,428476,1332.08123000,91314200.26545030,0,2024-10-28T08:00:00.000Z,2024-10-28T11:59:59.999Z
1730116800000,68753.78000000,69280.00000000,68426.67000000,68494.20000000,7619.52629000,1730131199999,524938104.23551130,1320948,3825.84503000,263673239.41915850,0,2024-10-28T12:00:00.000Z,2024-10-28T15:59:59.999Z
1730131200000,68494.20000000,69900.00000000,68452.54000000,69629.98000000,7959.90622000,1730145599999,551612136.11215380,1090710,4390.13035000,304277150.33039990,0,2024-10-28T16:00:00.000Z,2024-10-28T19:59:59.999Z
1730145600000,69629.99000000,70270.00000000,69427.79000000,69962.21000000,5821.51298000,1730159999999,406829608.47606610,657439,3446.77350000,240963645.33619190,0,2024-10-28T20:00:00.000Z,2024-10-28T23:59:59.999Z
1730160000000,69962.21000000,71587.88000000,69760.00000000,70938.14000000,9260.69533000,1730174399999,656514034.49849170,1093283,5512.88826000,390775131.72061600,0,2024-10-29T00:00:00.000Z,2024-10-29T03:59:59.999Z
1730174400000,70938.15000000,71370.00000000,70837.83000000,71017.97000000,5390.71759000,1730188799999,383071666.24483830,533829,2703.35738000,192130171.31874060,0,2024-10-29T04:00:00.000Z,2024-10-29T07:59:59.999Z
1730188800000,71017.96000000,71578.95000000,70974.00000000,71452.01000000,4333.82377000,1730203199999,308848462.01430100,397750,2237.17405000,159457685.70841450,0,2024-10-29T08:00:00.000Z,2024-10-29T11:59:59.999Z
1730203200000,71452.02000000,72429.99000000,70929.00000000,72402.01000000,11510.00980000,1730217599999,825856591.46200340,1334201,6408.69960000,459968843.76993870,0,2024-10-29T12:00:00.000Z,2024-10-29T15:59:59.999Z
1730217600000,72402.00000000,73620.12000000,72350.70000000,72536.16000000,14375.99601000,1730231999999,1047469935.33827990,1514551,7574.38202000,551971093.62791580,0,2024-10-29T16:00:00.000Z,2024-10-29T19:59:59.999Z
1730232000000,72536.38000000,72978.90000000,71864.65000000,72736.42000000,5257.36344000,1730246399999,380705297.33384310,771816,2461.96385000,178305858.01741170,0,2024-10-29T20:00:00.000Z,2024-10-29T23:59:59.999Z
1730246400000,72736.41000000,72785.72000000,72000.01000000,72234.00000000,3553.75950000,1730260799999,257098448.54725090,474516,1664.14089000,120407704.55999910,0,2024-10-30T00:00:00.000Z,2024-10-30T03:59:59.999Z
1730260800000,72234.00000000,72610.00000000,72100.00000000,72227.99000000,3065.87039000,1730275199999,221882979.16009710,287796,1320.86929000,95607370.64970580,0,2024-10-30T04:00:00.000Z,2024-10-30T07:59:59.999Z
1730275200000,72227.99000000,72604.97000000,71926.82000000,71983.99000000,3249.22754000,1730289599999,235084861.61111630,496451,1669.98257000,120862302.50336240,0,2024-10-30T08:00:00.000Z,2024-10-30T11:59:59.999Z
1730289600000,71984.00000000,72470.00000000,71436.00000000,72061.34000000,7786.81964000,1730303999999,560448305.17769430,1451993,4033.86878000,290399616.47359440,0,2024-10-30T12:00:00.000Z,2024-10-30T15:59:59.999Z
1730304000000,72061.34000000,72197.50000000,71641.77000000,71822.01000000,3301.81939000,1730318399999,237563793.18909060,663164,1633.50190000,117528180.08902970,0,2024-10-30T16:00:00.000Z,2024-10-30T19:59:59.999Z
1730318400000,71822.01000000,72961.00000000,71644.19000000,72344.74000000,5928.49410000,1730332799999,429132149.60303760,666814,3164.85090000,229093009.47103640,0,2024-10-30T20:00:00.000Z,2024-10-30T23:59:59.999Z
1730332800000,72344.75000000,72599.99000000,72030.08000000,72353.74000000,2955.82677000,1730347199999,213739294.28244070,439519,1445.54136000,104516937.35573280,0,2024-10-31T00:00:00.000Z,2024-10-31T03:59:59.999Z
1730347200000,72353.75000000,72478.00000000,72150.00000000,72417.19000000,2300.55532000,1730361599999,166333128.46905470,270826,1129.48299000,81665259.45276150,0,2024-10-31T04:00:00.000Z,2024-10-31T07:59:59.999Z
1730361600000,72417.19000000,72700.00000000,72149.79000000,72226.00000000,3129.22143000,1730375999999,226477276.36608980,414405,1534.20367000,111024641.70513740,0,2024-10-31T08:00:00.000Z,2024-10-31T11:59:59.999Z
1730376000000,72226.00000000,72276.00000000,70431.77000000,70620.00000000,10391.35314000,1730390399999,740317329.61289010,1608260,4860.02695000,346226232.55875910,0,2024-10-31T12:00:00.000Z,2024-10-31T15:59:59.999Z
1730390400000,70620.01000000,70949.51000000,70036.00000000,70092.07000000,5987.52232000,1730404799999,422148475.58812390,1114454,3051.50967000,215196050.98335720,0,2024-10-31T16:00:00.000Z,2024-10-31T19:59:59.999Z
1730404800000,70092.07000000,70654.76000000,69685.76000000,70292.01000000,4587.62399000,1730419199999,322129473.17608550,678078,2184.37415000,153419119.79414580,0,2024-10-31T20:00:00.000Z,2024-10-31T23:59:59.999Z
1730419200000,70292.01000000,70470.00000000,68830.00000000,69369.99000000,6736.08255000,1730433599999,468627725.69756320,897243,2932.13818000,204120968.59976570,0,2024-11-01T00:00:00.000Z,2024-11-01T03:59:59.999Z
1730433600000,69369.99000000,69699.14000000,69080.00000000,69273.70000000,3840.13342000,1730447999999,266506698.74845590,490410,1739.04809000,120693689.19591470,0,2024-11-01T04:00:00.000Z,2024-11-01T07:59:59.999Z
1730448000000,69273.70000000,70228.00000000,69237.26000000,70002.01000000,4258.62726000,1730462399999,297280642.76701290,491200,2367.54405000,165248057.96179790,0,2024-11-01T08:00:00.000Z,2024-11-01T11:59:59.999Z
1730462400000,70002.01000000,71632.95000000,69044.00000000,69387.77000000,12583.25292000,1730476799999,887892274.18559290,1387197,5787.92728000,408606313.66581720,0,2024-11-01T12:00:00.000Z,2024-11-01T15:59:59.999Z
1730476800000,69387.78000000,70515.16000000,68820.14000000,69268.00000000,8722.26319000,1730491199999,607307707.13076150,1056484,4193.24184000,292027071.37867840,0,2024-11-01T16:00:00.000Z,2024-11-01T19:59:59.999Z
1730491200000,69268.00000000,69627.00000000,68854.50000000,69496.01000000,2161.50821000,1730505599999,149742973.47558360,246737,1024.26276000,70967885.95771650,0,2024-11-01T20:00:00.000Z,2024-11-01T23:59:59.999Z
1730505600000,69496.00000000,69914.37000000,69479.91000000,69599.99000000,1888.97948000,1730519999999,131593250.68864260,243436,993.17873000,69200813.61226450,0,2024-11-02T00:00:00.000Z,2024-11-02T03:59:59.999Z
1730520000000,69599.99000000,69823.94000000,69446.00000000,69813.91000000,1298.14761000,1730534399999,90409396.63002320,205233,637.29919000,44388338.14867290,0,2024-11-02T04:00:00.000Z,2024-11-02T07:59:59.999Z
1730534400000,69813.91000000,69838.62000000,69417.88000000,69608.00000000,1279.60030000,1730548799999,89069835.90626540,217628,554.99684000,38632227.42669230,0,2024-11-02T08:00:00.000Z,2024-11-02T11:59:59.999Z
1730548800000,69608.00000000,69711.59000000,69000.14000000,69393.17000000,3365.13104000,1730563199999,233439805.99064210,513673,1682.64105000,116759628.90645540,0,2024-11-02T12:00:00.000Z,2024-11-02T15:59:59.999Z
1730563200000,69393.18000000,69616.00000000,69215.00000000,69510.00000000,1553.51785000,1730577599999,107889842.21689910,248328,873.16862000,60652603.53960300,0,2024-11-02T16:00:00.000Z,2024-11-02T19:59:59.999Z
1730577600000,69510.00000000,69571.99000000,69149.00000000,69374.74000000,1136.29615000,1730591999999,78830296.19868240,175263,486.22270000,33737123.18211300,0,2024-11-02T20:00:00.000Z,2024-11-02T23:59:59.999Z
1730592000000,69374.74000000,69391.00000000,67864.16000000,68379.89000000,5846.40920000,1730606399999,400733973.48682840,820156,2380.49281000,163153940.09799130,0,2024-11-03T00:00:00.000Z,2024-11-03T03:59:59.999Z
1730606400000,68379.90000000,68771.58000000,68303.99000000,68397.42000000,1961.64190000,1730620799999,134450118.61560950,312564,1007.33991000,69044381.15186050,0,2024-11-03T04:00:00.000Z,2024-11-03T07:59:59.999Z
1730620800000,68397.42000000,68603.58000000,68200.01000000,68358.86000000,2460.80349000,1730635199999,168362434.40601360,372068,1358.08171000,92928418.85901080,0,2024-11-03T08:00:00.000Z,2024-11-03T11:59:59.999Z
1730635200000,68358.86000000,68560.00000000,67478.73000000,68090.90000000,6042.77974000,1730649599999,410675251.85612170,952566,2775.24415000,188603418.42679990,0,2024-11-03T12:00:00.000Z,2024-11-03T15:59:59.999Z
1730649600000,68090.91000000,68693.81000000,67667.21000000,68679.00000000,4811.23179000,1730663999999,328462402.47417460,740406,2621.76883000,179021197.74960380,0,2024-11-03T16:00:00.000Z,2024-11-03T19:59:59.999Z
1730664000000,68679.00000000,69358.00000000,68492.82000000,68775.99000000,3872.83631000,1730678399999,266982025.56745450,470269,2134.65436000,147187716.85369140,0,2024-11-03T20:00:00.000Z,2024-11-03T23:59:59.999Z
1730678400000,68775.99000000,69500.00000000,68240.61000000,69047.86000000,3531.81884000,1730692799999,243434050.08451600,842654,1829.68576000,126146837.60739040,0,2024-11-04T00:00:00.000Z,2024-11-04T03:59:59.999Z
1730692800000,69047.86000000,69401.55000000,68618.00000000,68618.00000000,2753.25815000,1730707199999,189946641.99456840,517564,1473.77422000,101709282.67150200,0,2024-11-04T04:00:00.000Z,2024-11-04T07:59:59.999Z
1730707200000,68618.00000000,69036.00000000,68470.00000000,68792.71000000,3061.68173000,1730721599999,210448280.19837650,718746,1460.64344000,100413508.78951280,0,2024-11-04T08:00:00.000Z,2024-11-04T11:59:59.999Z
1730721600000,68792.72000000,69264.52000000,68202.99000000,68646.01000000,6502.89800000,1730735999999,446289398.35346140,1158809,3330.84708000,228634627.48399820,0,2024-11-04T12:00:00.000Z,2024-11-04T15:59:59.999Z
1730736000000,68646.01000000,68814.32000000,67251.50000000,67856.00000000,7022.60435000,1730750399999,476531094.17767180,1148879,3517.41431000,238713629.43029000,0,2024-11-04T16:00:00.000Z,2024-11-04T19:59:59.999Z
1730750400000,67856.01000000,68106.07000000,66835.00000000,67850.01000000,6928.13080000,1730764799999,467252842.19418200,990396,3314.87596000,223639661.54199150,0,2024-11-04T20:00:00.000Z,2024-11-04T23:59:59.999Z
1730764800000,67850.01000000,68255.00000000,67476.63000000,68243.00000000,3631.30352000,1730779199999,246726660.36462090,695458,1911.85553000,129919747.95142110,0,2024-11-05T00:00:00.000Z,2024-11-05T03:59:59.999Z
1730779200000,68243.01000000,68976.00000000,68218.51000000,68893.99000000,3527.68448000,1730793599999,242018888.77240150,541068,1881.34431000,129103595.34030590,0,2024-11-05T04:00:00.000Z,2024-11-05T07:59:59.999Z
1730793600000,68894.00000000,69100.00000000,68615.11000000,68810.03000000,3105.13722000,1730807999999,213835688.20814220,513293,1460.08695000,100546701.97753990,0,2024-11-05T08:00:00.000Z,2024-11-05T11:59:59.999Z
1730808000000,68810.03000000,70325.06000000,68666.00000000,69639.99000000,9273.82987000,1730822399999,645035446.29421790,1437361,4930.80074000,342998706.13276850,0,2024-11-05T12:00:00.000Z,2024-11-05T15:59:59.999Z
1730822400000,69640.00000000,70577.91000000,68732.77000000,68995.99000000,8251.89006000,1730836799999,576668458.63969320,1187641,3982.28619000,278426359.09650910,0,2024-11-05T16:00:00.000Z,2024-11-05T19:59:59.999Z
1730836800000,68995.99000000,69898.02000000,68786.91000000,69372.01000000,5565.22373000,1730851199999,386133765.79084630,580823,2893.51291000,200821620.42523880,0,2024-11-05T20:00:00.000Z,2024-11-05T23:59:59.999Z
1730851200000,69372.01000000,75000.00000000,69298.00000000,74348.53000000,29431.19693700,1730865599999,2141184100.25931165,2076102,16121.16433700,1173740395.27308365,0,2024-11-06T00:00:00.000Z,2024-11-06T03:59:59.999Z
1730865600000,74348.53000000,75407.10000000,72727.00000000,73370.89000000,26064.89802100,1730879999999,1939597797.04461391,1552275,12870.02618100,958337520.03677571,0,2024-11-06T04:00:00.000Z,2024-11-06T07:59:59.999Z
1730880000000,73370.89000000,74475.47000000,72656.31000000,74272.01000000,13990.39249000,1730894399999,1028906561.59613430,1460564,7052.85621000,518702339.93063760,0,2024-11-06T08:00:00.000Z,2024-11-06T11:59:59.999Z
1730894400000,74272.00000000,74757.58000000,73488.00000000,74298.00000000,13980.04537000,1730908799999,1036562582.66639760,1941247,6699.70434000,496839571.20824110,0,2024-11-06T12:00:00.000Z,2024-11-06T15:59:59.999Z
1730908800000,74297.99000000,75850.00000000,74150.00000000,75823.55000000,11500.39107200,1730923199999,861338127.68182290,753813,6063.34425200,454364655.43284600,0,2024-11-06T16:00:00.000Z,2024-11-06T19:59:59.999Z
1730923200000,75823.55000000,76400.00000000,75507.10000000,75571.99000000,9160.07089700,1730937599999,694694101.00972850,650183,4436.78910700,336532175.35114910,0,2024-11-06T20:00:00.000Z,2024-11-06T23:59:59.999Z
1730937600000,75571.99000000,76022.79000000,75003.83000000,75048.01000000,7170.25219000,1730951999999,540301392.29046040,1074116,3479.01391000,262172969.50181280,0,2024-11-07T00:00:00.000Z,2024-11-07T03:59:59.999Z
1730952000000,75048.01000000,75048.01000000,74416.00000000,74757.58000000,5435.11503000,1730966399999,406382783.99869870,597266,2682.18882000,200550464.80560070,0,2024-11-07T04:00:00.000Z,2024-11-07T07:59:59.999Z
1730966400000,74757.58000000,75150.11000000,74649.54000000,74746.00000000,3766.42463000,1730980799999,282233130.45531620,594821,1819.07219000,136321254.56767050,0,2024-11-07T08:00:00.000Z,2024-11-07T11:59:59.999Z
1730980800000,74745.99000000,76059.69000000,74512.19000000,76059.69000000,7599.95000000,1730995199999,570931129.78400800,1017199,3882.21030000,291737287.35697960,0,2024-11-07T12:00:00.000Z,2024-11-07T15:59:59.999Z
1730995200000,76059.68000000,76718.99000000,75555.17000000,76530.39000000,13850.28342500,1731009599999,1054822085.93599790,1218144,6624.37385500,504483759.58124880,0,2024-11-07T16:00:00.000Z,2024-11-07T19:59:59.999Z
1731009600000,76530.40000000,76849.99000000,75494.00000000,75857.89000000,7047.39707000,1731023999999,537126139.50747400,706176,3318.60122000,253012599.48742080,0,2024-11-07T20:00:00.000Z,2024-11-07T23:59:59.999Z
1731024000000,75857.89000000,76358.00000000,75555.00000000,75890.79000000,4416.57747000,1731038399999,335472069.92058650,624453,1989.34061000,151153814.28830530,0,2024-11-08T00:00:00.000Z,2024-11-08T03:59:59.999Z
1731038400000,75890.79000000,76220.00000000,75686.00000000,76148.49000000,5001.36124000,1731052799999,380139080.73703830,438469,2516.41998000,191285449.82333070,0,2024-11-08T04:00:00.000Z,2024-11-08T07:59:59.999Z
1731052800000,76148.49000000,76320.00000000,75760.00000000,75934.46000000,3321.24860000,1731067199999,252353050.12111610,537121,1490.46677000,113260446.22439420,0,2024-11-08T08:00:00.000Z,2024-11-08T11:59:59.999Z
1731067200000,75934.47000000,76584.60000000,75630.76000000,76427.72000000,9261.36209000,1731081599999,704771991.36216500,1323357,4368.40429000,332539877.75533280,0,2024-11-08T12:00:00.000Z,2024-11-08T15:59:59.999Z
1731081600000,76427.72000000,77199.99000000,75822.07000000,76912.58000000,9446.86370300,1731095999999,723102644.17242118,1407145,4893.73257300,374859437.19166698,0,2024-11-08T16:00:00.000Z,2024-11-08T19:59:59.999Z
1731096000000,76912.58000000,77097.00000000,76300.23000000,76509.78000000,5073.68648000,1731110399999,388610261.21819120,546944,2297.02941000,175920306.91368260,0,2024-11-08T20:00:00.000Z,2024-11-08T23:59:59.999Z
1731110400000,76509.78000000,76639.84000000,76136.00000000,76341.47000000,2498.29713000,1731124799999,190809793.75517610,432108,990.86395000,75678301.15013900,0,2024-11-09T00:00:00.000Z,2024-11-09T03:59:59.999Z
1731124800000,76341.47000000,76795.69000000,76294.00000000,76529.08000000,2824.88315000,1731139199999,216124636.90837090,409117,1404.58864000,107461075.41654300,0,2024-11-09T04:00:00.000Z,2024-11-09T07:59:59.999Z
1731139200000,76529.07000000,76735.59000000,76358.91000000,76487.11000000,1956.64753000,1731153599999,149744288.47201850,264764,926.97120000,70946272.94930700,0,2024-11-09T08:00:00.000Z,2024-11-09T11:59:59.999Z
1731153600000,76487.11000000,76541.53000000,76272.72000000,76319.90000000,2576.33768000,1731167999999,196725409.94525780,329282,1239.41843000,94655441.21602760,0,2024-11-09T12:00:00.000Z,2024-11-09T15:59:59.999Z
1731168000000,76319.91000000,76700.00000000,75714.66000000,76204.92000000,3958.68374000,1731182399999,301782406.12929770,621569,1736.46396000,132399257.02517930,0,2024-11-09T16:00:00.000Z,2024-11-09T19:59:59.999Z
1731182400000,76204.91000000,76900.00000000,76179.00000000,76677.46000000,3127.22992000,1731196799999,239522466.39276890,528424,1734.48709000,132888167.54297470,0,2024-11-09T20:00:00.000Z,2024-11-09T23:59:59.999Z
1731196800000,76677.46000000,77498.00000000,76492.00000000,77205.96000000,6237.46496500,1731211199999,480479286.80589301,960127,3472.61604500,267511835.20645971,0,2024-11-10T00:00:00.000Z,2024-11-10T03:59:59.999Z
1731211200000,77205.97000000,79788.96000000,77138.00000000,78832.37000000,15561.72550200,1731225599999,1227141467.61727949,1439033,8785.56555800,692364232.83055657,0,2024-11-10T04:00:00.000Z,2024-11-10T07:59:59.999Z
1731225600000,78832.36000000,80040.00000000,78832.36000000,79844.01000000,7359.55607200,1731239999999,585466322.40639862,778547,4091.12221800,325618635.62481482,0,2024-11-10T08:00:00.000Z,2024-11-10T11:59:59.999Z
1731240000000,79844.00000000,80080.00000000,79200.00000000,79694.03000000,9016.63483000,1731254399999,717480557.41921980,1274985,4270.42555000,339888073.75813940,0,2024-11-10T12:00:00.000Z,2024-11-10T15:59:59.999Z
1731254400000,79694.03000000,81069.99000000,79324.59000000,79748.99000000,11314.76736100,1731268799999,908455632.15916137,1190343,5729.08441100,460018566.17879987,0,2024-11-10T16:00:00.000Z,2024-11-10T19:59:59.999Z
1731268800000,79748.99000000,81500.00000000,78473.13000000,80370.01000000,12339.95170500,1731283199999,986418207.49278455,1485563,6402.19839500,512008055.63619275,0,2024-11-10T20:00:00.000Z,2024-11-10T23:59:59.999Z
1731283200000,80370.01000000,81846.71000000,80216.01000000,81612.23000000,7866.79820200,1731297599999,637842560.26479117,1142899,4170.45641200,338220910.03434527,0,2024-11-11T00:00:00.000Z,2024-11-11T03:59:59.999Z
1731297600000,81612.23000000,81727.47000000,80432.00000000,81109.10000000,6018.85178000,1731311999999,487783961.47376140,974135,2853.25040000,231229782.35923360,0,2024-11-11T04:00:00.000Z,2024-11-11T07:59:59.999Z
1731312000000,81109.11000000,82380.94000000,81023.29000000,82134.00000000,8046.62546100,1731326399999,657717920.35864070,1126944,4297.97404100,351384265.88756390,0,2024-11-11T08:00:00.000Z,2024-11-11T11:59:59.999Z
1731326400000,82133.99000000,84263.51000000,81460.19000000,84059.54000000,17558.06217600,1731340799999,1451685096.42320400,2415264,9328.54248600,771708732.09303640,0,2024-11-11T12:00:00.000Z,2024-11-11T15:59:59.999Z
1731340800000,84059.53000000,86650.00000000,83831.84000000,86102.21000000,19271.65533400,1731355199999,1639799036.85358058,2095083,10148.94864100,863596696.72114802,0,2024-11-11T16:00:00.000Z,2024-11-11T19:59:59.999Z
1731355200000,86102.21000000,89530.54000000,86052.00000000,88647.99000000,23561.67282300,1731369599999,2069440134.56874349,1594565,12038.12333400,1057755780.27658505,0,2024-11-11T20:00:00.000Z,2024-11-11T23:59:59.999Z
1731369600000,88648.00000000,89470.00000000,86561.35000000,88047.46000000,19452.23586000,1731383999999,1714826020.54950680,1918284,9838.62212000,867390694.12435140,0,2024-11-12T00:00:00.000Z,2024-11-12T03:59:59.999Z
1731384000000,88047.45000000,89940.00000000,87700.00000000,88983.35000000,13408.12221100,1731398399999,1192216477.95506220,1543287,7122.85499100,633518360.79848610,0,2024-11-12T04:00:00.000Z,2024-11-12T07:59:59.999Z
1731398400000,88983.35000000,89372.00000000,85229.00000000,87155.55000000,21526.29235000,1731412799999,1883106820.04926790,2674015,10583.83631000,925922666.80510100,0,2024-11-12T08:00:00.000Z,2024-11-12T11:59:59.999Z
1731412800000,87155.55000000,87860.00000000,85072.00000000,86632.00000000,19109.59223000,1731427199999,1651548946.59988710,2685475,9754.72401000,843264444.71201550,0,2024-11-12T12:00:00.000Z,2024-11-12T15:59:59.999Z
1731427200000,86632.00000000,89764.38000000,85730.35000000,88704.28000000,14486.43433000,1731441599999,1272298651.04670610,1720693,7575.18822000,665349347.16807260,0,2024-11-12T16:00:00.000Z,2024-11-12T19:59:59.999Z
1731441600000,88704.28000000,89876.94000000,87379.59000000,87952.01000000,9317.21093000,1731455999999,826087650.07938850,957304,4714.10780000,418006169.22137740,0,2024-11-12T20:00:00.000Z,2024-11-12T23:59:59.999Z
1731456000000,87952.00000000,88562.94000000,87004.00000000,87136.00000000,10008.61890000,1731470399999,879243238.17739130,1930665,4807.18994000,422303983.32055580,0,2024-11-13T00:00:00.000Z,2024-11-13T03:59:59.999Z
1731470400000,87136.00000000,87692.69000000,86127.99000000,87356.00000000,9544.53162000,1731484799999,829773895.66520990,2003717,4531.09479000,393966449.40217810,0,2024-11-13T04:00:00.000Z,2024-11-13T07:59:59.999Z
1731484800000,87356.01000000,88083.00000000,87082.42000000,87669.39000000,6000.39557000,1731499199999,524896898.72037870,988247,3076.01292000,269089085.97985890,0,2024-11-13T08:00:00.000Z,2024-11-13T11:59:59.999Z
1731499200000,87669.40000000,92690.00000000,87502.49000000,92540.01000000,25126.84948300,1731513599999,2269390794.12917176,2624447,13988.83606300,1263257060.47734236,0,2024-11-13T12:00:00.000Z,2024-11-13T15:59:59.999Z
1731513600000,92540.00000000,93265.64000000,89969.87000000,90193.51000000,22766.28395400,1731527999999,2093769149.52853702,2763369,11170.75275400,1027984066.77626462,0,2024-11-13T16:00:00.000Z,2024-11-13T19:59:59.999Z
1731528000000,90193.50000000,91184.02000000,87970.98000000,90375.20000000,13317.17460000,1731542399999,1193854985.82234950,1651655,6768.44286000,607089171.44524460,0,2024-11-13T20:00:00.000Z,2024-11-13T23:59:59.999Z
1731542400000,90375.21000000,90566.00000000,89458.13000000,89937.02000000,7354.10555000,1731556799999,661828797.21774650,1248257,3932.96641000,353950300.52973470,0,2024-11-14T00:00:00.000Z,2024-11-14T03:59:59.999Z
1731556800000,89937.03000000,90850.00000000,89104.54000000,90769.42000000,6197.35157000,1731571199999,557086781.44375850,930514,3162.12247000,284387706.76216270,0,2024-11-14T04:00:00.000Z,2024-11-14T07:59:59.999Z
1731571200000,90769.42000000,91657.77000000,90329.80000000,91491.86000000,8132.00542000,1731585599999,739789935.55174960,1868100,3956.67484000,359978669.15215360,0,2024-11-14T08:00:00.000Z,2024-11-14T11:59:59.999Z
1731585600000,91491.85000000,91790.00000000,87829.57000000,87947.99000000,15118.04370000,1731599999999,1357191173.66172600,2870852,6748.67128000,606147235.33762900,0,2024-11-14T12:00:00.000Z,2024-11-14T15:59:59.999Z
1731600000000,87947.99000000,89775.24000000,87526.74000000,89463.99000000,8531.95926000,1731614399999,757772931.18645470,1537895,4443.65733000,394629451.94100020,0,2024-11-14T16:00:00.000Z,2024-11-14T19:59:59.999Z
1731614400000,89463.99000000,89464.00000000,86668.21000000,87325.59000000,11396.04536000,1731628799999,1000191196.86722950,1373240,5696.76367000,500119392.05046690,0,2024-11-14T20:00:00.000Z,2024-11-14T23:59:59.999Z
1731628800000,87325.59000000,88473.70000000,87252.00000000,88218.21000000,6032.52190000,1731643199999,531105051.64031540,1107116,3259.33745000,286965379.30732340,0,2024-11-15T00:00:00.000Z,2024-11-15T03:59:59.999Z
1731643200000,88218.22000000,88391.99000000,87073.38000000,87612.00000000,6883.97605000,1731657599999,604248694.77793590,853344,3249.20084000,285225194.20627170,0,2024-11-15T04:00:00.000Z,2024-11-15T07:59:59.999Z
1731657600000,87612.01000000,89771.99000000,87368.00000000,89741.25000000,6640.45850000,1731671999999,590125279.29927270,1203157,3734.38106000,331897161.09740920,0,2024-11-15T08:00:00.000Z,2024-11-15T11:59:59.999Z
1731672000000,89741.24000000,90709.74000000,87754.45000000,88445.41000000,11903.82559000,1731686399999,1062448061.14931750,2339082,6045.55171000,539724379.39913940,0,2024-11-15T12:00:00.000Z,2024-11-15T15:59:59.999Z
1731686400000,88445.40000000,90844.90000000,88386.99000000,90377.89000000,8672.84127000,1731700799999,777598334.35935530,1457682,4524.67101000,405740762.07196390,0,2024-11-15T16:00:00.000Z,2024-11-15T19:59:59.999Z
1731700800000,90377.89000000,91850.00000000,90324.85000000,91032.07000000,7794.32737000,1731715199999,710713549.95523260,1048730,3987.46880000,363601360.42750780,0,2024-11-15T20:00:00.000Z,2024-11-15T23:59:59.999Z
1731715200000,91032.08000000,91709.06000000,90850.00000000,91252.03000000,4249.95392000,1731729599999,387827346.41747860,937426,2219.44210000,202534964.60764630,0,2024-11-16T00:00:00.000Z,2024-11-16T03:59:59.999Z
1731729600000,91252.04000000,91779.66000000,91064.24000000,91117.53000000,3028.27512000,1731743999999,276476970.94879460,665299,1519.95600000,138790038.24764960,0,2024-11-16T04:00:00.000Z,2024-11-16T07:59:59.999Z
1731744000000,91117.52000000,91598.13000000,90993.15000000,91169.69000000,3972.70297000,1731758399999,362730629.45611350,601084,2093.65694000,191187729.61338440,0,2024-11-16T08:00:00.000Z,2024-11-16T11:59:59.999Z
1731758400000,91169.69000000,91320.00000000,90056.17000000,90521.20000000,5422.19653000,1731772799999,491951386.34498710,921648,2588.49995000,234932749.11203030,0,2024-11-16T12:00:00.000Z,2024-11-16T15:59:59.999Z
1731772800000,90521.20000000,91396.03000000,90186.64000000,91100.24000000,3466.38119000,1731787199999,315016179.83906720,619377,1879.53542000,170795796.00321230,0,2024-11-16T16:00:00.000Z,2024-11-16T19:59:59.999Z
1731787200000,91100.23000000,91181.82000000,90300.00000000,90586.92000000,2578.36716000,1731801599999,233955998.89840630,494621,1195.22325000,108445423.41902320,0,2024-11-16T20:00:00.000Z,2024-11-16T23:59:59.999Z
1731801600000,90587.98000000,90888.00000000,89364.00000000,90247.86000000,4950.72397000,1731815999999,445791389.93337770,1102438,2197.60121000,197882146.60774180,0,2024-11-17T00:00:00.000Z,2024-11-17T03:59:59.999Z
1731816000000,90247.86000000,90888.00000000,90158.56000000,90550.80000000,2974.11564000,1731830399999,269238911.91647200,715279,1477.68895000,133783957.77791200,0,2024-11-17T04:00:00.000Z,2024-11-17T07:59:59.999Z
1731830400000,90550.80000000,91449.99000000,90478.99000000,90684.19000000,3929.09518000,1731844799999,357240901.21077250,834566,2206.43748000,200638058.58972060,0,2024-11-17T08:00:00.000Z,2024-11-17T11:59:59.999Z
1731844800000,90684.19000000,91189.88000000,89925.91000000,90260.01000000,4166.81415000,1731859199999,377310548.30030700,793826,2123.04948000,192273867.90361770,0,2024-11-17T12:00:00.000Z,2024-11-17T15:59:59.999Z
1731859200000,90260.01000000,90640.18000000,89664.34000000,90044.00000000,3112.39163000,1731873599999,280678751.69253490,640632,1590.03698000,143426782.96007450,0,2024-11-17T16:00:00.000Z,2024-11-17T19:59:59.999Z
1731873600000,90044.00000000,90212.13000000,88722.00000000,89855.99000000,4734.41552000,1731887999999,423611221.75693070,843978,2257.96817000,202090006.83482720,0,2024-11-17T20:00:00.000Z,2024-11-17T23:59:59.999Z
1731888000000,89855.98000000,90935.44000000,89617.96000000,90668.58000000,3252.23252000,1731902399999,294006225.92738710,935040,1679.48223000,151816906.16818290,0,2024-11-18T00:00:00.000Z,2024-11-18T03:59:59.999Z
1731902400000,90668.58000000,92300.00000000,90438.85000000,91719.90000000,6378.66485000,1731916799999,583022639.35788340,878418,3282.35066000,300113703.27436660,0,2024-11-18T04:00:00.000Z,2024-11-18T07:59:59.999Z
1731916800000,91719.90000000,92211.99000000,90051.10000000,90275.13000000,6488.59666000,1731931199999,592981102.82227270,1093626,3068.95985000,280556925.76552730,0,2024-11-18T08:00:00.000Z,2024-11-18T11:59:59.999Z
1731931200000,90275.13000000,92594.00000000,89376.90000000,92309.51000000,12873.97296000,1731945599999,1168819820.09434410,1659544,6782.92104000,616270459.00946890,0,2024-11-18T12:00:00.000Z,2024-11-18T15:59:59.999Z
1731945600000,92309.51000000,92584.95000000,89667.66000000,90608.26000000,9954.79626000,1731959999999,907771472.13549870,1583450,4820.10026000,439743050.59552810,0,2024-11-18T16:00:00.000Z,2024-11-18T19:59:59.999Z
1731960000000,90608.26000000,91980.00000000,90224.02000000,90464.08000000,7596.77123000,1731974399999,693308690.32450800,1011047,3995.05694000,364657349.50323710,0,2024-11-18T20:00:00.000Z,2024-11-18T23:59:59.999Z
1731974400000,90464.07000000,91529.00000000,90357.00000000,91428.00000000,3575.26612000,1731988799999,325367851.72133840,539594,1950.12024000,177478226.09158100,0,2024-11-19T00:00:00.000Z,2024-11-19T03:59:59.999Z
1731988800000,91428.00000000,92000.00000000,91238.09000000,91620.01000000,3893.80469000,1732003199999,356980910.40218950,475596,1870.31672000,171479443.68151910,0,2024-11-19T04:00:00.000Z,2024-11-19T07:59:59.999Z
1732003200000,91620.00000000,91950.00000000,91200.00000000,91652.02000000,3730.94665000,1732017599999,341719751.81544650,620630,1968.61660000,180325539.28748260,0,2024-11-19T08:00:00.000Z,2024-11-19T11:59:59.999Z
1732017600000,91652.01000000,92788.00000000,90975.80000000,92391.99000000,13823.62822000,1732031999999,1271221190.13167380,1656944,7155.99454000,658390890.52887370,0,2024-11-19T12:00:00.000Z,2024-11-19T15:59:59.999Z
1732032000000,92391.99000000,93905.51000000,92147.12000000,93227.87000000,11450.77730000,1732046399999,1066438390.60443944,1381211,6034.18089400,561909390.56277624,0,2024-11-19T16:00:00.000Z,2024-11-19T19:59:59.999Z
1732046400000,93227.87000000,93571.08000000,91320.00000000,92310.79000000,7185.62384000,1732060799999,663380408.17452630,973814,3148.62373000,290718147.96394010,0,2024-11-19T20:00:00.000Z,2024-11-19T23:59:59.999Z
1732060800000,92310.80000000,92418.68000000,91500.00000000,92039.99000000,4096.22399000,1732075199999,376446775.88441700,604782,1847.05237000,169777060.40872510,0,2024-11-20T00:00:00.000Z,2024-11-20T03:59:59.999Z
1732075200000,92039.99000000,92851.09000000,91850.00000000,92850.38000000,3477.17855000,1732089599999,321443343.12715230,532041,1875.40987000,173397795.05761050,0,2024-11-20T04:00:00.000Z,2024-11-20T07:59:59.999Z
1732089600000,92850.38000000,93669.98000000,92720.00000000,93454.65000000,6216.74888000,1732103999999,579466521.21557670,800242,2964.37054000,276312833.33427480,0,2024-11-20T08:00:00.000Z,2024-11-20T11:59:59.999Z
1732104000000,93454.65000000,94807.62000000,93314.49000000,94739.97000000,12702.54443200,1732118399999,1197250046.04094588,2273436,6270.92646200,591066698.46908958,0,2024-11-20T12:00:00.000Z,2024-11-20T15:59:59.999Z
1732118400000,94739.98000000,94831.97000000,93138.00000000,94000.00000000,10761.10690000,1732132799999,1010066081.99836100,2263967,4971.26827000,466588725.63522510,0,2024-11-20T16:00:00.000Z,2024-11-20T19:59:59.999Z
1732132800000,94000.00000000,94599.98000000,93770.07000000,94286.56000000,4949.39596000,1732147199999,466259546.37961610,891519,2496.28045000,235205591.34233700,0,2024-11-20T20:00:00.000Z,2024-11-20T23:59:59.999Z
1732147200000,94286.56000000,95904.00000000,94040.00000000,95798.12000000,9339.05750500,1732161599999,886952479.43862829,963797,5129.74568500,487495220.68277179,0,2024-11-21T00:00:00.000Z,2024-11-21T03:59:59.999Z
1732161600000,95798.12000000,97852.00000000,95798.11000000,96912.01000000,13220.18381900,1732175999999,1282425690.82639131,1612292,6383.55980900,619077799.80688581,0,2024-11-21T04:00:00.000Z,2024-11-21T07:59:59.999Z
1732176000000,96912.01000000,98384.86000000,96723.96000000,97974.99000000,10048.90103000,1732190399999,981102458.30132912,1225229,6046.80405000,590457691.34036572,0,2024-11-21T08:00:00.000Z,2024-11-21T11:59:59.999Z
1732190400000,97975.00000000,98250.00000000,95600.00000000,96672.00000000,16850.11898000,1732204799999,1636253165.62886010,2570655,7399.89627000,718401544.94949310,0,2024-11-21T12:00:00.000Z,2024-11-21T15:59:59.999Z
1732204800000,96672.00000000,98988.00000000,96276.69000000,97829.83000000,13009.78113300,1732219199999,1272586720.11877460,1778009,7036.56940300,688600341.43183820,0,2024-11-21T16:00:00.000Z,2024-11-21T19:59:59.999Z
1732219200000,97829.84000000,98723.65000000,97533.18000000,98317.12000000,6760.31801000,1732233599999,663487394.01167210,898623,3427.48801000,336434692.10717250,0,2024-11-21T20:00:00.000Z,2024-11-21T23:59:59.999Z
1732233600000,98317.12000000,99299.99000000,97840.00000000,98836.50000000,7532.47490300,1732247999999,741925816.67236062,882034,3888.98204300,383172995.14777852,0,2024-11-22T00:00:00.000Z,2024-11-22T03:59:59.999Z
1732248000000,98836.49000000,99419.99000000,98517.21000000,99173.70000000,6632.86560000,1732262399999,656690809.99515997,796584,3230.24525000,319835847.99274447,0,2024-11-22T04:00:00.000Z,2024-11-22T07:59:59.999Z
1732262400000,99173.70000000,99267.19000000,98219.84000000,98870.38000000,6290.74803000,1732276799999,620862352.91814200,971329,2856.75704000,281900021.81974890,0,2024-11-22T08:00:00.000Z,2024-11-22T11:59:59.999Z
1732276800000,98870.39000000,98949.00000000,97122.11000000,98664.00000000,11263.93551000,1732291199999,1103510267.58139470,2231011,5069.95996000,496789000.87861640,0,2024-11-22T12:00:00.000Z,2024-11-22T15:59:59.999Z
1732291200000,98663.99000000,99588.01000000,98220.00000000,99079.74000000,9541.05621000,1732305599999,944737012.72279080,1604510,5290.72798000,524016428.35952610,0,2024-11-22T16:00:00.000Z,2024-11-22T19:59:59.999Z
1732305600000,99079.74000000,99449.00000000,98535.00000000,98892.00000000,4928.22899000,1732319999999,487810513.47335690,785843,2372.99592000,234921005.44806950,0,2024-11-22T20:00:00.000Z,2024-11-22T23:59:59.999Z
1732320000000,98892.00000000,98908.85000000,98300.00000000,98666.67000000,3918.31400000,1732334399999,386187855.91875200,536567,1798.85054000,177296580.39797940,0,2024-11-23T00:00:00.000Z,2024-11-23T03:59:59.999Z
1732334400000,98666.66000000,98800.00000000,98284.61000000,98560.85000000,3360.38068000,1732348799999,331304729.95595320,536019,1462.48119000,144179509.20357560,0,2024-11-23T04:00:00.000Z,2024-11-23T07:59:59.999Z
1732348800000,98560.84000000,98623.76000000,98300.00000000,98429.99000000,3176.75105000,1732363199999,312731615.88461500,471860,1300.28096000,128004007.92602880,0,2024-11-23T08:00:00.000Z,2024-11-23T11:59:59.999Z
1732363200000,98430.00000000,98847.68000000,98400.00000000,98400.00000000,4138.68982000,1732377599999,408083428.19881960,737038,1872.14876000,184617233.34554580,0,2024-11-23T12:00:00.000Z,2024-11-23T15:59:59.999Z
1732377600000,98400.01000000,98459.56000000,97336.06000000,97504.00000000,7486.78427000,1732391999999,732052648.43784620,1007034,3506.87807000,342859984.68602990,0,2024-11-23T16:00:00.000Z,2024-11-23T19:59:59.999Z
1732392000000,97504.00000000,98015.82000000,97136.00000000,97672.40000000,2676.92385000,1732406399999,261249587.93352830,550620,1235.60918000,120581599.38209900,0,2024-11-23T20:00:00.000Z,2024-11-23T23:59:59.999Z
1732406400000,97672.40000000,98564.00000000,97620.74000000,98200.10000000,3989.58138000,1732420799999,391739869.20744750,518148,1966.90305000,193140090.71338090,0,2024-11-24T00:00:00.000Z,2024-11-24T03:59:59.999Z
1732420800000,98200.10000000,98431.06000000,97872.20000000,98431.05000000,3583.35015000,1732435199999,351922394.53744660,488203,1948.83008000,191419073.13405480,0,2024-11-24T04:00:00.000Z,2024-11-24T07:59:59.999Z
1732435200000,98431.05000000,98472.98000000,97239.29000000,97280.03000000,3606.92172000,1732449599999,352771298.06854430,657656,1618.93206000,158316085.28281920,0,2024-11-24T08:00:00.000Z,2024-11-24T11:59:59.999Z
1732449600000,97280.04000000,97606.52000000,95900.01000000,95901.51000000,9382.31921000,1732463999999,908258277.00024820,1699854,4048.49485000,392055616.22643520,0,2024-11-24T12:00:00.000Z,2024-11-24T15:59:59.999Z
1732464000000,95901.52000000,96747.98000000,95734.77000000,96320.02000000,5662.86960000,1732478399999,544574252.24073120,928779,2784.58388000,267802933.16626130,0,2024-11-24T16:00:00.000Z,2024-11-24T19:59:59.999Z
1732478400000,96320.01000000,98369.46000000,96195.47000000,97900.04000000,4975.93632000,1732492799999,484905920.89737060,672080,2756.37784000,268579835.22382110,0,2024-11-24T20:00:00.000Z,2024-11-24T23:59:59.999Z
1732492800000,97900.05000000,98050.00000000,96888.00000000,97898.80000000,3838.26336000,1732507199999,374342332.50973420,1030336,1840.24148000,179472768.60096540,0,2024-11-25T00:00:00.000Z,2024-11-25T03:59:59.999Z
1732507200000,97898.81000000,98376.99000000,97491.66000000,98047.34000000,5230.71565000,1732521599999,512770031.85187660,758180,2569.44725000,251940572.82921970,0,2024-11-25T04:00:00.000Z,2024-11-25T07:59:59.999Z
1732521600000,98047.34000000,98871.80000000,97850.00000000,98188.09000000,5195.73129000,1732535999999,511282917.37483220,991443,2470.20864000,243087323.93343610,0,2024-11-25T08:00:00.000Z,2024-11-25T11:59:59.999Z
1732536000000,98188.09000000,98313.08000000,94525.00000000,96000.56000000,14345.48831000,1732550399999,1381536643.02416150,2164483,6049.52693000,582407136.21013790,0,2024-11-25T12:00:00.000Z,2024-11-25T15:59:59.999Z
1732550400000,96000.57000000,96500.00000000,94400.00000000,94669.48000000,10283.14008000,1732564799999,980520347.17371790,1781326,4871.03387000,464549118.75168900,0,2024-11-25T16:00:00.000Z,2024-11-25T19:59:59.999Z
1732564800000,94669.49000000,95300.00000000,92600.19000000,93010.01000000,11954.11227000,1732579199999,1122992534.38787110,1563923,5686.46888000,534059921.28477050,0,2024-11-25T20:00:00.000Z,2024-11-25T23:59:59.999Z
1732579200000,93010.01000000,94923.69000000,92727.90000000,94464.00000000,6245.66011000,1732593599999,587858794.30470120,1000971,3093.34304000,291046120.05706060,0,2024-11-26T00:00:00.000Z,2024-11-26T03:59:59.999Z
1732593600000,94464.00000000,94973.37000000,93500.08000000,93785.71000000,4722.02616000,1732607999999,445054985.47995450,991689,2233.84325000,210495066.25868980,0,2024-11-26T04:00:00.000Z,2024-11-26T07:59:59.999Z
1732608000000,93785.72000000,93785.72000000,91466.52000000,92356.85000000,13592.93588000,1732622399999,1259559201.87572210,2426250,6808.95450000,631000715.43836440,0,2024-11-26T08:00:00.000Z,2024-11-26T11:59:59.999Z
1732622400000,92356.84000000,93559.00000000,91739.70000000,92813.00000000,13179.13015000,1732636799999,1220214645.02494870,2410807,6843.67615000,633556006.31153880,0,2024-11-26T12:00:00.000Z,2024-11-26T15:59:59.999Z
1732636800000,92812.99000000,94685.60000000,91554.11000000,91683.89000000,10628.56926000,1732651199999,989099337.23843520,1906080,5219.76526000,485752881.05119860,0,2024-11-26T16:00:00.000Z,2024-11-26T19:59:59.999Z
1732651200000,91683.90000000,92364.00000000,90791.10000000,91965.16000000,9490.40982000,1732665599999,869131684.89440520,1490012,4920.68545000,450692786.97225580,0,2024-11-26T20:00:00.000Z,2024-11-26T23:59:59.999Z
1732665600000,91965.16000000,93037.38000000,91792.14000000,92588.00000000,5555.58018000,1732679999999,513959872.85536830,996834,2698.84775000,249646090.99007420,0,2024-11-27T00:00:00.000Z,2024-11-27T03:59:59.999Z
1732680000000,92588.00000000,93648.00000000,92361.66000000,93597.16000000,4840.27212000,1732694399999,450163847.37897250,690640,2262.97592000,210524605.15443640,0,2024-11-27T04:00:00.000Z,2024-11-27T07:59:59.999Z
1732694400000,93597.16000000,93885.60000000,93109.12000000,93367.99000000,3994.01189000,1732708799999,373332159.82666310,747406,2097.01568000,196008021.98051230,0,2024-11-27T08:00:00.000Z,2024-11-27T11:59:59.999Z
1732708800000,93367.99000000,95850.00000000,92847.84000000,95556.01000000,9868.59893000,1732723199999,932112582.49592320,1629623,5250.70160000,496204240.33083950,0,2024-11-27T12:00:00.000Z,2024-11-27T15:59:59.999Z
1732723200000,95556.00000000,96631.68000000,95184.79000000,96627.99000000,9525.88556000,1732737599999,914440771.87176370,1667622,4227.11491000,405821176.95888880,0,2024-11-27T16:00:00.000Z,2024-11-27T19:59:59.999Z
1732737600000,96627.99000000,97208.21000000,95731.72000000,95863.11000000,7369.07866000,1732751999999,710349277.18887430,916565,3779.92659000,364416501.89286750,0,2024-11-27T20:00:00.000Z,2024-11-27T23:59:59.999Z
1732752000000,95863.11000000,96564.00000000,94822.54000000,95471.43000000,6275.70277000,1732766399999,601639515.01473640,877830,2943.15659000,282151980.21659770,0,2024-11-28T00:00:00.000Z,2024-11-28T03:59:59.999Z
1732766400000,95471.44000000,95922.39000000,95063.15000000,95299.66000000,5014.99892000,1732780799999,479155795.22827260,586937,2598.97680000,248347726.56245380,0,2024-11-28T04:00:00.000Z,2024-11-28T07:59:59.999Z
1732780800000,95299.66000000,95780.00000000,94640.00000000,95452.01000000,4752.02590000,1732795199999,452090052.36983340,772750,2262.95211000,215318502.54047960,0,2024-11-28T08:00:00.000Z,2024-11-28T11:59:59.999Z
1732795200000,95452.00000000,96221.80000000,94900.00000000,95007.14000000,5548.28802000,1732809599999,529573431.61932670,1414985,2769.92241000,264433424.86275890,0,2024-11-28T12:00:00.000Z,2024-11-28T15:59:59.999Z
1732809600000,95007.15000000,95435.68000000,94817.00000000,95119.48000000,3678.82621000,1732823999999,349877831.94168590,772212,2088.87346000,198665095.04510730,0,2024-11-28T16:00:00.000Z,2024-11-28T19:59:59.999Z
1732824000000,95119.48000000,96023.48000000,94698.00000000,95643.98000000,3544.70175000,1732838399999,337524965.08575480,563447,2141.81184000,203935111.84779740,0,2024-11-28T20:00:00.000Z,2024-11-28T23:59:59.999Z
1732838400000,95643.99000000,96859.00000000,95364.99000000,96590.36000000,3208.77651000,1732852799999,308672781.95368610,673329,1667.39943000,160387073.04572310,0,2024-11-29T00:00:00.000Z,2024-11-29T03:59:59.999Z
1732852800000,96590.35000000,96630.09000000,95600.03000000,95625.05000000,2916.98299000,1732867199999,280468944.84485620,450380,1252.99222000,120490619.84994760,0,2024-11-29T04:00:00.000Z,2024-11-29T07:59:59.999Z
1732867200000,95625.05000000,97358.21000000,95616.00000000,97237.91000000,4164.43477000,1732881599999,401958782.75349000,685985,2458.81312000,237379132.13988880,0,2024-11-29T08:00:00.000Z,2024-11-29T11:59:59.999Z
1732881600000,97237.91000000,98619.99000000,96768.00000000,98019.47000000,8857.57633000,1732895999999,865740832.90117890,1433625,4499.83824000,439879726.30382180,0,2024-11-29T12:00:00.000Z,2024-11-29T15:59:59.999Z
1732896000000,98019.46000000,98440.00000000,96853.82000000,97329.73000000,5993.35722000,1732910399999,584404869.19625000,1314180,2641.55302000,257582100.70222730,0,2024-11-29T16:00:00.000Z,2024-11-29T19:59:59.999Z
1732910400000,97329.73000000,97624.62000000,96981.01000000,97460.00000000,2560.65449000,1732924799999,249204818.98482620,536571,1319.61569000,128430133.22203400,0,2024-11-29T20:00:00.000Z,2024-11-29T23:59:59.999Z
1732924800000,97460.00000000,97463.95000000,96309.85000000,96640.02000000,3052.57440000,1732939199999,295294649.25780960,719292,1336.14334000,129214313.79512940,0,2024-11-30T00:00:00.000Z,2024-11-30T03:59:59.999Z
1732939200000,96640.02000000,97234.02000000,96532.70000000,96783.38000000,3397.39114000,1732953599999,329011288.31739190,566135,1684.36196000,163110759.79516100,0,2024-11-30T04:00:00.000Z,2024-11-30T07:59:59.999Z
1732953600000,96783.38000000,96968.78000000,96092.01000000,96267.99000000,2445.61538000,1732967999999,236167038.02112370,636497,1173.88252000,113394861.88142580,0,2024-11-30T08:00:00.000Z,2024-11-30T11:59:59.999Z
1732968000000,96267.99000000,96732.15000000,96242.14000000,96645.41000000,2060.42388000,1732982399999,198953180.52080240,643153,1101.86324000,106400661.89937530,0,2024-11-30T12:00:00.000Z,2024-11-30T15:59:59.999Z
1732982400000,96645.42000000,97062.50000000,96531.35000000,97019.68000000,1822.59102000,1732996799999,176440266.42067960,451782,970.36281000,93928235.46912840,0,2024-11-30T16:00:00.000Z,2024-11-30T19:59:59.999Z
1732996800000,97019.69000000,97040.00000000,96320.99000000,96407.99000000,1725.23724000,1733011199999,166806528.16201360,337900,809.30116000,78235972.18322450,0,2024-11-30T20:00:00.000Z,2024-11-30T23:59:59.999Z
1733011200000,96407.99000000,96672.49000000,95693.88000000,96336.75000000,3622.03491000,1733025599999,348520486.38804580,759921,1608.04782000,154745768.15899920,0,2024-12-01T00:00:00.000Z,2024-12-01T03:59:59.999Z
1733025600000,96336.76000000,96515.52000000,96195.99000000,96472.97000000,1284.90142000,1733039999999,123842748.88067510,333904,619.26068000,59683143.74518510,0,2024-12-01T04:00:00.000Z,2024-12-01T07:59:59.999Z
1733040000000,96472.97000000,97179.04000000,96424.99000000,97108.89000000,2803.36709000,1733054399999,271735512.60514690,510751,1393.78445000,135086579.54943030,0,2024-12-01T08:00:00.000Z,2024-12-01T11:59:59.999Z
1733054400000,97108.89000000,97388.78000000,96660.88000000,97028.02000000,3260.08114000,1733068799999,316502594.37644060,733257,1498.29969000,145499460.24365280,0,2024-12-01T12:00:00.000Z,2024-12-01T15:59:59.999Z
1733068800000,97028.02000000,97523.41000000,96958.48000000,97178.73000000,2968.12339000,1733083199999,288531926.93690530,474575,1591.50247000,154705375.73932830,0,2024-12-01T16:00:00.000Z,2024-12-01T19:59:59.999Z
1733083200000,97178.73000000,97836.00000000,96800.01000000,97185.18000000,3000.09657000,1733097599999,292194357.41900690,529792,1404.00058000,136768712.75704210,0,2024-12-01T20:00:00.000Z,2024-12-01T23:59:59.999Z
1733097600000,97185.17000000,98130.00000000,96350.00000000,96483.75000000,5392.94900000,1733111999999,525751607.15757390,1137615,2693.40316000,262695452.01685480,0,2024-12-02T00:00:00.000Z,2024-12-02T03:59:59.999Z
1733112000000,96483.75000000,96924.00000000,95749.97000000,95999.99000000,5378.45190000,1733126399999,517905051.03765190,1038685,2641.01780000,254325258.15201390,0,2024-12-02T04:00:00.000Z,2024-12-02T07:59:59.999Z
1733126400000,95999.99000000,96112.00000000,94820.41000000,95128.68000000,6299.85507000,1733140799999,599717246.63666440,1480721,3084.09049000,293564417.23245530,0,2024-12-02T08:00:00.000Z,2024-12-02T11:59:59.999Z
1733140800000,95128.67000000,97214.77000000,94766.00000000,97048.00000000,8297.68046000,1733155199999,797734771.45519790,1485314,4187.90571000,402776138.54770290,0,2024-12-02T12:00:00.000Z,2024-12-02T15:59:59.999Z
1733155200000,97048.01000000,97356.69000000,94395.00000000,95816.00000000,8796.99302000,1733169599999,842776240.41058770,1664505,4089.01667000,391749455.74489120,0,2024-12-02T16:00:00.000Z,2024-12-02T19:59:59.999Z
1733169600000,95816.01000000,96327.87000000,95112.01000000,95840.62000000,3792.74036000,1733183999999,362754705.03991200,753263,2126.49944000,203347834.19666600,0,2024-12-02T20:00:00.000Z,2024-12-02T23:59:59.999Z
1733184000000,95840.61000000,96305.52000000,95400.00000000,96079.36000000,3671.38924000,1733198399999,351997126.61333430,574670,1877.27729000,179996049.34184660,0,2024-12-03T00:00:00.000Z,2024-12-03T03:59:59.999Z
1733198400000,96079.36000000,96238.10000000,95277.35000000,95550.00000000,3510.45774000,1733212799999,336369523.34218300,601223,1453.28203000,139248325.75037360,0,2024-12-03T04:00:00.000Z,2024-12-03T07:59:59.999Z
1733212800000,95550.00000000,95662.94000000,94595.38000000,94988.01000000,4056.48891000,1733227199999,385848164.30827070,630536,1849.78328000,175900824.29887530,0,2024-12-03T08:00:00.000Z,2024-12-03T11:59:59.999Z
1733227200000,94988.00000000,96250.00000000,93578.17000000,95682.54000000,13543.07849000,1733241599999,1283733924.09993220,1786927,6708.64893000,635938165.89114090,0,2024-12-03T12:00:00.000Z,2024-12-03T15:59:59.999Z
1733241600000,95682.54000000,96169.99000000,94860.00000000,95428.60000000,5936.97324000,1733255999999,566614109.81438180,1104977,2931.16895000,279739959.21080770,0,2024-12-03T16:00:00.000Z,2024-12-03T19:59:59.999Z
1733256000000,95428.61000000,96140.01000000,95272.50000000,95849.69000000,5108.93521000,1733270399999,489432693.84055410,663379,2518.95119000,241267378.68255150,0,2024-12-03T20:00:00.000Z,2024-12-03T23:59:59.999Z
1733270400000,95849.69000000,96614.16000000,95224.17000000,95770.32000000,4788.30848000,1733284799999,458867045.42557230,851781,2329.18945000,223239095.22284070,0,2024-12-04T00:00:00.000Z,2024-12-04T03:59:59.999Z
1733284800000,95770.32000000,96714.41000000,95717.54000000,96588.81000000,3607.43743000,1733299199999,347580712.20275810,567893,1710.13885000,164749714.49284880,0,2024-12-04T04:00:00.000Z,2024-12-04T07:59:59.999Z
1733299200000,96588.81000000,96950.00000000,96172.00000000,96190.41000000,3780.11030000,1733313599999,365301952.04021090,563797,1685.15272000,162845415.05903490,0,2024-12-04T08:00:00.000Z,2024-12-04T11:59:59.999Z
1733313600000,96190.41000000,96560.00000000,95352.41000000,95742.81000000,7959.19099000,1733327999999,763335875.77326840,1590698,3866.72429000,370893518.66964260,0,2024-12-04T12:00:00.000Z,2024-12-04T15:59:59.999Z
1733328000000,95742.80000000,97232.01000000,94587.83000000,97209.64000000,9467.01122000,1733342399999,905312757.02178660,1536757,4847.19697000,463789905.44850680,0,2024-12-04T16:00:00.000Z,2024-12-04T19:59:59.999Z
1733342400000,97209.64000000,99000.00000000,97128.52000000,98587.32000000,14248.47886000,1733356799999,1401596191.32250980,1537798,7595.19884000,747138323.15212620,0,2024-12-04T20:00:00.000Z,2024-12-04T23:59:59.999Z
1733356800000,98587.32000000,104088.00000000,97888.89000000,102964.00000000,29911.48943200,1733371199999,3023164233.06814848,2782204,16369.46497600,1652778910.19360740,0,2024-12-05T00:00:00.000Z,2024-12-05T03:59:59.999Z
1733371200000,102964.00000000,103544.71000000,101324.16000000,102236.10000000,14930.57327000,1733385599999,1529734066.64156590,1555454,7728.62639000,791576392.16259480,0,2024-12-05T04:00:00.000Z,2024-12-05T07:59:59.999Z
1733385600000,102236.10000000,103159.76000000,102236.10000000,102566.91000000,9004.86605000,1733399999999,924069434.94239530,968757,5036.45124000,516922767.03854680,0,2024-12-05T08:00:00.000Z,2024-12-05T11:59:59.999Z
1733400000000,102566.91000000,103550.00000000,100925.97000000,101292.01000000,15250.81785000,1733414399999,1564677200.15003140,1746253,7616.65780000,781889879.15489010,0,2024-12-05T12:00:00.000Z,2024-12-05T15:59:59.999Z
1733414400000,101292.00000000,101999.00000000,98599.36000000,99028.00000000,14788.63995000,1733428799999,1489664058.21008940,2008582,7160.87948000,721575083.77080640,0,2024-12-05T16:00:00.000Z,2024-12-05T19:59:59.999Z
1733428800000,99028.01000000,99479.72000000,90500.00000000,96945.63000000,26035.34311000,1733443199999,2516693949.13770070,2951114,12322.99847000,1192428342.44301030,0,2024-12-05T20:00:00.000Z,2024-12-05T23:59:59.999Z
1733443200000,96945.63000000,98828.70000000,95981.72000000,97735.29000000,10502.77687000,1733457599999,1024111988.68702940,1351862,5579.19661000,544104973.11083120,0,2024-12-06T00:00:00.000Z,2024-12-06T03:59:59.999Z
1733457600000,97735.29000000,98288.00000000,97370.19000000,98138.54000000,4600.17485000,1733471999999,450496148.74751500,695717,2218.24030000,217220564.47494400,0,2024-12-06T04:00:00.000Z,2024-12-06T07:59:59.999Z
1733472000000,98138.53000000,98705.23000000,97622.86000000,98069.62000000,5508.51297000,1733486399999,540712160.37683430,837883,2597.02028000,254982598.40326880,0,2024-12-06T08:00:00.000Z,2024-12-06T11:59:59.999Z
1733486400000,98069.61000000,99483.81000000,97512.26000000,99309.99000000,9368.18040000,1733500799999,924710981.53416670,1634186,4322.65798000,426673915.69916060,0,2024-12-06T12:00:00.000Z,2024-12-06T15:59:59.999Z
1733500800000,99310.00000000,101799.00000000,98762.60000000,101439.99000000,9652.35617000,1733515199999,971357064.67721820,1578441,4806.17227000,483613679.40774810,0,2024-12-06T16:00:00.000Z,2024-12-06T19:59:59.999Z
1733515200000,101439.99000000,101898.99000000,99053.03000000,99740.84000000,5417.53184000,1733529599999,545253341.34168010,821013,2476.33672000,249049987.45740790,0,2024-12-06T20:00:00.000Z,2024-12-06T23:59:59.999Z
1733529600000,99740.84000000,100428.00000000,99285.71000000,99299.63000000,2803.39835000,1733543999999,280104721.21508170,510530,1232.06052000,123110330.52624530,0,2024-12-07T00:00:00.000Z,2024-12-07T03:59:59.999Z
1733544000000,99299.64000000,99666.31000000,98844.00000000,99405.20000000,3254.00298000,1733558399999,323113840.93549680,461689,1333.20493000,132373326.10058990,0,2024-12-07T04:00:00.000Z,2024-12-07T07:59:59.999Z
1733558400000,99405.20000000,99821.83000000,99260.00000000,99620.00000000,2290.29479000,1733572799999,227963237.44904770,372814,1099.61338000,109451912.90127400,0,2024-12-07T08:00:00.000Z,2024-12-07T11:59:59.999Z
1733572800000,99620.00000000,99800.00000000,99036.01000000,99756.01000000,2409.08289000,1733587199999,239623117.83051610,457564,1137.21042000,113125996.52494680,0,2024-12-07T12:00:00.000Z,2024-12-07T15:59:59.999Z
1733587200000,99756.00000000,100263.64000000,99460.37000000,100077.45000000,2257.58478000,1733601599999,225392652.48151770,440863,1071.34483000,106977781.74685330,0,2024-12-07T16:00:00.000Z,2024-12-07T19:59:59.999Z
1733601600000,100077.45000000,100439.18000000,99595.11000000,99831.99000000,1917.58211000,1733615999999,191756276.92688580,391106,903.11592000,90311313.49742550,0,2024-12-07T20:00:00.000Z,2024-12-07T23:59:59.999Z
1733616000000,99831.99000000,100328.88000000,99632.28000000,99934.82000000,1688.21452000,1733630399999,168803783.06313560,389779,732.71240000,73272043.77464290,0,2024-12-08T00:00:00.000Z,2024-12-08T03:59:59.999Z
1733630400000,99934.83000000,100030.00000000,99336.00000000,99675.11000000,1590.35590000,1733644799999,158548563.87783540,334553,678.98575000,67696211.63046340,0,2024-12-08T04:00:00.000Z,2024-12-08T07:59:59.999Z
1733644800000,99675.11000000,99844.28000000,98657.70000000,99701.16000000,2557.39593000,1733659199999,253783011.84932110,552848,1110.82630000,110258868.69448900,0,2024-12-08T08:00:00.000Z,2024-12-08T11:59:59.999Z
1733659200000,99701.17000000,100500.00000000,99357.16000000,99912.01000000,3388.44325000,1733673599999,338669327.99175300,699943,1684.48885000,168385560.76360800,0,2024-12-08T12:00:00.000Z,2024-12-08T15:59:59.999Z
1733673600000,99912.01000000,100198.00000000,99480.00000000,100100.98000000,2219.63339000,1733687999999,221647251.90161240,522197,1123.28272000,112183541.23148450,0,2024-12-08T16:00:00.000Z,2024-12-08T19:59:59.999Z
1733688000000,100100.99000000,101351.00000000,99736.06000000,101109.59000000,3168.95389000,1733702399999,318125007.71849350,495389,1822.50571000,182949512.82414780,0,2024-12-08T20:00:00.000Z,2024-12-08T23:59:59.999Z
1733702400000,101109.60000000,101215.93000000,98432.18000000,99090.84000000,6131.57247000,1733716799999,610194461.84615400,1016437,2742.74623000,273011691.08323170,0,2024-12-09T00:00:00.000Z,2024-12-09T03:59:59.999Z
1733716800000,99090.84000000,99729.88000000,98328.00000000,99576.51000000,4641.05371000,1733731199999,460136284.13370820,753744,2484.10716000,246396326.84138280,0,2024-12-09T04:00:00.000Z,2024-12-09T07:59:59.999Z
1733731200000,99576.51000000,99679.71000000,98035.57000000,98088.47000000,5754.93600000,1733745599999,567951798.15833830,1295716,2571.43346000,253808512.02651300,0,2024-12-09T08:00:00.000Z,2024-12-09T11:59:59.999Z
1733745600000,98088.47000000,100421.80000000,97508.58000000,97812.00000000,10565.60263000,1733759999999,1043687800.05064340,1693031,5011.47692000,495051610.65223430,0,2024-12-09T12:00:00.000Z,2024-12-09T15:59:59.999Z
1733760000000,97812.00000000,98398.00000000,97000.00000000,97070.32000000,7646.39206000,1733774399999,747572151.36315330,1424630,3707.34885000,362585480.77213760,0,2024-12-09T16:00:00.000Z,2024-12-09T19:59:59.999Z
1733774400000,97070.33000000,97572.52000000,94150.05000000,97276.47000000,19209.55908000,1733788799999,1854084500.15365160,2262314,8954.97215000,864868409.16159510,0,2024-12-09T20:00:00.000Z,2024-12-09T23:59:59.999Z
1733788800000,97276.48000000,98138.00000000,95565.41000000,96931.99000000,7967.90111000,1733803199999,773425354.35183450,1615824,3543.81352000,344024322.41925730,0,2024-12-10T00:00:00.000Z,2024-12-10T03:59:59.999Z
1733803200000,96931.99000000,97519.20000000,95900.00000000,97196.44000000,4851.30267000,1733817599999,470123890.00830310,965148,2470.57741000,239468994.90888230,0,2024-12-10T04:00:00.000Z,2024-12-10T07:59:59.999Z
1733817600000,97196.44000000,97937.50000000,96938.19000000,97722.52000000,3732.90811000,1733831999999,364073774.13866060,803589,2055.51224000,200490036.47623750,0,2024-12-10T08:00:00.000Z,2024-12-10T11:59:59.999Z
1733832000000,97722.53000000,98270.00000000,95555.00000000,95658.79000000,11589.32855000,1733846399999,1127136401.93355170,2972933,5594.49693000,544439284.82007130,0,2024-12-10T12:00:00.000Z,2024-12-10T15:59:59.999Z
1733846400000,95658.79000000,96500.00000000,94256.54000000,95856.50000000,17282.11364000,1733860799999,1646492559.04269050,3639933,7773.95272000,740618660.59974380,0,2024-12-10T16:00:00.000Z,2024-12-10T19:59:59.999Z
1733860800000,95856.50000000,97200.70000000,95616.00000000,96593.00000000,6285.13525000,1733875199999,607408215.61738820,1558762,3084.74304000,298123579.94658070,0,2024-12-10T20:00:00.000Z,2024-12-10T23:59:59.999Z
1733875200000,96593.00000000,97625.76000000,95658.24000000,97398.43000000,6101.81371000,1733889599999,589253741.91759310,1979444,2922.35396000,282263394.35058870,0,2024-12-11T00:00:00.000Z,2024-12-11T03:59:59.999Z
1733889600000,97398.42000000,97790.36000000,97181.70000000,97334.60000000,2882.63101000,1733903999999,281008238.66281720,866763,1376.98942000,134220915.41995510,0,2024-12-11T04:00:00.000Z,2024-12-11T07:59:59.999Z
1733904000000,97334.59000000,98472.57000000,97316.78000000,98292.61000000,3915.05820000,1733918399999,383900949.83954310,891471,1972.58261000,193404753.79820710,0,2024-12-11T08:00:00.000Z,2024-12-11T11:59:59.999Z
1733918400000,98292.61000000,100800.00000000,98072.33000000,100361.64000000,10646.28169000,1733932799999,1059218760.78373770,2055043,5686.13497000,565974686.57888480,0,2024-12-11T12:00:00.000Z,2024-12-11T15:59:59.999Z
1733932800000,100361.64000000,101141.01000000,99608.23000000,101122.71000000,9214.79257000,1733947199999,926366156.29767060,1728426,4776.15843000,480230528.64481440,0,2024-12-11T16:00:00.000Z,2024-12-11T19:59:59.999Z
1733947200000,101122.71000000,101888.00000000,100866.42000000,101125.00000000,4993.20573000,1733961599999,505955915.51708820,729364,2378.62620000,241052039.41872030,0,2024-12-11T20:00:00.000Z,2024-12-11T23:59:59.999Z
1733961600000,101125.00000000,101829.00000000,100331.61000000,101025.87000000,4584.27765000,1733975999999,463034052.43618850,1096291,2141.31863000,216319494.98417630,0,2024-12-12T00:00:00.000Z,2024-12-12T03:59:59.999Z
1733976000000,101025.88000000,101191.85000000,100402.82000000,100499.99000000,3018.02596000,1733990399999,304125230.94635910,734427,1480.14597000,149158519.17623140,0,2024-12-12T04:00:00.000Z,2024-12-12T07:59:59.999Z
1733990400000,100499.99000000,101126.54000000,100178.32000000,100358.42000000,2593.08394000,1734004799999,261053256.33502240,660799,1220.82245000,122933184.07724780,0,2024-12-12T08:00:00.000Z,2024-12-12T11:59:59.999Z
1734004800000,100358.42000000,101861.60000000,100348.35000000,101797.14000000,7527.72986000,1734019199999,761574402.75890000,2027345,3751.34415000,379583942.96710680,0,2024-12-12T12:00:00.000Z,2024-12-12T15:59:59.999Z
1734019200000,101797.14000000,102540.00000000,99311.64000000,99481.32000000,7934.57131000,1734033599999,802420925.50165760,2199149,3942.20177000,399054028.86935760,0,2024-12-12T16:00:00.000Z,2024-12-12T19:59:59.999Z
1734033600000,99481.33000000,100476.19000000,99465.33000000,100004.29000000,3574.39873000,1734047999999,357254715.88804290,1348311,1640.05364000,163935286.59624060,0,2024-12-12T20:00:00.000Z,2024-12-12T23:59:59.999Z
1734048000000,100004.29000000,100356.85000000,99205.00000000,99729.09000000,3169.68724000,1734062399999,315881098.89088970,894572,1562.35788000,155706154.83844090,0,2024-12-13T00:00:00.000Z,2024-12-13T03:59:59.999Z
1734062400000,99729.09000000,100225.52000000,99500.00000000,100130.00000000,2722.44317000,1734076799999,272020056.88428130,502565,1167.14524000,116667012.49514650,0,2024-12-13T04:00:00.000Z,2024-12-13T07:59:59.999Z
1734076800000,100130.01000000,100789.00000000,99896.00000000,100353.37000000,2260.04806000,1734091199999,226645429.36651070,553328,1199.08252000,120282489.74534760,0,2024-12-13T08:00:00.000Z,2024-12-13T11:59:59.999Z
1734091200000,100353.37000000,101375.26000000,99700.00000000,99873.16000000,4395.11384000,1734105599999,442170200.84267530,1267983,2108.90613000,212209142.26537520,0,2024-12-13T12:00:00.000Z,2024-12-13T15:59:59.999Z
1734105600000,99873.16000000,101895.26000000,99800.00000000,101462.34000000,6176.84479000,1734119999999,624630162.12088650,1612715,3123.61630000,315877916.74655580,0,2024-12-13T16:00:00.000Z,2024-12-13T19:59:59.999Z
1734120000000,101462.34000000,101879.98000000,101090.90000000,101424.25000000,3179.90213000,1734134399999,322556444.96885700,650497,1507.98558000,152978171.54458990,0,2024-12-13T20:00:00.000Z,2024-12-13T23:59:59.999Z
1734134400000,101424.24000000,102650.00000000,101148.35000000,102088.00000000,4102.31163000,1734148799999,418559849.17637330,1007583,2218.41894000,226349341.75688640,0,2024-12-14T00:00:00.000Z,2024-12-14T03:59:59.999Z
1734148800000,102088.00000000,102138.00000000,101590.90000000,101824.00000000,2355.50886000,1734163199999,239775574.11192110,410037,1107.50609000,112733275.66710880,0,2024-12-14T04:00:00.000Z,2024-12-14T07:59:59.999Z
1734163200000,101824.00000000,101863.64000000,101321.00000000,101583.99000000,1246.03828000,1734177599999,126601816.22030300,292532,538.36107000,54696126.81355100,0,2024-12-14T08:00:00.000Z,2024-12-14T11:59:59.999Z
1734177600000,101584.00000000,101742.43000000,100826.38000000,101625.12000000,2737.98405000,1734191999999,277350915.18749140,600968,1344.09107000,136163441.24755780,0,2024-12-14T12:00:00.000Z,2024-12-14T15:59:59.999Z
1734192000000,101625.12000000,101737.70000000,100831.63000000,101313.54000000,2313.84837000,1734206399999,234147140.64677280,649738,977.45456000,98926363.25325440,0,2024-12-14T16:00:00.000Z,2024-12-14T19:59:59.999Z
1734206400000,101313.54000000,101499.08000000,100609.41000000,101420.00000000,1436.01207000,1734220799999,145159071.70345760,413680,604.41503000,61113305.40113120,0,2024-12-14T20:00:00.000Z,2024-12-14T23:59:59.999Z
1734220800000,101420.00000000,102196.97000000,101237.14000000,101733.82000000,2717.24990000,1734235199999,276648243.15160800,450599,1915.36852000,195028331.03252920,0,2024-12-15T00:00:00.000Z,2024-12-15T03:59:59.999Z
1734235200000,101733.83000000,102850.00000000,101534.01000000,101732.09000000,3091.00658000,1734249599999,316220414.31858110,598866,1664.33384000,170293037.57253480,0,2024-12-15T04:00:00.000Z,2024-12-15T07:59:59.999Z
1734249600000,101732.09000000,102691.01000000,101581.07000000,102671.44000000,1800.59415000,1734263999999,184034838.23978200,379887,985.64431000,100758082.35373090,0,2024-12-15T08:00:00.000Z,2024-12-15T11:59:59.999Z
1734264000000,102671.44000000,103359.97000000,102473.01000000,102704.01000000,4918.19696000,1734278399999,505990525.63077240,732690,2507.12868000,257961010.57893720,0,2024-12-15T12:00:00.000Z,2024-12-15T15:59:59.999Z
1734278400000,102704.00000000,103490.00000000,102583.65000000,103252.95000000,2441.92022000,1734292799999,251955331.93719370,488269,1306.29196000,134790534.27882520,0,2024-12-15T16:00:00.000Z,2024-12-15T19:59:59.999Z
1734292800000,103252.96000000,105250.00000000,102621.50000000,104463.99000000,7259.95396500,1734307199999,755613550.55785400,988498,4290.12704500,446780452.48354020,0,2024-12-15T20:00:00.000Z,2024-12-15T23:59:59.999Z
1734307200000,104463.99000000,106648.00000000,104259.48000000,104582.28000000,8803.84824600,1734321599999,927533507.99489653,1581154,4517.86425600,476063630.79423883,0,2024-12-16T00:00:00.000Z,2024-12-16T03:59:59.999Z
1734321600000,104582.28000000,105420.76000000,104469.89000000,104992.79000000,3083.27266000,1734335999999,323697315.70429150,626479,1469.22962000,154254887.08347470,0,2024-12-16T04:00:00.000Z,2024-12-16T07:59:59.999Z
1734336000000,104992.79000000,105016.85000000,103625.78000000,103757.99000000,3972.26006000,1734350399999,415014644.17679380,816810,1581.77142000,165306624.27929630,0,2024-12-16T08:00:00.000Z,2024-12-16T11:59:59.999Z
1734350400000,103758.00000000,106499.99000000,103333.00000000,106332.01000000,9289.30941000,1734364799999,976231226.72317130,2000488,4838.54133000,508294834.15160310,0,2024-12-16T12:00:00.000Z,2024-12-16T15:59:59.999Z
1734364800000,106332.00000000,107793.07000000,105797.41000000,106583.12000000,11995.10426400,1734379199999,1281503651.82274628,2075532,5714.22355400,610432286.79370838,0,2024-12-16T16:00:00.000Z,2024-12-16T19:59:59.999Z
1734379200000,106583.13000000,106648.48000000,105480.02000000,106058.66000000,4158.60810000,1734393599999,440984054.21265350,947591,2227.46932000,236198636.14520120,0,2024-12-16T20:00:00.000Z,2024-12-16T23:59:59.999Z
1734393600000,106058.65000000,107000.00000000,105657.34000000,106866.49000000,3882.88127000,1734407999999,412743095.82742550,953417,2063.40297000,219347768.02609500,0,2024-12-17T00:00:00.000Z,2024-12-17T03:59:59.999Z
1734408000000,106866.50000000,107143.29000000,106368.45000000,106805.75000000,2937.82223000,1734422399999,313544305.80858250,565845,1347.79187000,143853194.07529010,0,2024-12-17T04:00:00.000Z,2024-12-17T07:59:59.999Z
1734422400000,106805.75000000,107550.02000000,106708.86000000,106808.31000000,3622.94784000,1734436799999,388254376.47611840,781740,1773.62440000,190091789.05599650,0,2024-12-17T08:00:00.000Z,2024-12-17T11:59:59.999Z
1734436800000,106808.31000000,108353.00000000,105725.99000000,106478.47000000,8939.18045600,1734451199999,957103321.52146991,2080302,4309.44291600,461499447.21305251,0,2024-12-17T12:00:00.000Z,2024-12-17T15:59:59.999Z
1734451200000,106478.48000000,107633.00000000,106148.00000000,106475.89000000,5875.35581000,1734465599999,628085063.99142410,1743855,2879.04806000,307760446.26147620,0,2024-12-17T16:00:00.000Z,2024-12-17T19:59:59.999Z
1734465600000,106475.89000000,106903.99000000,105321.49000000,106133.74000000,3806.74886000,1734479999999,404103164.15008630,1087640,1814.01023000,192605565.92006970,0,2024-12-17T20:00:00.000Z,2024-12-17T23:59:59.999Z
1734480000000,106133.74000000,106524.98000000,104581.58000000,104763.98000000,5784.93924000,1734494399999,610313044.71974270,1391596,2443.83038000,257967576.70056890,0,2024-12-18T00:00:00.000Z,2024-12-18T03:59:59.999Z
1734494400000,104763.99000000,104763.99000000,103137.82000000,104250.75000000,7256.63713000,1734508799999,753743839.70067490,1579781,3203.11557000,332782088.81950910,0,2024-12-18T04:00:00.000Z,2024-12-18T07:59:59.999Z
1734508800000,104250.75000000,105033.33000000,103729.18000000,105028.33000000,2927.64166000,1734523199999,305513234.70570230,522308,1462.00273000,152640251.64831630,0,2024-12-18T08:00:00.000Z,2024-12-18T11:59:59.999Z
1734523200000,105028.33000000,105350.00000000,103650.00000000,104428.54000000,7242.86665000,1734537599999,756651504.49090020,1321525,3471.53462000,362691519.38720520,0,2024-12-18T12:00:00.000Z,2024-12-18T15:59:59.999Z
1734537600000,104428.54000000,104999.98000000,102817.82000000,102817.82000000,9166.33778000,1734551999999,952172484.20522430,1667634,4643.80163000,482524604.83853720,0,2024-12-18T16:00:00.000Z,2024-12-18T19:59:59.999Z
1734552000000,102817.82000000,102997.77000000,100000.00000000,100204.01000000,17929.57509000,1734566399999,1815869208.43699220,2279276,8084.09032000,818607102.87536150,0,2024-12-18T20:00:00.000Z,2024-12-18T23:59:59.999Z
1734566400000,100204.01000000,101310.25000000,98802.00000000,101193.15000000,11011.14924000,1734580799999,1102633264.81312610,1794371,5253.06433000,526245997.32539200,0,2024-12-19T00:00:00.000Z,2024-12-19T03:59:59.999Z
1734580800000,101193.15000000,101727.28000000,100629.99000000,101656.57000000,3199.07619000,1734595199999,323785578.85918450,624679,1582.17296000,160169947.70406120,0,2024-12-19T04:00:00.000Z,2024-12-19T07:59:59.999Z
1734595200000,101656.57000000,102609.72000000,101380.10000000,102449.99000000,4074.86626000,1734609599999,415807393.02141570,518418,2089.66935000,213228526.82262670,0,2024-12-19T08:00:00.000Z,2024-12-19T11:59:59.999Z
1734609600000,102450.00000000,102800.11000000,99500.00000000,100679.86000000,10496.80787000,1734623999999,1062284358.57833740,1400810,5136.10901000,519950604.06758740,0,2024-12-19T12:00:00.000Z,2024-12-19T15:59:59.999Z
1734624000000,100679.86000000,101200.00000000,96251.32000000,97199.72000000,15856.49892000,1734638399999,1562535484.51310640,1912854,7202.96105000,710483343.25712190,0,2024-12-19T16:00:00.000Z,2024-12-19T19:59:59.999Z
1734638400000,97199.72000000,98500.00000000,95700.00000000,97461.86000000,10508.99952000,1734652799999,1020500437.92258250,1022809,5634.66045000,547557584.72971690,0,2024-12-19T20:00:00.000Z,2024-12-19T23:59:59.999Z
1734652800000,97461.86000000,97814.09000000,96000.00000000,97106.02000000,8712.02871000,1734667199999,845260879.77287990,1302263,4046.38644000,392687732.41133680,0,2024-12-20T00:00:00.000Z,2024-12-20T03:59:59.999Z
1734667200000,97106.02000000,98233.00000000,96374.03000000,97832.53000000,6871.39877000,1734681599999,669316617.70421950,1068862,3155.06098000,307393460.34563140,0,2024-12-20T04:00:00.000Z,2024-12-20T07:59:59.999Z
1734681600000,97832.52000000,97864.91000000,92612.10000000,92723.98000000,19009.19125000,1734695999999,1799434604.45098420,2143807,8163.57541000,772906321.88290280,0,2024-12-20T08:00:00.000Z,2024-12-20T11:59:59.999Z
1734696000000,92723.99000000,97572.00000000,92232.54000000,96991.62000000,16343.30766000,1734710399999,1550263922.03067350,1557422,8311.31306000,788670542.57815550,0,2024-12-20T12:00:00.000Z,2024-12-20T15:59:59.999Z
1734710400000,96991.63000000,97748.00000000,96300.00000000,97116.00000000,7186.02296000,1734724799999,697707279.54454160,897635,3379.30129000,328178498.15480550,0,2024-12-20T16:00:00.000Z,2024-12-20T19:59:59.999Z
1734724800000,97116.00000000,97816.44000000,95393.84000000,97805.44000000,4762.18635000,1734739199999,460861935.32902750,459018,2407.59303000,233102751.29024590,0,2024-12-20T20:00:00.000Z,2024-12-20T23:59:59.999Z
1734739200000,97805.44000000,97813.59000000,97188.09000000,97487.46000000,2878.66863000,1734753599999,280443330.12390830,463521,1362.34183000,132708423.24558710,0,2024-12-21T00:00:00.000Z,2024-12-21T03:59:59.999Z
1734753600000,97487.47000000,99540.61000000,97378.50000000,99040.00000000,5467.95008000,1734767999999,538986210.49148100,581136,2962.72078000,291985585.51129910,0,2024-12-21T04:00:00.000Z,2024-12-21T07:59:59.999Z
1734768000000,99040.00000000,99187.95000000,97800.00000000,98262.08000000,3434.11954000,1734782399999,338048773.03847730,612271,1576.99520000,155191409.37458200,0,2024-12-21T08:00:00.000Z,2024-12-21T11:59:59.999Z
1734782400000,98262.08000000,98283.95000000,96398.39000000,97527.97000000,5930.10480000,1734796799999,577198680.88675610,1019121,2857.78575000,278237461.61834590,0,2024-12-21T12:00:00.000Z,2024-12-21T15:59:59.999Z
1734796800000,97527.96000000,97723.18000000,96819.36000000,97269.03000000,2933.73741000,1734811199999,285454663.44363190,591961,1362.72772000,132592964.70581680,0,2024-12-21T16:00:00.000Z,2024-12-21T19:59:59.999Z
1734811200000,97269.03000000,98057.51000000,96539.91000000,97291.99000000,2838.96097000,1734825599999,276100397.21167160,449628,1604.36991000,156016606.96618240,0,2024-12-21T20:00:00.000Z,2024-12-21T23:59:59.999Z
1734825600000,97292.00000000,97448.08000000,96549.37000000,96994.37000000,1848.52784000,1734839999999,179363842.25353810,645618,884.03853000,85784040.09365610,0,2024-12-22T00:00:00.000Z,2024-12-22T03:59:59.999Z
1734840000000,96994.37000000,97071.97000000,95890.28000000,96210.24000000,2981.41637000,1734854399999,287230427.60278770,559617,1289.41893000,124234306.27720870,0,2024-12-22T04:00:00.000Z,2024-12-22T07:59:59.999Z
1734854400000,96210.25000000,97351.57000000,96196.85000000,97101.28000000,2184.98880000,1734868799999,211747055.60066390,426443,1147.56710000,111195657.12347230,0,2024-12-22T08:00:00.000Z,2024-12-22T11:59:59.999Z
1734868800000,97101.29000000,97300.00000000,95109.13000000,95377.72000000,4444.90674000,1734883199999,426724051.01139930,829616,2120.44704000,203530623.82716880,0,2024-12-22T12:00:00.000Z,2024-12-22T15:59:59.999Z
1734883200000,95377.71000000,96444.45000000,94700.00000000,94836.55000000,3910.30845000,1734897599999,373879464.49462140,602478,1884.17523000,180188498.14471810,0,2024-12-22T16:00:00.000Z,2024-12-22T19:59:59.999Z
1734897600000,94836.55000000,95824.00000000,94250.35000000,95186.27000000,3983.68216000,1734911999999,378875025.39738940,569779,1967.75066000,187148752.29654680,0,2024-12-22T20:00:00.000Z,2024-12-22T23:59:59.999Z
1734912000000,95186.28000000,96043.99000000,93700.42000000,96025.15000000,6028.44240000,1734926399999,570705061.59558760,1103664,3062.98823000,290066241.52107730,0,2024-12-23T00:00:00.000Z,2024-12-23T03:59:59.999Z
1734926400000,96025.15000000,96509.98000000,94705.07000000,95404.01000000,3919.13480000,1734940799999,374438889.38511220,707864,2328.96055000,222545895.15766420,0,2024-12-23T04:00:00.000Z,2024-12-23T07:59:59.999Z
1734940800000,95404.01000000,96538.92000000,95036.77000000,95932.42000000,3020.85272000,1734955199999,289770091.01426700,666898,1566.35935000,150276991.70403350,0,2024-12-23T08:00:00.000Z,2024-12-23T11:59:59.999Z
1734955200000,95932.41000000,96423.00000000,93107.52000000,93250.37000000,8316.98998000,1734969599999,785795868.84493460,1111060,3549.39791000,335466788.09398730,0,2024-12-23T12:00:00.000Z,2024-12-23T15:59:59.999Z
1734969600000,93250.38000000,94260.00000000,92690.00000000,93044.79000000,6236.29663000,1734983999999,582327043.86462210,1049066,3034.11734000,283383267.09414080,0,2024-12-23T16:00:00.000Z,2024-12-23T19:59:59.999Z
1734984000000,93044.79000000,95509.09000000,92520.00000000,94881.47000000,5289.05050000,1734998399999,496970258.79003970,826367,2797.76017000,262968106.17346600,0,2024-12-23T20:00:00.000Z,2024-12-23T23:59:59.999Z
1734998400000,94881.47000000,94881.47000000,93569.02000000,94348.75000000,3135.82400000,1735012799999,295433656.13234590,654861,1523.83045000,143554463.59222440,0,2024-12-24T00:00:00.000Z,2024-12-24T03:59:59.999Z
1735012800000,94348.75000000,94653.45000000,93810.45000000,94233.19000000,1999.49298000,1735027199999,188515305.82343490,406550,974.37956000,91859446.08792690,0,2024-12-24T04:00:00.000Z,2024-12-24T07:59:59.999Z
1735027200000,94233.20000000,94635.70000000,93840.00000000,94398.60000000,1936.10063000,1735041599999,182441991.46419440,366469,892.56398000,84129127.98251910,0,2024-12-24T08:00:00.000Z,2024-12-24T11:59:59.999Z
1735041600000,94398.60000000,98300.00000000,94075.10000000,98300.00000000,6970.36477000,1735055999999,672944824.11750040,777129,3797.05443000,366597792.28690510,0,2024-12-24T12:00:00.000Z,2024-12-24T15:59:59.999Z
1735056000000,98299.99000000,99487.99000000,97546.57000000,97581.09000000,6446.91305000,1735070399999,635244140.74389200,735647,3135.95622000,309150530.26465560,0,2024-12-24T16:00:00.000Z,2024-12-24T19:59:59.999Z
1735070400000,97581.10000000,99068.90000000,97250.00000000,98663.58000000,3185.52945000,1735084799999,312634506.42510830,480893,1645.46926000,161506814.36809490,0,2024-12-24T20:00:00.000Z,2024-12-24T23:59:59.999Z
1735084800000,98663.58000000,98878.44000000,97725.27000000,98029.48000000,2347.02600000,1735099199999,230642324.21162770,475805,1030.19464000,101220820.68601420,0,2024-12-25T00:00:00.000Z,2024-12-25T03:59:59.999Z
1735099200000,98029.49000000,98581.90000000,97844.18000000,98084.33000000,1454.63832000,1735113599999,142792139.09526080,335500,672.37954000,66004311.78273720,0,2024-12-25T04:00:00.000Z,2024-12-25T07:59:59.999Z
1735113600000,98084.33000000,99349.31000000,97773.83000000,97907.61000000,3026.36685000,1735127999999,298043841.80785850,608403,1439.85868000,141862917.40898050,0,2024-12-25T08:00:00.000Z,2024-12-25T11:59:59.999Z
1735128000000,97907.61000000,98832.89000000,97632.02000000,98519.98000000,2843.35507000,1735142399999,279627209.68827210,848725,1413.29016000,138967185.05046910,0,2024-12-25T12:00:00.000Z,2024-12-25T15:59:59.999Z
1735142400000,98519.99000000,99299.99000000,98134.40000000,99018.52000000,2094.84554000,1735156799999,206831471.38353150,487777,1085.68525000,107204478.78233810,0,2024-12-25T16:00:00.000Z,2024-12-25T19:59:59.999Z
1735156800000,99018.52000000,99569.15000000,98384.61000000,99429.60000000,2707.93332000,1735171199999,268206989.86281300,526818,1365.11823000,135205342.87664680,0,2024-12-25T20:00:00.000Z,2024-12-25T23:59:59.999Z
1735171200000,99429.61000000,99963.70000000,98468.26000000,98995.17000000,3339.03441000,1735185599999,330816366.43422030,898377,1728.43359000,171300841.33581210,0,2024-12-26T00:00:00.000Z,2024-12-26T03:59:59.999Z
1735185600000,98995.18000000,98995.18000000,97711.17000000,97719.99000000,2538.93374000,1735199999999,249397716.68915640,503104,1066.75009000,104796246.73741140,0,2024-12-26T04:00:00.000Z,2024-12-26T07:59:59.999Z
1735200000000,97719.99000000,97772.13000000,95199.14000000,95695.81000000,6056.25765000,1735214399999,582184069.98852600,1130183,2757.76627000,264963310.85665350,0,2024-12-26T08:00:00.000Z,2024-12-26T11:59:59.999Z
1735214400000,95695.81000000,96280.25000000,95234.93000000,96042.88000000,4267.56835000,1735228799999,408368325.41957130,1239472,2097.74757000,200790633.18454110,0,2024-12-26T12:00:00.000Z,2024-12-26T15:59:59.999Z
1735228800000,96042.89000000,96621.95000000,95444.44000000,96102.25000000,2892.18792000,1735243199999,277616272.06244180,901543,1436.10561000,137860991.98640000,0,2024-12-26T16:00:00.000Z,2024-12-26T19:59:59.999Z
1735243200000,96102.24000000,96114.46000000,95302.00000000,95791.60000000,2098.38520000,1735257599999,200740816.79285660,530811,985.06936000,94228592.02842620,0,2024-12-26T20:00:00.000Z,2024-12-26T23:59:59.999Z
1735257600000,95791.60000000,96443.68000000,95401.03000000,96417.84000000,2935.24410000,1735271999999,281891452.63290690,645973,1381.96580000,132703212.97401970,0,2024-12-27T00:00:00.000Z,2024-12-27T03:59:59.999Z
1735272000000,96417.84000000,96604.24000000,94646.03000000,95104.76000000,4600.52902000,1735286399999,440244214.31187330,802728,2245.22491000,214919229.81950030,0,2024-12-27T04:00:00.000Z,2024-12-27T07:59:59.999Z
1735286400000,95104.76000000,97544.58000000,95104.76000000,96952.38000000,4963.50857000,1735300799999,479405173.16340120,1195567,2730.38676000,263758372.22323390,0,2024-12-27T08:00:00.000Z,2024-12-27T11:59:59.999Z
1735300800000,96952.38000000,97035.80000000,94011.11000000,94573.75000000,6425.73336000,1735315199999,612503836.19699610,1470224,2853.24020000,271971625.64036110,0,2024-12-27T12:00:00.000Z,2024-12-27T15:59:59.999Z
1735315200000,94573.75000000,94996.16000000,93500.01000000,94750.00000000,5278.97717000,1735329599999,497515946.19708030,1102904,2708.58693000,255329385.46812170,0,2024-12-27T16:00:00.000Z,2024-12-27T19:59:59.999Z
1735329600000,94750.11000000,94823.09000000,94100.60000000,94299.03000000,2297.27207000,1735343999999,217007227.27720360,501470,1026.11197000,96941912.93258180,0,2024-12-27T20:00:00.000Z,2024-12-27T23:59:59.999Z
1735344000000,94299.03000000,94720.00000000,94135.66000000,94594.91000000,1341.52605000,1735358399999,126690994.02777870,469148,630.55847000,59551871.60731810,0,2024-12-28T00:00:00.000Z,2024-12-28T03:59:59.999Z
1735358400000,94594.91000000,94800.00000000,94307.00000000,94381.99000000,971.18403000,1735372799999,91839081.34211380,302458,492.11730000,46535310.08656770,0,2024-12-28T04:00:00.000Z,2024-12-28T07:59:59.999Z
1735372800000,94381.98000000,94883.00000000,94312.67000000,94754.83000000,1063.67759000,1735387199999,100639821.38754490,299391,523.19990000,49498953.28115900,0,2024-12-28T08:00:00.000Z,2024-12-28T11:59:59.999Z
1735387200000,94754.83000000,95340.36000000,94375.80000000,94447.29000000,2013.14298000,1735401599999,190756090.49714310,648811,1036.40307000,98229245.45025010,0,2024-12-28T12:00:00.000Z,2024-12-28T15:59:59.999Z
1735401600000,94447.28000000,95245.24000000,94389.45000000,95027.76000000,1698.97945000,1735415999999,161197553.87363170,567956,825.67428000,78363662.06092800,0,2024-12-28T16:00:00.000Z,2024-12-28T19:59:59.999Z
1735416000000,95027.75000000,95733.99000000,94878.26000000,95300.00000000,1297.38280000,1735430399999,123528083.70674330,444297,695.64574000,66237299.64194410,0,2024-12-28T20:00:00.000Z,2024-12-28T23:59:59.999Z
1735430400000,95300.00000000,95340.00000000,94808.00000000,95172.40000000,1053.11164000,1735444799999,100127011.94590850,325299,458.21201000,43568323.91836020,0,2024-12-29T00:00:00.000Z,2024-12-29T03:59:59.999Z
1735444800000,95172.41000000,95283.99000000,94971.44000000,95272.04000000,875.93086000,1735459199999,83337033.47430140,167573,332.47991000,31634132.08902050,0,2024-12-29T04:00:00.000Z,2024-12-29T07:59:59.999Z
1735459200000,95272.05000000,95315.50000000,95010.00000000,95032.57000000,788.50288000,1735473599999,75029811.97740380,157512,378.31753000,36000817.50669870,0,2024-12-29T08:00:00.000Z,2024-12-29T11:59:59.999Z
1735473600000,95032.58000000,95231.58000000,94010.00000000,94511.12000000,2881.21420000,1735487999999,272704650.12584920,624364,1271.52153000,120310069.92006370,0,2024-12-29T12:00:00.000Z,2024-12-29T15:59:59.999Z
1735488000000,94511.11000000,94578.89000000,93367.52000000,93612.89000000,4040.48021000,1735502399999,379218823.59751220,711514,1453.75207000,136405301.88808240,0,2024-12-29T16:00:00.000Z,2024-12-29T19:59:59.999Z
1735502400000,93612.89000000,93949.52000000,93009.52000000,93738.20000000,3936.76599000,1735516799999,367953532.85587200,879576,1757.10284000,164276768.78051580,0,2024-12-29T20:00:00.000Z,2024-12-29T23:59:59.999Z
1735516800000,93738.19000000,94274.29000000,93368.93000000,93722.71000000,2898.63024000,1735531199999,271672040.09402620,881623,1437.30570000,134723625.71953580,0,2024-12-30T00:00:00.000Z,2024-12-30T03:59:59.999Z
1735531200000,93722.72000000,94060.35000000,93240.03000000,93731.65000000,2439.98241000,1735545599999,228422923.89910950,629317,1225.23369000,114752261.58739380,0,2024-12-30T04:00:00.000Z,2024-12-30T07:59:59.999Z
1735545600000,93731.66000000,94068.56000000,93469.56000000,93923.14000000,1683.90269000,1735559999999,157979744.95875290,475672,797.18971000,74792384.96466190,0,2024-12-30T08:00:00.000Z,2024-12-30T11:59:59.999Z
1735560000000,93923.14000000,94277.23000000,91530.45000000,92130.21000000,9295.96250000,1735574399999,860041463.35122560,1443959,3996.54116000,369614763.48556470,0,2024-12-30T12:00:00.000Z,2024-12-30T15:59:59.999Z
1735574400000,92130.21000000,94684.09000000,91800.00000000,94417.04000000,6130.98017000,1735588799999,573367514.44094860,1169542,3174.63760000,297071055.88669990,0,2024-12-30T16:00:00.000Z,2024-12-30T19:59:59.999Z
1735588800000,94417.04000000,95024.50000000,91901.57000000,92792.05000000,5169.96449000,1735603199999,481642373.02541520,960450,2461.28860000,229255186.60847120,0,2024-12-30T20:00:00.000Z,2024-12-30T23:59:59.999Z
1735603200000,92792.05000000,92907.03000000,92033.73000000,92509.59000000,2673.26662000,1735617599999,247128395.16628300,474825,1241.53718000,114813726.43487120,0,2024-12-31T00:00:00.000Z,2024-12-31T03:59:59.999Z
1735617600000,92509.60000000,93040.10000000,92344.07000000,92860.75000000,1910.77295000,1735631999999,177167486.88127250,320028,1077.39375000,99910987.59279170,0,2024-12-31T04:00:00.000Z,2024-12-31T07:59:59.999Z
1735632000000,92860.75000000,94741.68000000,92842.88000000,94232.68000000,3728.42811000,1735646399999,350514371.21176980,575553,1779.85355000,167267499.43441430,0,2024-12-31T08:00:00.000Z,2024-12-31T11:59:59.999Z
1735646400000,94232.68000000,96250.00000000,94232.67000000,95412.00000000,5922.39263000,1735660799999,564825736.83778500,914659,3041.36717000,290014514.25637320,0,2024-12-31T12:00:00.000Z,2024-12-31T15:59:59.999Z
1735660800000,95412.00000000,95590.52000000,93189.59000000,94166.88000000,3654.49229000,1735675199999,344653601.64117880,755382,1693.28246000,159641299.09937770,0,2024-12-31T16:00:00.000Z,2024-12-31T19:59:59.999Z
1735675200000,94166.88000000,94222.50000000,93375.38000000,93576.00000000,1722.68129000,1735689599999,161429210.18441490,307400,854.53364000,80068294.78757390,0,2024-12-31T20:00:00.000Z,2024-12-31T23:59:59.999Z
1735689600000,93576.00000000,94509.42000000,93489.03000000,93838.04000000,1840.29813000,1735703999999,172887549.10827950,263547,983.77686000,92437151.72073710,0,2025-01-01T00:00:00.000Z,2025-01-01T03:59:59.999Z
1735704000000,93838.04000000,93937.19000000,93500.00000000,93684.10000000,958.86153000,1735718399999,89845071.70986180,125393,492.49873000,46149202.59816590,0,2025-01-01T04:00:00.000Z,2025-01-01T07:59:59.999Z
1735718400000,93684.11000000,93756.02000000,92888.00000000,93444.64000000,1867.48363000,1735732799999,174336252.70278310,252398,872.46741000,81453194.67158030,0,2025-01-01T08:00:00.000Z,2025-01-01T11:59:59.999Z
1735732800000,93444.65000000,94500.00000000,93407.07000000,94432.94000000,2077.71092000,1735747199999,195302233.85939330,325179,1187.49923000,111609153.41728430,0,2025-01-01T12:00:00.000Z,2025-01-01T15:59:59.999Z
1735747200000,94432.94000000,94823.75000000,93760.93000000,94627.07000000,1721.05382000,1735761599999,162204441.49634190,287980,869.51636000,81958370.53300280,0,2025-01-01T16:00:00.000Z,2025-01-01T19:59:59.999Z
1735761600000,94627.08000000,95151.15000000,94542.00000000,94591.79000000,1907.91810000,1735775999999,180868645.26133870,262059,941.97789000,89306962.69982030,0,2025-01-01T20:00:00.000Z,2025-01-01T23:59:59.999Z
1735776000000,94591.78000000,95516.00000000,94392.00000000,95010.33000000,3071.06776000,1735790399999,291911728.48945450,421651,1595.90998000,151725801.04198580,0,2025-01-02T00:00:00.000Z,2025-01-02T03:59:59.999Z
1735790400000,95010.34000000,96000.00000000,94984.84000000,95822.00000000,2597.83185000,1735804799999,248357003.75608420,302532,1444.47319000,138090739.52872660,0,2025-01-02T04:00:00.000Z,2025-01-02T07:59:59.999Z
1735804800000,95822.01000000,96876.38000000,95640.05000000,96732.99000000,3181.19751000,1735819199999,306653574.56742960,342027,1554.67318000,149849866.28510710,0,2025-01-02T08:00:00.000Z,2025-01-02T11:59:59.999Z
1735819200000,96733.00000000,97440.91000000,95924.60000000,96455.01000000,6594.73113000,1735833599999,637866982.14924280,858261,3136.40820000,303392758.69397990,0,2025-01-02T12:00:00.000Z,2025-01-02T15:59:59.999Z
1735833600000,96455.01000000,97777.00000000,96040.04000000,97317.74000000,4552.10190000,1735847999999,441767377.82209480,1162010,2274.47130000,220689492.78414550,0,2025-01-02T16:00:00.000Z,2025-01-02T19:59:59.999Z
1735848000000,97317.74000000,97839.50000000,96666.66000000,96984.79000000,1973.55933000,1735862399999,191855185.89697360,482598,910.03401000,88478051.99972680,0,2025-01-02T20:00:00.000Z,2025-01-02T23:59:59.999Z
1735862400000,96984.79000000,97342.44000000,96650.00000000,97062.30000000,1301.75815000,1735876799999,126233741.96794960,324186,634.51529000,61532100.71375230,0,2025-01-03T00:00:00.000Z,2025-01-03T03:59:59.999Z
1735876800000,97062.30000000,97066.18000000,96280.65000000,96304.00000000,1511.25736000,1735891199999,146051648.35605280,237406,703.72644000,68019494.10996230,0,2025-01-03T04:00:00.000Z,2025-01-03T07:59:59.999Z
1735891200000,96304.00000000,96830.00000000,96100.01000000,96757.58000000,1875.17783000,1735905599999,180919062.98653190,246659,1007.50489000,97215278.89105690,0,2025-01-03T08:00:00.000Z,2025-01-03T11:59:59.999Z
1735905600000,96757.57000000,97660.00000000,96472.43000000,97521.35000000,3996.57846000,1735919999999,387704332.86302530,843336,1938.46727000,188072151.60890790,0,2025-01-03T12:00:00.000Z,2025-01-03T15:59:59.999Z
1735920000000,97521.36000000,98976.91000000,97406.54000000,98592.01000000,4583.69677000,1735934399999,450389538.71959710,863929,2336.40074000,229524128.80718800,0,2025-01-03T16:00:00.000Z,2025-01-03T19:59:59.999Z
1735934400000,98592.02000000,98748.00000000,98067.99000000,98174.18000000,1985.36079000,1735948799999,195312443.69763500,335648,847.99334000,83424092.76569140,0,2025-01-03T20:00:00.000Z,2025-01-03T23:59:59.999Z
1735948800000,98174.17000000,98314.15000000,97800.00000000,98200.00000000,1400.83188000,1735963199999,137370323.24236150,240037,684.66610000,67141581.70484550,0,2025-01-04T00:00:00.000Z,2025-01-04T03:59:59.999Z
1735963200000,98200.01000000,98350.04000000,97862.87000000,98271.88000000,1220.86223000,1735977599999,119790484.23623630,183341,651.42246000,63919705.63002930,0,2025-01-04T04:00:00.000Z,2025-01-04T07:59:59.999Z
1735977600000,98271.87000000,98306.22000000,97532.58000000,97889.39000000,1585.26406000,1735991999999,155101352.47979750,236257,787.81353000,77077603.20546410,0,2025-01-04T08:00:00.000Z,2025-01-04T11:59:59.999Z
1735992000000,97889.40000000,98152.02000000,97514.79000000,97657.94000000,1867.22331000,1736006399999,182704783.54343630,377169,858.52860000,84014804.62264510,0,2025-01-04T12:00:00.000Z,2025-01-04T15:59:59.999Z
1736006400000,97657.95000000,98350.00000000,97549.99000000,98166.26000000,1394.26571000,1736020799999,136470660.80869760,270117,643.46729000,63001830.23370310,0,2025-01-04T16:00:00.000Z,2025-01-04T19:59:59.999Z
1736020800000,98166.26000000,98778.43000000,98143.20000000,98220.50000000,1521.60932000,1736035199999,149786147.32483110,253061,724.90423000,71369188.73386680,0,2025-01-04T20:00:00.000Z,2025-01-04T23:59:59.999Z
1736035200000,98220.51000000,98391.59000000,98050.00000000,98187.96000000,830.57053000,1736049599999,81556673.07007310,172949,365.11247000,35851837.97135560,0,2025-01-05T00:00:00.000Z,2025-01-05T03:59:59.999Z
1736049600000,98187.97000000,98522.76000000,98187.96000000,98268.77000000,719.22974000,1736063999999,70751744.72066510,132462,364.20019000,35826737.58744060,0,2025-01-05T04:00:00.000Z,2025-01-05T07:59:59.999Z
1736064000000,98268.77000000,98268.78000000,97600.00000000,97641.63000000,1371.38309000,1736078399999,134134897.59798880,247106,622.30604000,60864163.73432060,0,2025-01-05T08:00:00.000Z,2025-01-05T11:59:59.999Z
1736078400000,97641.62000000,98281.89000000,97276.79000000,98028.98000000,1867.30793000,1736092799999,182518300.46348830,425993,926.14967000,90556711.95648570,0,2025-01-05T12:00:00.000Z,2025-01-05T15:59:59.999Z
1736092800000,98028.98000000,98332.54000000,97577.46000000,98079.63000000,1421.36695000,1736107199999,139242129.40163060,328542,630.98693000,61805416.14956270,0,2025-01-05T16:00:00.000Z,2025-01-05T19:59:59.999Z
1736107200000,98079.64000000,98836.85000000,98024.00000000,98363.61000000,1885.77899000,1736121599999,185727970.70078650,378747,969.15455000,95450473.06943840,0,2025-01-05T20:00:00.000Z,2025-01-05T23:59:59.999Z
1736121600000,98363.61000000,99333.00000000,97920.00000000,99037.57000000,3197.22330000,1736135999999,315895449.56923820,694757,1725.86053000,170575197.96096010,0,2025-01-06T00:00:00.000Z,2025-01-06T03:59:59.999Z
1736136000000,99037.57000000,99892.00000000,99037.57000000,99318.70000000,2944.63327000,1736150399999,293018931.25505080,433349,1521.23552000,151394164.71199110,0,2025-01-06T04:00:00.000Z,2025-01-06T07:59:59.999Z
1736150400000,99318.70000000,99625.69000000,98709.28000000,99259.99000000,2315.45844000,1736164799999,229469043.20464170,376785,967.23999000,95843453.36143740,0,2025-01-06T08:00:00.000Z,2025-01-06T11:59:59.999Z
1736164800000,99259.99000000,102468.92000000,98711.94000000,102147.95000000,8408.22358000,1736179199999,845685965.41393960,1259832,4391.20864000,441878359.82632940,0,2025-01-06T12:00:00.000Z,2025-01-06T15:59:59.999Z
1736179200000,102147.95000000,102480.00000000,101250.00000000,101817.22000000,5128.12803000,1736193599999,522864894.93321740,712827,2358.39910000,240486204.55913070,0,2025-01-06T16:00:00.000Z,2025-01-06T19:59:59.999Z
1736193600000,101817.22000000,102329.98000000,101600.05000000,102235.60000000,3269.76713000,1736207999999,333627404.40105570,376152,1575.65156000,160765879.04640750,0,2025-01-06T20:00:00.000Z,2025-01-06T23:59:59.999Z
1736208000000,102235.60000000,102724.38000000,101512.91000000,101708.08000000,2357.41538000,1736222399999,240463473.86549420,345085,1228.20442000,125331359.67327520,0,2025-01-07T00:00:00.000Z,2025-01-07T03:59:59.999Z
1736222400000,101708.09000000,102015.01000000,101582.79000000,101664.81000000,1492.76799000,1736236799999,151919376.88977390,182744,598.66607000,60931051.68959340,0,2025-01-07T04:00:00.000Z,2025-01-07T07:59:59.999Z
1736236800000,101664.81000000,101995.64000000,100472.45000000,100830.86000000,3234.87532000,1736251199999,327699981.93317630,402272,1289.85209000,130687456.36716910,0,2025-01-07T08:00:00.000Z,2025-01-07T11:59:59.999Z
1736251200000,100830.86000000,100960.06000000,97153.50000000,97952.26000000,12652.02745000,1736265599999,1254027026.32587290,1333042,5751.79667000,570161150.60576540,0,2025-01-07T12:00:00.000Z,2025-01-07T15:59:59.999Z
1736265600000,97952.26000000,98347.81000000,96323.67000000,96451.98000000,7820.91705000,1736279999999,761030197.88631970,1513765,3645.36806000,354713827.23186280,0,2025-01-07T16:00:00.000Z,2025-01-07T19:59:59.999Z
1736280000000,96451.99000000,97220.76000000,96181.81000000,96954.61000000,4501.87218000,1736294399999,435281602.81659890,703654,2301.22722000,222511204.13786860,0,2025-01-07T20:00:00.000Z,2025-01-07T23:59:59.999Z
1736294400000,96954.60000000,97268.65000000,96216.83000000,96525.20000000,3503.85267000,1736308799999,339257173.91598020,482373,1569.69222000,152049849.40811280,0,2025-01-08T00:00:00.000Z,2025-01-08T03:59:59.999Z
1736308800000,96525.20000000,96654.61000000,95250.76000000,95657.09000000,5008.27213000,1736323199999,480489861.92776030,619633,2250.22365000,215905529.96609100,0,2025-01-08T04:00:00.000Z,2025-01-08T07:59:59.999Z
1736323200000,95657.09000000,96132.47000000,94543.86000000,95134.92000000,4080.06431000,1736337599999,389610731.83360580,581333,1980.54257000,189187528.57567970,0,2025-01-08T08:00:00.000Z,2025-01-08T11:59:59.999Z
1736337600000,95134.92000000,96079.32000000,94624.43000000,95493.77000000,7524.11163000,1736351999999,716981163.15374910,1397302,3759.25918000,358282628.18829710,0,2025-01-08T12:00:00.000Z,2025-01-08T15:59:59.999Z
1736352000000,95493.77000000,95555.25000000,92500.90000000,94243.89000000,10263.38282000,1736366399999,965498563.79830870,1494081,4561.12953000,429384153.70033480,0,2025-01-08T16:00:00.000Z,2025-01-08T19:59:59.999Z
1736366400000,94243.89000000,95310.94000000,93600.00000000,95060.61000000,3324.99538000,1736380799999,314011586.48355790,596486,1683.00376000,158981638.86079310,0,2025-01-08T20:00:00.000Z,2025-01-08T23:59:59.999Z
1736380800000,95060.61000000,95382.32000000,93422.89000000,94027.90000000,5419.68508000,1736395199999,511797137.37081590,668839,2462.46749000,232572124.89109580,0,2025-01-09T00:00:00.000Z,2025-01-09T03:59:59.999Z
1736395200000,94027.91000000,94618.63000000,93186.38000000,93221.59000000,2824.32014000,1736409599999,265421770.98770460,420090,1166.58589000,109650483.29299980,0,2025-01-09T04:00:00.000Z,2025-01-09T07:59:59.999Z
1736409600000,93221.59000000,93877.46000000,92750.00000000,93465.23000000,4574.38662000,1736423999999,426677206.50983540,805632,2084.46591000,194484670.72531650,0,2025-01-09T08:00:00.000Z,2025-01-09T11:59:59.999Z
1736424000000,93465.23000000,94588.23000000,91800.00000000,94244.02000000,9108.35063000,1736438399999,845499612.32299690,1341760,4145.84237000,385114269.54410990,0,2025-01-09T12:00:00.000Z,2025-01-09T15:59:59.999Z
1736438400000,94244.02000000,94685.25000000,91900.01000000,91909.59000000,6624.66398000,1736452799999,617221473.14030300,1388224,2833.79460000,264037266.96667850,0,2025-01-09T16:00:00.000Z,2025-01-09T19:59:59.999Z
1736452800000,91909.59000000,92720.67000000,91203.67000000,92552.49000000,5993.43040000,1736467199999,551052686.91374210,1402616,2630.47037000,241953336.85256070,0,2025-01-09T20:00:00.000Z,2025-01-09T23:59:59.999Z
1736467200000,92552.49000000,93727.83000000,92431.73000000,93696.13000000,2928.04066000,1736481599999,272612987.79266040,848374,1458.01303000,135751604.42816670,0,2025-01-10T00:00:00.000Z,2025-01-10T03:59:59.999Z
1736481600000,93696.13000000,95000.00000000,93500.00000000,94492.63000000,3602.28378000,1736495999999,339244219.84147940,730052,1932.51587000,182070032.12795980,0,2025-01-10T04:00:00.000Z,2025-01-10T07:59:59.999Z
1736496000000,94492.62000000,95293.40000000,94388.50000000,95073.95000000,2846.56733000,1736510399999,269914841.78548520,506179,1438.31037000,136395973.81470330,0,2025-01-10T08:00:00.000Z,2025-01-10T11:59:59.999Z
1736510400000,95073.95000000,95117.26000000,92206.02000000,93730.92000000,12008.10901000,1736524799999,1124971482.33220120,1781023,5861.98546000,549120607.75884720,0,2025-01-10T12:00:00.000Z,2025-01-10T15:59:59.999Z
1736524800000,93730.93000000,95836.00000000,93177.40000000,95327.06000000,7960.59139000,1736539199999,752651558.85087540,1279296,3864.59905000,365675081.32782960,0,2025-01-10T16:00:00.000Z,2025-01-10T19:59:59.999Z
1736539200000,95327.07000000,95442.15000000,94586.02000000,94726.11000000,2137.27207000,1736553599999,202690252.68100200,386520,1062.01445000,100698246.19962060,0,2025-01-10T20:00:00.000Z,2025-01-10T23:59:59.999Z
1736553600000,94726.10000000,94746.37000000,94106.49000000,94206.95000000,1275.83371000,1736567999999,120445544.19854920,315820,588.43177000,55547165.90951910,0,2025-01-11T00:00:00.000Z,2025-01-11T03:59:59.999Z
1736568000000,94206.96000000,94441.87000000,93831.73000000,94246.36000000,989.55966000,1736582399999,93181014.70704100,220752,431.76133000,40657844.74235410,0,2025-01-11T04:00:00.000Z,2025-01-11T07:59:59.999Z
1736582400000,94246.36000000,94791.67000000,94031.22000000,94625.65000000,1009.69139000,1736596799999,95312702.70519750,207691,497.35693000,46956708.96492760,0,2025-01-11T08:00:00.000Z,2025-01-11T11:59:59.999Z
1736596800000,94625.66000000,94655.20000000,94307.25000000,94410.26000000,891.77961000,1736611199999,84270107.74278170,239883,424.01892000,40068967.43547660,0,2025-01-11T12:00:00.000Z,2025-01-11T15:59:59.999Z
1736611200000,94410.26000000,94708.12000000,93984.55000000,94249.26000000,1016.34928000,1736625599999,95825659.65552880,226793,513.10535000,48386336.61210410,0,2025-01-11T16:00:00.000Z,2025-01-11T19:59:59.999Z
1736625600000,94249.27000000,95050.94000000,94200.89000000,94599.99000000,1864.69065000,1736639999999,176650965.92391180,285252,957.70241000,90729953.77107380,0,2025-01-11T20:00:00.000Z,2025-01-11T23:59:59.999Z
1736640000000,94599.99000000,94699.00000000,94296.99000000,94622.40000000,984.48539000,1736654399999,93045336.97991240,198430,468.08966000,44244390.98739350,0,2025-01-12T00:00:00.000Z,2025-01-12T03:59:59.999Z
1736654400000,94622.40000000,94650.00000000,94274.01000000,94323.85000000,555.17676000,1736668799999,52458725.93295320,126922,224.64780000,21229028.21489190,0,2025-01-12T04:00:00.000Z,2025-01-12T07:59:59.999Z
1736668800000,94323.85000000,94393.57000000,93711.19000000,94255.10000000,1542.32088000,1736683199999,145067614.94075700,229038,656.66088000,61763428.28269250,0,2025-01-12T08:00:00.000Z,2025-01-12T11:59:59.999Z
1736683200000,94255.10000000,95450.10000000,94173.48000000,95071.90000000,2128.13742000,1736697599999,201693817.50111730,411980,1106.51656000,104875638.52049000,0,2025-01-12T12:00:00.000Z,2025-01-12T15:59:59.999Z
1736697600000,95071.91000000,95314.12000000,94578.54000000,94650.26000000,1321.59389000,1736711999999,125500228.39826190,283315,549.55496000,52212984.56239000,0,2025-01-12T16:00:00.000Z,2025-01-12T19:59:59.999Z
1736712000000,94650.26000000,94800.00000000,93800.00000000,94545.06000000,2075.15188000,1736726399999,195513105.90539310,409178,1022.86045000,96366299.35058480,0,2025-01-12T20:00:00.000Z,2025-01-12T23:59:59.999Z
1736726400000,94545.07000000,95940.00000000,93899.99000000,94269.23000000,3486.55763000,1736740799999,330514175.94491940,810900,1815.93248000,172167049.86486350,0,2025-01-13T00:00:00.000Z,2025-01-13T03:59:59.999Z
1736740800000,94269.23000000,94913.03000000,93281.00000000,93590.24000000,2651.83860000,1736755199999,249136072.70694110,498234,1222.33926000,114857877.61899640,0,2025-01-13T04:00:00.000Z,2025-01-13T07:59:59.999Z
1736755200000,93590.24000000,93661.55000000,90833.12000000,90851.22000000,10070.64435000,1736769599999,926089254.50982220,1172030,4026.01373000,370500627.76442460,0,2025-01-13T08:00:00.000Z,2025-01-13T11:59:59.999Z
1736769600000,90851.23000000,93100.00000000,89256.69000000,92123.75000000,15768.82719000,1736783999999,1437569314.91204440,1455142,7134.79577000,650986304.77511300,0,2025-01-13T12:00:00.000Z,2025-01-13T15:59:59.999Z
1736784000000,92123.75000000,92534.10000000,91250.00000000,92312.18000000,5597.12697000,1736798399999,514435817.91180160,1048500,2773.78039000,254942080.24710630,0,2025-01-13T16:00:00.000Z,2025-01-13T19:59:59.999Z
1736798400000,92312.18000000,94727.15000000,91908.20000000,94536.10000000,5044.56949000,1736812799999,472921498.36192870,756157,2501.01879000,234434238.57910410,0,2025-01-13T20:00:00.000Z,2025-01-13T23:59:59.999Z
1736812800000,94536.11000000,95280.80000000,94346.22000000,94861.40000000,3303.28378000,1736827199999,313191800.38866570,503863,1678.27932000,159137352.49207520,0,2025-01-14T00:00:00.000Z,2025-01-14T03:59:59.999Z
1736827200000,94861.39000000,95464.71000000,94753.42000000,94864.00000000,2358.76020000,1736841599999,224183402.07139480,314152,1051.46620000,99934914.31030270,0,2025-01-14T04:00:00.000Z,2025-01-14T07:59:59.999Z
1736841600000,94863.99000000,97371.00000000,94860.11000000,96548.04000000,6495.82711000,1736855999999,625542908.37070780,812051,3634.07003000,349749772.08301910,0,2025-01-14T08:00:00.000Z,2025-01-14T11:59:59.999Z
1736856000000,96548.04000000,97265.48000000,95748.93000000,96471.65000000,8394.33223000,1736870399999,810631997.04860210,1238430,4334.72536000,418776425.71286930,0,2025-01-14T12:00:00.000Z,2025-01-14T15:59:59.999Z
1736870400000,96471.65000000,97088.57000000,95351.76000000,96537.80000000,5134.58254000,1736884799999,493970245.51901690,1146111,2536.03475000,243958288.38005670,0,2025-01-14T16:00:00.000Z,2025-01-14T19:59:59.999Z
1736884800000,96537.23000000,96921.13000000,96152.31000000,96560.86000000,2159.83167000,1736899199999,208528116.95856310,518316,1014.12050000,97907358.71517300,0,2025-01-14T20:00:00.000Z,2025-01-14T23:59:59.999Z
1736899200000,96560.85000000,97554.63000000,96500.00000000,97317.12000000,3289.96951000,1736913599999,319347211.95029080,513651,1626.01698000,157846985.49742000,0,2025-01-15T00:00:00.000Z,2025-01-15T03:59:59.999Z
1736913600000,97317.12000000,97724.96000000,96750.00000000,97301.35000000,3059.85859000,1736927999999,297422622.45787550,347656,1233.78748000,119978524.81755680,0,2025-01-15T04:00:00.000Z,2025-01-15T07:59:59.999Z
1736928000000,97301.35000000,97524.00000000,96521.00000000,96762.18000000,2662.70368000,1736942399999,258365332.05922920,407760,1086.32910000,105388073.02686910,0,2025-01-15T08:00:00.000Z,2025-01-15T11:59:59.999Z
1736942400000,96762.19000000,99799.98000000,96539.77000000,98992.42000000,11578.95097000,1736956799999,1143161072.43155520,1136640,6562.15818000,647736746.33117070,0,2025-01-15T12:00:00.000Z,2025-01-15T15:59:59.999Z
1736956800000,98992.42000000,99990.00000000,98602.05000000,99844.90000000,5037.81977000,1736971199999,500127418.71269890,572739,2518.62153000,250116453.08222080,0,2025-01-15T16:00:00.000Z,2025-01-15T19:59:59.999Z
1736971200000,99844.91000000,100681.94000000,99460.80000000,100497.35000000,4880.68927000,1736985599999,487818725.27514500,509499,2467.26546000,246661443.55309540,0,2025-01-15T20:00:00.000Z,2025-01-15T23:59:59.999Z
1736985600000,100497.35000000,100866.66000000,99170.00000000,99478.03000000,4764.75349000,1736999999999,476172893.79984730,664354,2134.08932000,213349174.13151840,0,2025-01-16T00:00:00.000Z,2025-01-16T03:59:59.999Z
1737000000000,99478.04000000,99921.86000000,99322.19000000,99799.99000000,1971.85838000,1737014399999,196467678.72159770,204358,982.80337000,97939333.33897130,0,2025-01-16T04:00:00.000Z,2025-01-16T07:59:59.999Z
1737014400000,99800.00000000,99820.00000000,98617.55000000,99158.71000000,4224.49604000,1737028799999,418423185.96260390,417104,2037.05117000,201799158.69500290,0,2025-01-16T08:00:00.000Z,2025-01-16T11:59:59.999Z
1737028800000,99158.70000000,99517.93000000,97335.13000000,99296.17000000,7952.93002000,1737043199999,783261505.83378130,1154314,4055.71521000,399506566.77738130,0,2025-01-16T12:00:00.000Z,2025-01-16T15:59:59.999Z
1737043200000,99296.17000000,100448.72000000,99079.05000000,100417.20000000,5345.71609000,1737057599999,532943215.25275020,852624,2684.14243000,267619929.57689500,0,2025-01-16T16:00:00.000Z,2025-01-16T19:59:59.999Z
1737057600000,100417.20000000,100641.99000000,99377.00000000,99987.30000000,3573.09915000,1737071999999,357893561.06921870,470001,1619.73557000,162248459.10755960,0,2025-01-16T20:00:00.000Z,2025-01-16T23:59:59.999Z
1737072000000,99987.30000000,102148.13000000,99950.77000000,101051.73000000,6891.54414000,1737086399999,697557581.18299540,695273,3919.83921000,396786804.85262280,0,2025-01-17T00:00:00.000Z,2025-01-17T03:59:59.999Z
1737086400000,101051.73000000,101899.49000000,100952.10000000,101440.50000000,3198.48530000,1737100799999,324541656.15943990,310610,1624.59857000,164839897.63166000,0,2025-01-17T04:00:00.000Z,2025-01-17T07:59:59.999Z
1737100800000,101440.51000000,102581.45000000,101439.77000000,102237.60000000,5380.48317000,1737115199999,549200565.27122210,481422,3053.91502000,311714627.85537250,0,2025-01-17T08:00:00.000Z,2025-01-17T11:59:59.999Z
1737115200000,102237.60000000,104254.19000000,102195.90000000,104000.00000000,9298.37508000,1737129599999,959872394.44158110,982160,5032.82135000,519611690.39647410,0,2025-01-17T12:00:00.000Z,2025-01-17T15:59:59.999Z
1737129600000,104000.00000000,105865.22000000,103841.18000000,105834.93000000,9336.85365000,1737143999999,978568853.46073750,916646,4781.79054000,501230640.63307220,0,2025-01-17T16:00:00.000Z,2025-01-17T19:59:59.999Z
1737144000000,105834.93000000,105847.02000000,104065.25000000,104077.48000000,5066.11158000,1737158399999,531252934.95907080,500796,2260.24831000,237039631.83564460,0,2025-01-17T20:00:00.000Z,2025-01-17T23:59:59.999Z
1737158400000,104077.47000000,104656.87000000,103000.25000000,103559.82000000,3518.82558000,1737172799999,366181482.30737670,419493,1448.45302000,150754359.77295750,0,2025-01-18T00:00:00.000Z,2025-01-18T03:59:59.999Z
1737172800000,103559.82000000,103771.21000000,102602.48000000,102821.75000000,4937.13140000,1737187199999,509713077.70560150,567929,2331.87639000,240755930.03301990,0,2025-01-18T04:00:00.000Z,2025-01-18T07:59:59.999Z
1737187200000,102821.75000000,103883.01000000,102277.55000000,103589.29000000,4114.11548000,1737201599999,424073960.33757870,569582,2061.02003000,212480749.13062200,0,2025-01-18T08:00:00.000Z,2025-01-18T11:59:59.999Z
1737201600000,103589.29000000,104988.88000000,103107.65000000,104568.96000000,5002.17801000,1737215999999,520536474.69134130,683975,2588.46307000,269411361.82202800,0,2025-01-18T12:00:00.000Z,2025-01-18T15:59:59.999Z
1737216000000,104568.96000000,104719.29000000,103156.02000000,104382.01000000,4197.15572000,1737230399999,436512525.13271820,770372,1955.36254000,203373399.57850180,0,2025-01-18T16:00:00.000Z,2025-01-18T19:59:59.999Z
1737230400000,104382.00000000,104750.00000000,103765.44000000,104556.23000000,2538.42379000,1737244799999,264504599.20490890,391811,1222.33769000,127395128.03768270,0,2025-01-18T20:00:00.000Z,2025-01-18T23:59:59.999Z
1737244800000,104556.23000000,105458.55000000,104013.51000000,104984.01000000,3271.33432000,1737259199999,342660024.04054450,418015,1667.36504000,174675629.65932880,0,2025-01-19T00:00:00.000Z,2025-01-19T03:59:59.999Z
1737259200000,104984.01000000,105634.78000000,104191.19000000,105167.12000000,4785.51322000,1737273599999,502755998.09368970,527034,2400.36543000,252231739.95774800,0,2025-01-19T04:00:00.000Z,2025-01-19T07:59:59.999Z
1737273600000,105167.11000000,105496.03000000,103450.69000000,104363.23000000,7895.87414000,1737287999999,825934770.71020660,964775,3716.41871000,388880069.28356400,0,2025-01-19T08:00:00.000Z,2025-01-19T11:59:59.999Z
1737288000000,104363.24000000,105706.48000000,104300.75000000,104936.35000000,6026.11475000,1737302399999,632382626.81679630,807014,2835.78497000,297618654.18865820,0,2025-01-19T12:00:00.000Z,2025-01-19T15:59:59.999Z
1737302400000,104936.35000000,106200.74000000,104520.01000000,106200.00000000,3579.79556000,1737316799999,376382047.45952570,398855,2070.73978000,217814847.29767760,0,2025-01-19T16:00:00.000Z,2025-01-19T19:59:59.999Z
1737316800000,106200.00000000,106422.43000000,99651.60000000,101331.57000000,17838.65099000,1737331199999,1833308504.28948930,2156227,8388.83689000,862049830.61496790,0,2025-01-19T20:00:00.000Z,2025-01-19T23:59:59.999Z
1737331200000,101331.57000000,102321.42000000,99550.00000000,101891.93000000,13939.26024000,1737345599999,1405745413.87599460,1994285,6650.87333000,670601022.98139840,0,2025-01-20T00:00:00.000Z,2025-01-20T03:59:59.999Z
1737345600000,101891.94000000,109588.00000000,101535.28000000,107120.65000000,21204.58766200,1737359999999,2268072181.02357580,2199403,11490.02110200,1228517818.65402440,0,2025-01-20T04:00:00.000Z,2025-01-20T07:59:59.999Z
1737360000000,107120.65000000,109193.23000000,107093.33000000,108239.19000000,9010.89785000,1737374399999,975145803.37044520,1133460,4531.98747000,490439141.58658340,0,2025-01-20T08:00:00.000Z,2025-01-20T11:59:59.999Z
1737374400000,108239.19000000,108700.01000000,104480.00000000,104957.99000000,13711.24313000,1737388799999,1465114024.95911540,1995206,6713.79641000,717717195.27548430,0,2025-01-20T12:00:00.000Z,2025-01-20T15:59:59.999Z
1737388800000,104957.99000000,107050.00000000,100333.00000000,103691.63000000,25962.90260000,1737403199999,2696889917.60301240,3173856,12744.21565000,1324964888.62276360,0,2025-01-20T16:00:00.000Z,2025-01-20T19:59:59.999Z
1737403200000,103691.64000000,104331.00000000,101701.01000000,102260.01000000,5700.34025000,1737417599999,587819723.48857160,1101727,2639.63553000,272213187.39512840,0,2025-01-20T20:00:00.000Z,2025-01-20T23:59:59.999Z
1737417600000,102260.00000000,103260.10000000,100119.04000000,102936.01000000,10133.69299000,1737431999999,1032121114.98765130,1587896,5116.56021000,521411061.06601150,0,2025-01-21T00:00:00.000Z,2025-01-21T03:59:59.999Z
1737432000000,102936.01000000,102974.14000000,101111.68000000,101989.05000000,5400.15858000,1737446399999,550979455.00628700,881714,2735.48557000,279092164.92272080,0,2025-01-21T04:00:00.000Z,2025-01-21T07:59:59.999Z
1737446400000,101989.06000000,103973.02000000,101740.82000000,103758.25000000,6235.66073000,1737460799999,641480633.68118350,830654,3051.16335000,314052803.69796530,0,2025-01-21T08:00:00.000Z,2025-01-21T11:59:59.999Z
1737460800000,103758.25000000,105320.00000000,102803.43000000,103943.00000000,9899.25066000,1737475199999,1029460867.07758390,1387815,4940.91630000,513901362.20144950,0,2025-01-21T12:00:00.000Z,2025-01-21T15:59:59.999Z
1737475200000,103942.99000000,107240.81000000,103822.02000000,107031.34000000,9757.23378000,1737489599999,1034437933.99261100,1399062,5082.92047000,538794870.73136450,0,2025-01-21T16:00:00.000Z,2025-01-21T19:59:59.999Z
1737489600000,107031.34000000,107199.99000000,105420.00000000,106143.82000000,4515.02328000,1737503999999,480032253.41118460,755839,2299.98151000,244601995.89320720,0,2025-01-21T20:00:00.000Z,2025-01-21T23:59:59.999Z
1737504000000,106143.82000000,106394.46000000,105448.99000000,105600.01000000,3019.25833000,1737518399999,319666599.09080450,535129,1389.42513000,147113246.86979670,0,2025-01-22T00:00:00.000Z,2025-01-22T03:59:59.999Z
1737518400000,105600.01000000,105952.00000000,105043.88000000,105084.77000000,2894.59275000,1737532799999,305453369.52764100,412096,1284.09998000,135531256.91602440,0,2025-01-22T04:00:00.000Z,2025-01-22T07:59:59.999Z
1737532800000,105084.77000000,105464.83000000,104647.75000000,105100.39000000,3008.01462000,1737547199999,315901593.00725690,485074,1311.00798000,137685823.20700520,0,2025-01-22T08:00:00.000Z,2025-01-22T11:59:59.999Z
1737547200000,105100.38000000,105584.23000000,103662.58000000,104180.01000000,6007.84866000,1737561599999,627899413.19117670,1210571,2854.80869000,298392068.38240760,0,2025-01-22T12:00:00.000Z,2025-01-22T15:59:59.999Z
1737561600000,104180.01000000,104754.64000000,103339.12000000,104630.00000000,4362.47109000,1737575999999,454226377.51700760,1054260,2223.35088000,231556473.09916840,0,2025-01-22T16:00:00.000Z,2025-01-22T19:59:59.999Z
1737576000000,104630.00000000,104830.12000000,103611.66000000,103706.66000000,2956.50709000,1737590399999,307997288.32469200,666905,1438.90040000,149894463.51325610,0,2025-01-22T20:00:00.000Z,2025-01-22T23:59:59.999Z
1737590400000,103706.66000000,103819.99000000,102100.00000000,102461.25000000,4960.28164000,1737604799999,510050641.84911350,670198,2250.75369000,231466178.07294740,0,2025-01-23T00:00:00.000Z,2025-01-23T03:59:59.999Z
1737604800000,102461.24000000,102968.31000000,101575.50000000,102710.27000000,3922.18053000,1737619199999,401074797.10729680,586937,1914.78804000,195901929.05110220,0,2025-01-23T04:00:00.000Z,2025-01-23T07:59:59.999Z
1737619200000,102710.28000000,102724.94000000,101262.28000000,101944.49000000,3213.96175000,1737633599999,327750359.44827690,579337,1525.31921000,155577360.40103120,0,2025-01-23T08:00:00.000Z,2025-01-23T11:59:59.999Z
1737633600000,101944.50000000,106050.86000000,101281.62000000,105263.52000000,17241.02811000,1737647999999,1793739429.29719920,1931073,8847.54680000,920650373.67336740,0,2025-01-23T12:00:00.000Z,2025-01-23T15:59:59.999Z
1737648000000,105263.52000000,106850.00000000,103399.98000000,103770.04000000,10175.26517000,1737662399999,1073142531.41948970,1418924,5035.72279000,531266562.11611780,0,2025-01-23T16:00:00.000Z,2025-01-23T19:59:59.999Z
1737662400000,103770.05000000,106421.03000000,102195.70000000,103910.34000000,14440.40311000,1737676799999,1505003089.01026230,1774914,7471.79593000,778962547.25731750,0,2025-01-23T20:00:00.000Z,2025-01-23T23:59:59.999Z
1737676800000,103910.35000000,104298.00000000,102750.00000000,103891.75000000,3785.23369000,1737691199999,391922831.88092430,708199,1842.91148000,190816880.76215210,0,2025-01-24T00:00:00.000Z,2025-01-24T03:59:59.999Z
1737691200000,103891.75000000,105355.00000000,103804.77000000,105046.80000000,3142.49691000,1737705599999,329147151.32635570,691715,1648.31953000,172648699.10590380,0,2025-01-24T04:00:00.000Z,2025-01-24T07:59:59.999Z
1737705600000,105046.79000000,105759.00000000,104922.41000000,105420.10000000,2980.39420000,1737719999999,313980597.47229260,569422,1485.28350000,156462712.32149460,0,2025-01-24T08:00:00.000Z,2025-01-24T11:59:59.999Z
1737720000000,105420.11000000,106321.66000000,104669.17000000,105859.98000000,4922.31503000,1737734399999,519530559.95371320,1118989,2524.75366000,266523147.39787880,0,2025-01-24T12:00:00.000Z,2025-01-24T15:59:59.999Z
1737734400000,105859.99000000,107120.00000000,105589.00000000,105760.94000000,5483.37032000,1737748799999,582989986.38644770,1070374,2868.44460000,305061794.81854090,0,2025-01-24T16:00:00.000Z,2025-01-24T19:59:59.999Z
1737748800000,105760.93000000,105781.00000000,104456.89000000,104870.50000000,3295.43002000,1737763199999,346247447.35401450,640187,1523.74773000,160087788.94249840,0,2025-01-24T20:00:00.000Z,2025-01-24T23:59:59.999Z
1737763200000,104870.51000000,105280.82000000,104361.89000000,105202.40000000,2029.85839000,1737777599999,212495941.13405540,360315,1056.10863000,110577690.91128550,0,2025-01-25T00:00:00.000Z,2025-01-25T03:59:59.999Z
1737777600000,105202.40000000,105202.40000000,104216.81000000,104385.98000000,1407.20452000,1737791999999,147074140.74655580,303337,628.59821000,65700799.74244880,0,2025-01-25T04:00:00.000Z,2025-01-25T07:59:59.999Z
1737792000000,104385.99000000,104700.01000000,104106.09000000,104670.99000000,1254.59690000,1737806399999,130965373.63469070,269678,642.19831000,67043469.45474250,0,2025-01-25T08:00:00.000Z,2025-01-25T11:59:59.999Z
1737806400000,104670.99000000,105111.11000000,104456.00000000,104897.79000000,1464.11662000,1737820799999,153367905.42902980,315327,744.56623000,77996684.97243080,0,2025-01-25T12:00:00.000Z,2025-01-25T15:59:59.999Z
1737820800000,104897.79000000,105286.52000000,104449.75000000,105055.16000000,1831.57775000,1737835199999,192089815.97415400,320857,880.85974000,92379151.77512860,0,2025-01-25T16:00:00.000Z,2025-01-25T19:59:59.999Z
1737835200000,105055.16000000,105250.00000000,104696.00000000,104746.85000000,1080.96959000,1737849599999,113518354.43931600,201251,510.27326000,53587199.52006040,0,2025-01-25T20:00:00.000Z,2025-01-25T23:59:59.999Z
1737849600000,104746.86000000,105273.24000000,104503.70000000,105062.42000000,1315.60742000,1737863999999,137839074.25116260,227337,724.13740000,75881803.85400680,0,2025-01-26T00:00:00.000Z,2025-01-26T03:59:59.999Z
1737864000000,105062.41000000,105500.00000000,104950.00000000,104998.35000000,1228.94709000,1737878399999,129179950.27059790,212403,631.98094000,66436142.28571150,0,2025-01-26T04:00:00.000Z,2025-01-26T07:59:59.999Z
1737878400000,104998.36000000,105221.36000000,104444.01000000,104818.69000000,1340.56686000,1737892799999,140410140.95234640,260160,631.18852000,66122717.88782300,0,2025-01-26T08:00:00.000Z,2025-01-26T11:59:59.999Z
1737892800000,104818.68000000,105126.11000000,104703.58000000,104967.01000000,1136.95799000,1737907199999,119295350.30067480,213966,660.62948000,69324710.92690650,0,2025-01-26T12:00:00.000Z,2025-01-26T15:59:59.999Z
1737907200000,104967.02000000,105260.36000000,104896.00000000,105081.63000000,866.43502000,1737921599999,91032860.50850760,188842,409.23095000,42999262.60467530,0,2025-01-26T16:00:00.000Z,2025-01-26T19:59:59.999Z
1737921600000,105081.64000000,105200.00000000,102520.44000000,102620.00000000,3923.99800000,1737935999999,406594989.18826300,710303,1585.00518000,164106452.77702660,0,2025-01-26T20:00:00.000Z,2025-01-26T23:59:59.999Z
1737936000000,102620.01000000,103260.00000000,100720.53000000,101395.64000000,8353.88719000,1737950399999,849469493.23898560,1503652,3746.94991000,381105547.03545720,0,2025-01-27T00:00:00.000Z,2025-01-27T03:59:59.999Z
1737950400000,101395.64000000,101399.99000000,97777.77000000,99048.02000000,12651.63419000,1737964799999,1259364955.18077890,1576060,5331.19038000,530521483.66481160,0,2025-01-27T04:00:00.000Z,2025-01-27T07:59:59.999Z
1737964800000,99048.01000000,99533.33000000,98263.49000000,98761.13000000,6790.38919000,1737979199999,672110256.44378360,1340740,3288.50392000,325545752.86039260,0,2025-01-27T08:00:00.000Z,2025-01-27T11:59:59.999Z
1737979200000,98761.12000000,102317.94000000,98714.28000000,101112.03000000,11346.07460000,1737993599999,1145142235.51675100,2235709,5731.24030000,578455374.38269050,0,2025-01-27T12:00:00.000Z,2025-01-27T15:59:59.999Z
1737993600000,101112.03000000,101250.56000000,98864.00000000,99700.02000000,6873.59773000,1738007999999,685571475.56688460,1549386,2963.51767000,295535090.77053590,0,2025-01-27T16:00:00.000Z,2025-01-27T19:59:59.999Z
1738008000000,99700.01000000,102405.00000000,99606.46000000,102082.83000000,4742.55120000,1738022399999,481227906.88206030,1163363,2467.82215000,250406512.12800600,0,2025-01-27T20:00:00.000Z,2025-01-27T23:59:59.999Z
1738022400000,102082.83000000,102892.00000000,101334.55000000,102636.32000000,3670.23637000,1738036799999,374813977.56928790,832457,1748.93323000,178635680.09141620,0,2025-01-28T00:00:00.000Z,2025-01-28T03:59:59.999Z
1738036800000,102636.32000000,103371.24000000,102527.39000000,102789.72000000,2654.45746000,1738051199999,273380067.14003550,543027,1298.84369000,133776289.00347820,0,2025-01-28T04:00:00.000Z,2025-01-28T07:59:59.999Z
1738051200000,102789.72000000,103181.82000000,102393.94000000,102762.01000000,2051.60214000,1738065599999,210861820.05321970,536553,1007.68147000,103574325.24093060,0,2025-01-28T08:00:00.000Z,2025-01-28T11:59:59.999Z
1738065600000,102762.02000000,103800.00000000,101815.26000000,102777.99000000,5106.45100000,1738079999999,524846223.68739980,1308769,2629.11583000,270315679.48662600,0,2025-01-28T12:00:00.000Z,2025-01-28T15:59:59.999Z
1738080000000,102777.99000000,103108.00000000,101820.15000000,102424.24000000,4696.05403000,1738094399999,481314138.98227910,1247430,2336.89418000,239536873.04054130,0,2025-01-28T16:00:00.000Z,2025-01-28T19:59:59.999Z
1738094400000,102424.24000000,102538.00000000,100272.68000000,101335.52000000,3843.25665000,1738108799999,388761096.60398720,960408,1735.17901000,175518803.42899530,0,2025-01-28T20:00:00.000Z,2025-01-28T23:59:59.999Z
1738108800000,101335.52000000,102319.69000000,101328.01000000,102038.20000000,1696.38336000,1738123199999,172677997.39803020,469104,779.67881000,79364213.87839980,0,2025-01-29T00:00:00.000Z,2025-01-29T03:59:59.999Z
1738123200000,102038.21000000,102853.53000000,101955.51000000,102755.82000000,1764.20643000,1738137599999,180648217.83470150,374651,942.74367000,96549459.96413060,0,2025-01-29T04:00:00.000Z,2025-01-29T07:59:59.999Z
1738137600000,102755.81000000,103000.00000000,102180.65000000,102646.00000000,2209.71378000,1738151999999,226744653.08593790,441607,1248.24435000,128088506.23059700,0,2025-01-29T08:00:00.000Z,2025-01-29T11:59:59.999Z
1738152000000,102646.00000000,102842.04000000,101582.37000000,101980.78000000,4382.66276000,1738166399999,447568403.73148790,1018611,1969.21848000,201136250.59908050,0,2025-01-29T12:00:00.000Z,2025-01-29T15:59:59.999Z
1738166400000,101980.78000000,103999.00000000,101400.01000000,103583.99000000,7259.91780000,1738180799999,745368226.43562920,1569966,3809.68016000,391304331.01852870,0,2025-01-29T16:00:00.000Z,2025-01-29T19:59:59.999Z
1738180800000,103584.00000000,104782.68000000,102868.00000000,103733.24000000,5842.47389000,1738195199999,607376196.28634950,1315760,2925.60635000,304193876.12363030,0,2025-01-29T20:00:00.000Z,2025-01-29T23:59:59.999Z
1738195200000,103733.25000000,105300.00000000,103278.54000000,105196.00000000,3876.90317000,1738209599999,404868395.65746790,720819,2264.89274000,236621632.63607670,0,2025-01-30T00:00:00.000Z,2025-01-30T03:59:59.999Z
1738209600000,105196.00000000,105595.81000000,104799.66000000,105132.07000000,2795.08494000,1738223999999,294033349.06024060,473329,1322.34647000,139127999.13439530,0,2025-01-30T04:00:00.000Z,2025-01-30T07:59:59.999Z
1738224000000,105132.07000000,105534.00000000,104925.26000000,105300.63000000,1690.21583000,1738238399999,177890973.32378910,356679,723.71812000,76166603.58970650,0,2025-01-30T08:00:00.000Z,2025-01-30T11:59:59.999Z
1738238400000,105300.63000000,106457.44000000,104660.00000000,105564.00000000,5586.81148000,1738252799999,589809189.37079860,1093270,3002.43111000,317086368.64560070,0,2025-01-30T12:00:00.000Z,2025-01-30T15:59:59.999Z
1738252800000,105563.99000000,106013.01000000,104762.59000000,105711.27000000,3142.75313000,1738267199999,331428217.42773650,805752,1656.60225000,174736316.33072210,0,2025-01-30T16:00:00.000Z,2025-01-30T19:59:59.999Z
1738267200000,105711.28000000,105821.62000000,104693.82000000,104722.94000000,2282.30617000,1738281599999,240082478.67260850,540226,1170.93765000,123194324.65551940,0,2025-01-30T20:00:00.000Z,2025-01-30T23:59:59.999Z
1738281600000,104722.94000000,105029.72000000,103930.09000000,104344.46000000,2510.54787000,1738295999999,262206160.63656060,456102,1222.93159000,127744105.59264970,0,2025-01-31T00:00:00.000Z,2025-01-31T03:59:59.999Z
1738296000000,104344.46000000,104814.46000000,103972.13000000,104188.56000000,1868.93867000,1738310399999,195018287.89887090,349720,852.02563000,88908296.95557530,0,2025-01-31T04:00:00.000Z,2025-01-31T07:59:59.999Z
1738310400000,104188.57000000,104848.65000000,103936.54000000,104736.00000000,1992.81020000,1738324799999,207844013.05026820,402042,1090.95163000,113802528.06394690,0,2025-01-31T08:00:00.000Z,2025-01-31T11:59:59.999Z
1738324800000,104736.01000000,106012.00000000,104106.00000000,105464.01000000,4829.65222000,1738339199999,507009250.96699660,851907,2657.78046000,279238684.49203150,0,2025-01-31T12:00:00.000Z,2025-01-31T15:59:59.999Z
1738339200000,105464.00000000,105574.40000000,102122.00000000,102312.32000000,6376.84832000,1738353599999,660854891.05833890,1397008,2788.48068000,289087993.06615620,0,2025-01-31T16:00:00.000Z,2025-01-31T19:59:59.999Z
1738353600000,102312.31000000,102482.94000000,101560.00000000,102429.56000000,4404.38465000,1738367999999,449241398.58418240,875125,2085.22969000,212704265.95892490,0,2025-01-31T20:00:00.000Z,2025-01-31T23:59:59.999Z
1738368000000,102429.56000000,102783.71000000,102198.52000000,102249.19000000,1810.34285000,1738382399999,185582515.13117980,336147,985.25105000,101004713.47610060,0,2025-02-01T00:00:00.000Z,2025-02-01T03:59:59.999Z
1738382400000,102249.19000000,102588.57000000,102118.56000000,102166.49000000,1052.21801000,1738396799999,107700928.78735650,228096,511.25891000,52329964.23572390,0,2025-02-01T04:00:00.000Z,2025-02-01T07:59:59.999Z
1738396800000,102166.49000000,102276.99000000,101412.00000000,102028.81000000,2029.14504000,1738411199999,206693049.23918200,418187,804.83163000,81975798.68476330,0,2025-02-01T08:00:00.000Z,2025-02-01T11:59:59.999Z
1738411200000,102028.82000000,102329.01000000,101730.79000000,102073.89000000,1704.67519000,1738425599999,174005124.68180090,385831,854.36304000,87219460.45685110,0,2025-02-01T12:00:00.000Z,2025-02-01T15:59:59.999Z
1738425600000,102073.89000000,102297.99000000,101448.00000000,101669.60000000,1472.58058000,1738439999999,150124193.36005190,389744,644.31801000,65705650.52103400,0,2025-02-01T16:00:00.000Z,2025-02-01T19:59:59.999Z
1738440000000,101669.60000000,101669.60000000,100279.51000000,100635.65000000,4221.99580000,1738454399999,426248417.03765860,830781,1825.87067000,184304428.77453820,0,2025-02-01T20:00:00.000Z,2025-02-01T23:59:59.999Z
1738454400000,100635.66000000,101456.60000000,99148.91000000,99206.86000000,4565.34638000,1738468799999,457702884.68186960,867109,1812.04487000,181817610.34802570,0,2025-02-02T00:00:00.000Z,2025-02-02T03:59:59.999Z
1738468800000,99206.85000000,100515.99000000,99031.19000000,99643.30000000,3478.78338000,1738483199999,347318860.62485420,763506,1613.68791000,161133751.61246740,0,2025-02-02T04:00:00.000Z,2025-02-02T07:59:59.999Z
1738483200000,99643.30000000,100100.00000000,98645.00000000,98864.60000000,4107.22330000,1738497599999,408162838.48060780,839920,1667.43656000,165789702.63086880,0,2025-02-02T08:00:00.000Z,2025-02-02T11:59:59.999Z
1738497600000,98864.60000000,99439.05000000,98157.00000000,99346.87000000,5265.38592000,1738511999999,520363064.16577740,1014883,2492.83842000,246407417.33448910,0,2025-02-02T12:00:00.000Z,2025-02-02T15:59:59.999Z
1738512000000,99346.87000000,99361.97000000,96821.54000000,98273.16000000,9695.73736000,1738526399999,947896583.26520040,2232176,4447.30201000,434938058.66147350,0,2025-02-02T16:00:00.000Z,2025-02-02T19:59:59.999Z
1738526400000,98273.17000000,98628.74000000,96150.00000000,97700.59000000,7507.02305000,1738540799999,730640081.36531850,1484745,3553.85692000,345989550.71568880,0,2025-02-02T20:00:00.000Z,2025-02-02T23:59:59.999Z
1738540800000,97700.59000000,97782.79000000,91231.00000000,94038.74000000,29729.49110000,1738555199999,2805369829.04628280,3573247,13713.73945000,1294554303.14159800,0,2025-02-03T00:00:00.000Z,2025-02-03T03:59:59.999Z
1738555200000,94038.75000000,95426.63000000,92646.36000000,95333.01000000,7783.31800000,1738569599999,730761199.63008420,1470890,3931.15903000,369275127.95088950,0,2025-02-03T04:00:00.000Z,2025-02-03T07:59:59.999Z
1738569600000,95333.01000000,95950.68000000,94799.29000000,95107.89000000,6292.62471000,1738583999999,600101528.13307870,1227512,2973.77638000,283658939.82129470,0,2025-02-03T08:00:00.000Z,2025-02-03T11:59:59.999Z
1738584000000,95107.89000000,99500.00000000,94131.14000000,98842.00000000,14148.56207000,1738598399999,1366477661.69837920,2039763,7136.98752000,689828793.25266380,0,2025-02-03T12:00:00.000Z,2025-02-03T15:59:59.999Z
1738598400000,98842.00000000,101880.00000000,98038.58000000,101880.00000000,10494.44455000,1738612799999,1043286149.21264610,1418976,5673.21076000,564279643.20607050,0,2025-02-03T16:00:00.000Z,2025-02-03T19:59:59.999Z
1738612800000,101879.99000000,102500.01000000,100918.00000000,101328.52000000,6716.29807000,1738627199999,682592812.99115040,894874,3307.69632000,336248887.10874940,0,2025-02-03T20:00:00.000Z,2025-02-03T23:59:59.999Z
1738627200000,101328.51000000,101732.31000000,100534.03000000,100629.70000000,3827.79756000,1738641599999,387102722.89531360,433487,1654.25133000,167321785.89363540,0,2025-02-04T00:00:00.000Z,2025-02-04T03:59:59.999Z
1738641600000,100629.70000000,100764.11000000,98229.82000000,98448.02000000,7495.21052000,1738655999999,743682967.59372570,957550,3393.08864000,336486606.85594320,0,2025-02-04T04:00:00.000Z,2025-02-04T07:59:59.999Z
1738656000000,98448.01000000,99445.17000000,97860.00000000,98967.70000000,4539.23391000,1738670399999,447617298.45167120,889605,2477.10832000,244304424.14137850,0,2025-02-04T08:00:00.000Z,2025-02-04T11:59:59.999Z
1738670400000,98967.70000000,100415.00000000,98275.98000000,99347.19000000,8422.36725000,1738684799999,837153150.47407360,1398359,4007.37158000,398391145.06479210,0,2025-02-04T12:00:00.000Z,2025-02-04T15:59:59.999Z
1738684800000,99347.18000000,100777.93000000,98778.58000000,98859.77000000,6617.95049000,1738699199999,658596623.72468500,1272303,3347.60258000,333191026.29387250,0,2025-02-04T16:00:00.000Z,2025-02-04T19:59:59.999Z
1738699200000,98859.78000000,99444.02000000,96150.00000000,97763.13000000,9365.42724000,1738713599999,915545881.12546160,1667607,4212.15909000,411762206.11021120,0,2025-02-04T20:00:00.000Z,2025-02-04T23:59:59.999Z
1738713600000,97763.14000000,98930.44000000,97131.43000000,98040.00000000,4039.38442000,1738727999999,395840052.17243290,831919,1826.61299000,179003253.71757200,0,2025-02-05T00:00:00.000Z,2025-02-05T03:59:59.999Z
1738728000000,98040.01000000,98332.41000000,97352.77000000,97864.43000000,3233.50156000,1738742399999,316415929.84229030,553580,1342.52834000,131410232.11471460,0,2025-02-05T04:00:00.000Z,2025-02-05T07:59:59.999Z
1738742400000,97864.43000000,98256.00000000,97257.05000000,98198.00000000,3128.59694000,1738756799999,305995540.81329310,506034,1552.72751000,151841658.01299050,0,2025-02-05T08:00:00.000Z,2025-02-05T11:59:59.999Z
1738756800000,98198.00000000,99149.00000000,97734.69000000,98116.24000000,5192.00486000,1738771199999,510707494.17210120,836692,2248.69876000,221320059.84038040,0,2025-02-05T12:00:00.000Z,2025-02-05T15:59:59.999Z
1738771200000,98116.24000000,98277.02000000,96500.00000000,97370.00000000,4822.00148000,1738785599999,469607207.06819260,1017892,2181.65918000,212467038.73985770,0,2025-02-05T16:00:00.000Z,2025-02-05T19:59:59.999Z
1738785600000,97370.00000000,97706.37000000,96155.00000000,96612.43000000,5817.81518000,1738799999999,563775929.76137520,725646,1880.32496000,182274045.71704370,0,2025-02-05T20:00:00.000Z,2025-02-05T23:59:59.999Z
1738800000000,96612.44000000,97493.07000000,96430.78000000,97355.67000000,2552.15194000,1738814399999,247622714.82929900,517373,1290.53705000,125191943.97119700,0,2025-02-06T00:00:00.000Z,2025-02-06T03:59:59.999Z
1738814400000,97355.66000000,98436.61000000,97273.71000000,98195.61000000,2075.46063000,1738828799999,203290934.22414060,327823,984.88753000,96446902.68686630,0,2025-02-06T04:00:00.000Z,2025-02-06T07:59:59.999Z
1738828800000,98195.60000000,99120.00000000,97910.01000000,98877.99000000,2729.43375000,1738843199999,269205952.96516280,451779,1425.06068000,140577980.95856560,0,2025-02-06T08:00:00.000Z,2025-02-06T11:59:59.999Z
1738843200000,98877.99000000,99040.09000000,96930.17000000,97333.09000000,6201.57209000,1738857599999,607804168.41376390,1171515,3009.79054000,295033956.86635000,0,2025-02-06T12:00:00.000Z,2025-02-06T15:59:59.999Z
1738857600000,97333.09000000,97547.71000000,95676.64000000,95983.00000000,6034.55958000,1738871999999,582521980.78514230,1090072,2832.16563000,273427219.67018950,0,2025-02-06T16:00:00.000Z,2025-02-06T19:59:59.999Z
1738872000000,95982.99000000,97093.50000000,95800.00000000,96554.35000000,3922.02606000,1738886399999,378626170.00005150,684245,1719.08906000,165933635.22284050,0,2025-02-06T20:00:00.000Z,2025-02-06T23:59:59.999Z
1738886400000,96554.35000000,97805.60000000,96409.65000000,97444.04000000,3156.67580000,1738900799999,306683262.96264770,619055,1594.53424000,154983909.79080320,0,2025-02-07T00:00:00.000Z,2025-02-07T03:59:59.999Z
1738900800000,97444.04000000,97883.12000000,96566.00000000,96757.05000000,2473.49968000,1738915199999,240043155.63233860,507722,1040.39224000,100972483.95119130,0,2025-02-07T04:00:00.000Z,2025-02-07T07:59:59.999Z
1738915200000,96757.04000000,97750.00000000,96613.24000000,97750.00000000,2223.55235000,1738929599999,216288865.49178960,399461,1176.73132000,114486996.99903980,0,2025-02-07T08:00:00.000Z,2025-02-07T11:59:59.999Z
1738929600000,97749.99000000,100137.99000000,97165.51000000,98283.98000000,12394.34552000,1738943999999,1223798079.54241870,1528584,6029.88821000,595427286.66558440,0,2025-02-07T12:00:00.000Z,2025-02-07T15:59:59.999Z
1738944000000,98283.98000000,98563.55000000,96856.78000000,96898.56000000,6759.22647000,1738958399999,660963581.19411040,1201919,3311.01455000,323868959.17251680,0,2025-02-07T16:00:00.000Z,2025-02-07T19:59:59.999Z
1738958400000,96898.56000000,96944.10000000,95620.34000000,96506.80000000,4786.92083000,1738972799999,459815489.85052920,755715,2096.79314000,201374951.98071640,0,2025-02-07T20:00:00.000Z,2025-02-07T23:59:59.999Z
1738972800000,96506.80000000,96880.00000000,96335.42000000,96699.23000000,2006.38123000,1738987199999,193863659.86909060,368221,747.65370000,72250179.61592190,0,2025-02-08T00:00:00.000Z,2025-02-08T03:59:59.999Z
1738987200000,96699.24000000,96699.24000000,95785.09000000,96209.92000000,1789.48604000,1739001599999,172143203.65615860,315437,801.24960000,77077045.95541760,0,2025-02-08T04:00:00.000Z,2025-02-08T07:59:59.999Z
1739001600000,96209.92000000,96293.48000000,95865.71000000,96120.00000000,1164.01705000,1739015999999,111824536.41498880,226649,606.74783000,58292972.30074550,0,2025-02-08T08:00:00.000Z,2025-02-08T11:59:59.999Z
1739016000000,96120.00000000,96517.52000000,95688.00000000,95843.74000000,2499.53256000,1739030399999,240154119.79110800,349708,1112.10461000,106867736.56145320,0,2025-02-08T12:00:00.000Z,2025-02-08T15:59:59.999Z
1739030400000,95843.74000000,96750.00000000,95749.88000000,96579.99000000,1536.63554000,1739044799999,147946201.79306650,302670,801.39721000,77160020.60668860,0,2025-02-08T16:00:00.000Z,2025-02-08T19:59:59.999Z
1739044800000,96579.99000000,96712.00000000,96358.50000000,96444.74000000,1151.19052000,1739059199999,111108545.99145060,195207,381.37387000,36804809.86451430,0,2025-02-08T20:00:00.000Z,2025-02-08T23:59:59.999Z
1739059200000,96444.75000000,97300.00000000,96360.14000000,97300.00000000,2064.37300000,1739073599999,199922569.32051170,304317,1049.37331000,101679341.45699760,0,2025-02-09T00:00:00.000Z,2025-02-09T03:59:59.999Z
1739073600000,97299.99000000,97323.09000000,96777.77000000,97057.83000000,1130.18566000,1739087999999,109700343.85909650,186657,554.20512000,53801812.02632900,0,2025-02-09T04:00:00.000Z,2025-02-09T07:59:59.999Z
1739088000000,97057.83000000,97294.46000000,96509.96000000,96554.01000000,1810.78846000,1739102399999,175461936.53951440,257198,790.68923000,76619458.64271630,0,2025-02-09T08:00:00.000Z,2025-02-09T11:59:59.999Z
1739102400000,96554.01000000,96703.99000000,95700.00000000,96488.15000000,3215.85687000,1739116799999,309537258.18020210,407464,1441.42965000,138796060.35433050,0,2025-02-09T12:00:00.000Z,2025-02-09T15:59:59.999Z
1739116800000,96488.14000000,96567.80000000,95888.88000000,96064.74000000,1504.31820000,1739131199999,144760315.22972030,327136,720.67189000,69351794.53086680,0,2025-02-09T16:00:00.000Z,2025-02-09T19:59:59.999Z
1739131200000,96064.73000000,96760.00000000,94713.00000000,96462.75000000,4395.39394000,1739145599999,420112729.18175240,810420,2107.35955000,201547131.16403600,0,2025-02-09T20:00:00.000Z,2025-02-09T23:59:59.999Z
1739145600000,96462.75000000,97131.47000000,95256.00000000,96814.98000000,4441.97007000,1739159999999,427665815.19767920,858227,2171.24604000,209042943.68437480,0,2025-02-10T00:00:00.000Z,2025-02-10T03:59:59.999Z
1739160000000,96814.97000000,97640.02000000,96632.81000000,97429.83000000,3716.17533000,1739174399999,360930695.99973360,511724,1824.81303000,177286940.22630950,0,2025-02-10T04:00:00.000Z,2025-02-10T07:59:59.999Z
1739174400000,97429.83000000,97954.69000000,97358.79000000,97661.16000000,3520.47325000,1739188799999,344066791.55797200,385421,1741.32275000,170203635.01509840,0,2025-02-10T08:00:00.000Z,2025-02-10T11:59:59.999Z
1739188800000,97661.15000000,98345.00000000,96866.66000000,97218.69000000,4536.33685000,1739203199999,442413669.07113740,815734,2063.04911000,201298613.40592860,0,2025-02-10T12:00:00.000Z,2025-02-10T15:59:59.999Z
1739203200000,97218.68000000,97643.29000000,96866.39000000,97376.00000000,2785.34059000,1739217599999,270982603.37416900,619175,1172.50904000,114062553.96482430,0,2025-02-10T16:00:00.000Z,2025-02-10T19:59:59.999Z
1739217600000,97376.00000000,97490.71000000,97128.79000000,97430.82000000,1572.57928000,1739231999999,153052477.46809500,285638,634.68332000,61770932.20848350,0,2025-02-10T20:00:00.000Z,2025-02-10T23:59:59.999Z
1739232000000,97430.82000000,98149.92000000,97416.62000000,97607.30000000,2024.92177000,1739246399999,198062671.64267370,517016,1025.62614000,100317230.81268920,0,2025-02-11T00:00:00.000Z,2025-02-11T03:59:59.999Z
1739246400000,97607.31000000,98478.42000000,97558.99000000,98268.97000000,2586.68133000,1739260799999,254063580.91086120,407323,1172.27019000,115082458.10659110,0,2025-02-11T04:00:00.000Z,2025-02-11T07:59:59.999Z
1739260800000,98268.98000000,98330.00000000,97885.62000000,98151.52000000,1703.70026000,1739275199999,167139035.93422180,279844,662.20080000,64970236.19327550,0,2025-02-11T08:00:00.000Z,2025-02-11T11:59:59.999Z
1739275200000,98151.51000000,98158.89000000,96595.33000000,97007.53000000,4245.10245000,1739289599999,412484516.14220090,969337,1947.17021000,189213700.63624660,0,2025-02-11T12:00:00.000Z,2025-02-11T15:59:59.999Z
1739289600000,97007.54000000,97045.53000000,94876.88000000,95040.82000000,4884.73711000,1739303999999,468375432.50670870,873247,2121.03541000,203301428.40094320,0,2025-02-11T16:00:00.000Z,2025-02-11T19:59:59.999Z
1739304000000,95040.81000000,96512.70000000,94928.47000000,95778.20000000,3202.62087000,1739318399999,306409609.24965320,669819,1666.19791000,159435000.72662600,0,2025-02-11T20:00:00.000Z,2025-02-11T23:59:59.999Z
1739318400000,95778.21000000,96263.99000000,95100.00000000,95299.27000000,2407.32134000,1739332799999,230476795.90252940,489956,1032.30877000,98826749.30821070,0,2025-02-12T00:00:00.000Z,2025-02-12T03:59:59.999Z
1739332800000,95299.28000000,96188.68000000,95267.71000000,96069.58000000,1939.80551000,1739347199999,185796757.15035560,373404,1107.51097000,106106724.55803090,0,2025-02-12T04:00:00.000Z,2025-02-12T07:59:59.999Z
1739347200000,96069.58000000,96469.78000000,95913.49000000,96094.65000000,2296.45775000,1739361599999,220887353.12227990,363581,865.52964000,83271161.88553540,0,2025-02-12T08:00:00.000Z,2025-02-12T11:59:59.999Z
1739361600000,96094.65000000,96631.66000000,94088.23000000,95816.18000000,11805.54003000,1739375999999,1123671853.41758980,1986948,5459.26660000,519786248.86445010,0,2025-02-12T12:00:00.000Z,2025-02-12T15:59:59.999Z
1739376000000,95816.18000000,97700.00000000,95120.30000000,97205.06000000,6689.55876000,1739390399999,647518208.12667310,1058047,3303.85819000,319635165.13402100,0,2025-02-12T16:00:00.000Z,2025-02-12T19:59:59.999Z
1739390400000,97205.06000000,98119.99000000,96854.97000000,97869.99000000,4012.48286000,1739404799999,391791200.67493760,720801,2052.23136000,200418207.28988530,0,2025-02-12T20:00:00.000Z,2025-02-12T23:59:59.999Z
1739404800000,97870.00000000,98083.91000000,97367.45000000,97498.42000000,2127.33742000,1739419199999,207882415.59245390,404120,899.12101000,87871103.57141430,0,2025-02-13T00:00:00.000Z,2025-02-13T03:59:59.999Z
1739419200000,97498.43000000,97564.83000000,95800.00000000,96070.23000000,3383.93788000,1739433599999,326501660.72547370,608209,1480.82660000,142845595.50123370,0,2025-02-13T04:00:00.000Z,2025-02-13T07:59:59.999Z
1739433600000,96070.23000000,96336.00000000,95599.57000000,95925.11000000,3154.64728000,1739447999999,302866725.09769960,557117,1240.37193000,119117331.25978860,0,2025-02-13T08:00:00.000Z,2025-02-13T11:59:59.999Z
1739448000000,95925.12000000,96480.06000000,95336.00000000,95998.00000000,5428.60469000,1739462399999,520722252.51817950,1095503,2517.76996000,241581123.70332660,0,2025-02-13T12:00:00.000Z,2025-02-13T15:59:59.999Z
1739462400000,95998.00000000,96361.58000000,95217.36000000,95627.76000000,3689.67744000,1739476799999,353040155.94994530,797271,1677.17460000,160507173.03758630,0,2025-02-13T16:00:00.000Z,2025-02-13T19:59:59.999Z
1739476800000,95627.75000000,96774.71000000,95600.00000000,96608.14000000,2137.57145000,1739491199999,205975036.50836660,447236,1036.89805000,99901240.02058520,0,2025-02-13T20:00:00.000Z,2025-02-13T23:59:59.999Z
1739491200000,96608.13000000,97190.00000000,96356.41000000,97129.98000000,1805.79470000,1739505599999,174652922.97567610,309700,868.96502000,84072865.68535150,0,2025-02-14T00:00:00.000Z,2025-02-14T03:59:59.999Z
1739505600000,97129.98000000,97248.60000000,96561.36000000,96944.09000000,1782.53303000,1739519999999,172651073.54557330,234558,775.68448000,75141757.13896830,0,2025-02-14T04:00:00.000Z,2025-02-14T07:59:59.999Z
1739520000000,96944.09000000,97196.00000000,96799.99000000,96887.56000000,1758.38512000,1739534399999,170577450.28666410,263934,841.45423000,81635598.29709960,0,2025-02-14T08:00:00.000Z,2025-02-14T11:59:59.999Z
1739534400000,96887.55000000,97568.28000000,96252.82000000,96924.39000000,3999.36783000,1739548799999,387327436.62603160,766397,1918.94641000,185890680.79515920,0,2025-02-14T12:00:00.000Z,2025-02-14T15:59:59.999Z
1739548800000,96924.57000000,98826.00000000,96494.17000000,97940.45000000,6009.55921000,1739563199999,588552572.19392760,1194586,3236.18873000,316966431.28740620,0,2025-02-14T16:00:00.000Z,2025-02-14T19:59:59.999Z
1739563200000,97940.44000000,98264.85000000,96697.56000000,97500.48000000,2817.38657000,1739577599999,274311763.24114270,730389,1420.07795000,138218016.44043650,0,2025-02-14T20:00:00.000Z,2025-02-14T23:59:59.999Z
1739577600000,97500.47000000,97972.26000000,97223.58000000,97653.19000000,1506.43225000,1739591999999,147063478.64720420,330846,790.85751000,77200666.28482090,0,2025-02-15T00:00:00.000Z,2025-02-15T03:59:59.999Z
1739592000000,97653.19000000,97780.73000000,97345.50000000,97346.26000000,1029.42986000,1739606399999,100411749.05430950,211318,410.14656000,40006726.29431270,0,2025-02-15T04:00:00.000Z,2025-02-15T07:59:59.999Z
1739606400000,97346.27000000,97731.09000000,97301.77000000,97615.59000000,874.17838000,1739620799999,85267521.47399490,215600,410.73621000,40064205.94048190,0,2025-02-15T08:00:00.000Z,2025-02-15T11:59:59.999Z
1739620800000,97615.59000000,97962.51000000,97426.57000000,97633.22000000,2009.35817000,1739635199999,196270566.11374320,389111,1074.57033000,104974945.48284060,0,2025-02-15T12:00:00.000Z,2025-02-15T15:59:59.999Z
1739635200000,97633.21000000,97714.39000000,97304.38000000,97531.90000000,921.83788000,1739649599999,89879693.31688360,266360,411.90415000,40158294.47960080,0,2025-02-15T16:00:00.000Z,2025-02-15T19:59:59.999Z
1739649600000,97531.91000000,97741.35000000,97414.05000000,97569.66000000,1008.14029000,1739663999999,98352385.17195660,281092,480.92726000,46917939.75192000,0,2025-02-15T20:00:00.000Z,2025-02-15T23:59:59.999Z
1739664000000,97569.67000000,97704.47000000,97411.11000000,97547.17000000,935.38493000,1739678399999,91249516.08340200,191250,420.49207000,41020071.07474050,0,2025-02-16T00:00:00.000Z,2025-02-16T03:59:59.999Z
1739678400000,97547.17000000,97682.04000000,97212.00000000,97248.98000000,746.42703000,1739692799999,72769664.18979040,135438,310.37773000,30265231.79680860,0,2025-02-16T04:00:00.000Z,2025-02-16T07:59:59.999Z
1739692800000,97248.98000000,97388.89000000,97061.58000000,97336.00000000,1186.96965000,1739707199999,115415662.99168550,228479,541.62454000,52667258.91038920,0,2025-02-16T08:00:00.000Z,2025-02-16T11:59:59.999Z
1739707200000,97335.99000000,97336.00000000,96645.35000000,96911.01000000,1883.07426000,1739721599999,182639394.86331680,314961,690.75289000,66996837.41245180,0,2025-02-16T12:00:00.000Z,2025-02-16T15:59:59.999Z
1739721600000,96911.01000000,97169.15000000,96609.05000000,97058.47000000,1187.57052000,1739735999999,115135554.09096700,315775,677.09558000,65646383.46631760,0,2025-02-16T16:00:00.000Z,2025-02-16T19:59:59.999Z
1739736000000,97058.47000000,97282.38000000,96046.18000000,96118.12000000,2251.99851000,1739750399999,217484450.07581150,410798,1079.38782000,104246634.00370900,0,2025-02-16T20:00:00.000Z,2025-02-16T23:59:59.999Z
1739750400000,96118.12000000,96638.05000000,96023.17000000,96215.33000000,1866.57226000,1739764799999,179716778.74877830,366104,1051.02135000,101205774.55327200,0,2025-02-17T00:00:00.000Z,2025-02-17T03:59:59.999Z
1739764800000,96215.32000000,96463.20000000,95800.00000000,96068.22000000,2725.98131000,1739779199999,262077787.12438450,359463,1146.67474000,110244050.62432990,0,2025-02-17T04:00:00.000Z,2025-02-17T07:59:59.999Z
1739779200000,96068.21000000,96395.68000000,95937.05000000,96063.18000000,2282.57983000,1739793599999,219482144.08893790,390760,1098.15845000,105593969.84467250,0,2025-02-17T08:00:00.000Z,2025-02-17T11:59:59.999Z
1739793600000,96063.17000000,97046.59000000,95564.00000000,95659.46000000,4434.60458000,1739807999999,427549752.57634840,643328,2323.84043000,224228598.67470990,0,2025-02-17T12:00:00.000Z,2025-02-17T15:59:59.999Z
1739808000000,95659.45000000,95945.49000000,95205.00000000,95531.36000000,3482.13274000,1739822399999,332556168.35539260,708588,1606.25600000,153404636.00966030,0,2025-02-17T16:00:00.000Z,2025-02-17T19:59:59.999Z
1739822400000,95531.36000000,96413.43000000,95488.90000000,95780.00000000,1700.17438000,1739836799999,163210895.28162610,362994,784.46468000,75302047.42955270,0,2025-02-17T20:00:00.000Z,2025-02-17T23:59:59.999Z
1739836800000,95780.01000000,96322.97000000,95538.01000000,96200.00000000,1602.34370000,1739851199999,153826724.56613270,327276,831.77926000,79860419.56458760,0,2025-02-18T00:00:00.000Z,2025-02-18T03:59:59.999Z
1739851200000,96200.00000000,96300.73000000,95254.12000000,95456.93000000,3176.48546000,1739865599999,303620783.27923030,556723,1341.23407000,128194344.15475160,0,2025-02-18T04:00:00.000Z,2025-02-18T07:59:59.999Z
1739865600000,95456.92000000,95872.17000000,95050.00000000,95640.34000000,2483.18123000,1739879999999,237109495.53324670,448965,1164.45918000,111178581.50733940,0,2025-02-18T08:00:00.000Z,2025-02-18T11:59:59.999Z
1739880000000,95640.35000000,96753.91000000,95200.00000000,95546.48000000,4474.04458000,1739894399999,429250731.96603630,992102,2254.51275000,216397194.93100650,0,2025-02-18T12:00:00.000Z,2025-02-18T15:59:59.999Z
1739894400000,95546.49000000,95633.15000000,93388.09000000,94104.14000000,6846.15491000,1739908799999,645845478.32670800,1203263,2983.04591000,281283853.60395930,0,2025-02-18T16:00:00.000Z,2025-02-18T19:59:59.999Z
1739908800000,94104.15000000,95685.00000000,93730.72000000,95671.74000000,4785.98483000,1739923199999,454341589.22065120,705919,2857.44250000,271404839.76034530,0,2025-02-18T20:00:00.000Z,2025-02-18T23:59:59.999Z
1739923200000,95671.74000000,95961.54000000,95055.00000000,95710.26000000,2158.62817000,1739937599999,206273639.24275620,432282,1041.18405000,99500326.12669350,0,2025-02-19T00:00:00.000Z,2025-02-19T03:59:59.999Z
1739937600000,95710.25000000,95846.15000000,95029.99000000,95687.71000000,3441.18957000,1739951999999,327989757.39184430,356639,1117.64679000,106585374.66285210,0,2025-02-19T04:00:00.000Z,2025-02-19T07:59:59.999Z
1739952000000,95687.71000000,96468.99000000,95616.60000000,96422.60000000,2411.90713000,1739966399999,231787778.45599120,315193,1023.28957000,98372044.77529240,0,2025-02-19T08:00:00.000Z,2025-02-19T11:59:59.999Z
1739966400000,96422.60000000,96700.00000000,95536.36000000,95943.74000000,3550.14153000,1739980799999,341466889.63943070,738586,1440.41741000,138567412.98576000,0,2025-02-19T12:00:00.000Z,2025-02-19T15:59:59.999Z
1739980800000,95943.74000000,96480.00000000,95407.41000000,96206.54000000,2763.82004000,1739995199999,265520050.71826450,579684,1390.18984000,133601640.09767460,0,2025-02-19T16:00:00.000Z,2025-02-19T19:59:59.999Z
1739995200000,96206.54000000,96899.99000000,96058.38000000,96644.37000000,2112.82310000,1740009599999,203779456.65496360,361841,1160.89041000,111960121.32765330,0,2025-02-19T20:00:00.000Z,2025-02-19T23:59:59.999Z
1740009600000,96644.37000000,97362.83000000,96415.09000000,97055.25000000,2723.25483000,1740023999999,263935131.31744950,341429,1286.00508000,124643707.51160100,0,2025-02-20T00:00:00.000Z,2025-02-20T03:59:59.999Z
1740024000000,97055.24000000,97339.11000000,96781.57000000,96867.92000000,2341.17162000,1740038399999,227251082.87657400,227894,1004.80357000,97529901.75618880,0,2025-02-20T04:00:00.000Z,2025-02-20T07:59:59.999Z
1740038400000,96867.92000000,97384.03000000,96801.61000000,97207.92000000,1589.77673000,1740052799999,154479079.38653580,199450,825.17126000,80180454.05672210,0,2025-02-20T08:00:00.000Z,2025-02-20T11:59:59.999Z
1740052800000,97207.93000000,98062.15000000,96799.42000000,96903.77000000,4401.17328000,1740067199999,428800120.41599740,692782,2242.09611000,218545774.85858830,0,2025-02-20T12:00:00.000Z,2025-02-20T15:59:59.999Z
1740067200000,96903.76000000,98518.00000000,96888.00000000,98422.80000000,3819.64673000,1740081599999,374283360.68575070,561382,1939.14070000,189958105.42841850,0,2025-02-20T16:00:00.000Z,2025-02-20T19:59:59.999Z
1740081600000,98422.80000000,98711.36000000,98000.00000000,98305.00000000,2182.36858000,1740095999999,214638050.04924320,364036,1059.21187000,104198670.56230830,0,2025-02-20T20:00:00.000Z,2025-02-20T23:59:59.999Z
1740096000000,98305.01000000,98505.00000000,98084.06000000,98141.99000000,2303.63980000,1740110399999,226315585.99387910,298397,910.31352000,89439500.46143670,0,2025-02-21T00:00:00.000Z,2025-02-21T03:59:59.999Z
1740110400000,98141.99000000,98610.17000000,98117.73000000,98179.76000000,2056.48148000,1740124799999,202212005.34658910,212965,982.07350000,96599492.46495490,0,2025-02-21T04:00:00.000Z,2025-02-21T07:59:59.999Z
1740124800000,98179.77000000,98896.81000000,98111.11000000,98629.30000000,3470.69828000,1740139199999,341874391.39129790,427453,1920.32676000,189183896.09575780,0,2025-02-21T08:00:00.000Z,2025-02-21T11:59:59.999Z
1740139200000,98629.31000000,99475.00000000,97177.31000000,98104.04000000,8919.82124000,1740153599999,878429034.72341600,1367542,4249.34147000,418733026.42045670,0,2025-02-21T12:00:00.000Z,2025-02-21T15:59:59.999Z
1740153600000,98104.04000000,98757.00000000,95247.15000000,95285.11000000,9442.11583000,1740167999999,917491073.60871120,1438523,4170.22673000,405478846.20416090,0,2025-02-21T16:00:00.000Z,2025-02-21T19:59:59.999Z
1740168000000,95285.11000000,96202.68000000,94871.95000000,96181.98000000,6056.52477000,1740182399999,577653826.50957090,783645,3081.29986000,293968885.20153570,0,2025-02-21T20:00:00.000Z,2025-02-21T23:59:59.999Z
1740182400000,96181.99000000,96455.97000000,95770.49000000,96299.07000000,2247.97640000,1740196799999,216217677.79939190,288454,1054.29296000,101417292.63848810,0,2025-02-22T00:00:00.000Z,2025-02-22T03:59:59.999Z
1740196800000,96299.08000000,96578.99000000,96273.85000000,96288.09000000,1394.90999000,1740211199999,134508164.92675040,216832,647.44314000,62432086.61117340,0,2025-02-22T04:00:00.000Z,2025-02-22T07:59:59.999Z
1740211200000,96288.09000000,96611.53000000,96151.00000000,96580.00000000,2059.63477000,1740225599999,198546301.79949170,266309,1005.26368000,96932078.12493810,0,2025-02-22T08:00:00.000Z,2025-02-22T11:59:59.999Z
1740225600000,96580.00000000,96980.00000000,96485.37000000,96592.00000000,2290.85469000,1740239999999,221446270.37240360,294675,1007.67514000,97416537.59345290,0,2025-02-22T12:00:00.000Z,2025-02-22T15:59:59.999Z
1740240000000,96592.01000000,96823.53000000,96345.49000000,96639.99000000,2305.94545000,1740254399999,222767492.39082120,278445,1052.48588000,101702247.33110870,0,2025-02-22T16:00:00.000Z,2025-02-22T19:59:59.999Z
1740254400000,96640.00000000,96700.00000000,96472.22000000,96551.01000000,968.85578000,1740268799999,93591226.53377760,161703,526.11971000,50822652.86838140,0,2025-02-22T20:00:00.000Z,2025-02-22T23:59:59.999Z
1740268800000,96551.01000000,96650.00000000,96355.17000000,96414.00000000,1326.63672000,1740283199999,128002544.66236580,180142,490.22036000,47299694.91977830,0,2025-02-23T00:00:00.000Z,2025-02-23T03:59:59.999Z
1740283200000,96414.00000000,96558.01000000,96143.99000000,96508.85000000,1245.52389000,1740297599999,120004215.12899820,181372,541.23161000,52149853.41013580,0,2025-02-23T04:00:00.000Z,2025-02-23T07:59:59.999Z
1740297600000,96508.85000000,96508.86000000,96083.33000000,96115.99000000,1223.25286000,1740311999999,117737504.60350730,168027,624.55934000,60117953.51208220,0,2025-02-23T08:00:00.000Z,2025-02-23T11:59:59.999Z
1740312000000,96115.99000000,96158.50000000,95414.25000000,95436.18000000,2752.94714000,1740326399999,263641357.17108390,403896,992.35275000,95053195.80692900,0,2025-02-23T12:00:00.000Z,2025-02-23T15:59:59.999Z
1740326400000,95436.19000000,95876.00000000,95227.94000000,95755.99000000,2646.03752000,1740340799999,252935581.74016410,270975,1007.05233000,96274066.50760140,0,2025-02-23T16:00:00.000Z,2025-02-23T19:59:59.999Z
1740340800000,95756.00000000,96332.44000000,95522.78000000,96258.00000000,1690.45100000,1740355199999,162070808.48490480,252956,964.51628000,92487220.25449880,0,2025-02-23T20:00:00.000Z,2025-02-23T23:59:59.999Z
1740355200000,96258.00000000,96500.00000000,95311.00000000,95433.21000000,2641.40258000,1740369599999,253505786.36455340,509453,1227.04990000,117827068.24199040,0,2025-02-24T00:00:00.000Z,2025-02-24T03:59:59.999Z
1740369600000,95433.21000000,95945.00000000,95078.01000000,95872.02000000,3077.64753000,1740383999999,294041671.12951900,401979,1634.33095000,156171549.95668490,0,2025-02-24T04:00:00.000Z,2025-02-24T07:59:59.999Z
1740384000000,95872.02000000,96177.18000000,95355.00000000,95821.45000000,3284.07984000,1740398399999,314224781.81584300,462756,1644.57347000,157422238.24001720,0,2025-02-24T08:00:00.000Z,2025-02-24T11:59:59.999Z
1740398400000,95821.45000000,96095.32000000,93817.06000000,94323.95000000,7573.60951000,1740412799999,718973922.50069910,1110152,3316.64404000,315016513.70243210,0,2025-02-24T12:00:00.000Z,2025-02-24T15:59:59.999Z
1740412800000,94323.95000000,95194.59000000,93666.22000000,93943.51000000,5598.80012000,1740427199999,529308266.83929080,1075367,2653.78597000,250928937.40916730,0,2025-02-24T16:00:00.000Z,2025-02-24T19:59:59.999Z
1740427200000,93943.52000000,94571.43000000,91349.26000000,91552.88000000,9374.56341000,1740441599999,871755166.79547140,1412977,3962.24933000,369107260.32448120,0,2025-02-24T20:00:00.000Z,2025-02-24T23:59:59.999Z
1740441600000,91552.88000000,92540.69000000,90912.01000000,92153.93000000,8746.45217000,1740455999999,803286837.06092820,1561887,4240.86391000,389700351.64189160,0,2025-02-25T00:00:00.000Z,2025-02-25T03:59:59.999Z
1740456000000,92153.93000000,92327.88000000,88200.00000000,89320.01000000,14740.56517000,1740470399999,1330292809.04583160,1685478,6084.01214000,548650888.11737090,0,2025-02-25T04:00:00.000Z,2025-02-25T07:59:59.999Z
1740470400000,89320.01000000,90000.00000000,86888.10000000,89239.39000000,17685.20523000,1740484799999,1566811967.62690150,2213686,7651.63664000,678208527.33435860,0,2025-02-25T08:00:00.000Z,2025-02-25T11:59:59.999Z
1740484800000,89239.39000000,89544.40000000,86050.99000000,87231.26000000,18057.21390000,1740499199999,1586803172.80306450,2183289,8126.63836000,714233779.02768180,0,2025-02-25T12:00:00.000Z,2025-02-25T15:59:59.999Z
1740499200000,87231.63000000,88065.45000000,86157.69000000,87947.25000000,10667.84575000,1740513599999,929129846.67234820,1623524,5097.94597000,444186100.52418520,0,2025-02-25T16:00:00.000Z,2025-02-25T19:59:59.999Z
1740513600000,87947.24000000,89460.17000000,87622.64000000,88680.40000000,8435.82889000,1740527999999,746657867.69539990,1021281,4621.05573000,409001724.82956210,0,2025-02-25T20:00:00.000Z,2025-02-25T23:59:59.999Z
1740528000000,88680.39000000,89414.15000000,88148.48000000,88900.00000000,3505.34849000,1740542399999,310860771.48768360,635478,1752.76631000,155456845.83966870,0,2025-02-26T00:00:00.000Z,2025-02-26T03:59:59.999Z
1740542400000,88900.01000000,89245.29000000,88392.45000000,88720.02000000,3843.49941000,1740556799999,341339770.78989640,588500,1711.66371000,152022516.88549330,0,2025-02-26T04:00:00.000Z,2025-02-26T07:59:59.999Z
1740556800000,88720.01000000,89314.45000000,88138.00000000,88616.80000000,4175.40587000,1740571199999,370998922.98314340,579538,2240.91933000,199141433.59565160,0,2025-02-26T08:00:00.000Z,2025-02-26T11:59:59.999Z
1740571200000,88616.80000000,88674.00000000,85418.72000000,87567.53000000,13226.48272000,1740585599999,1153244254.51963820,2121504,6516.71603000,568489525.70677760,0,2025-02-26T12:00:00.000Z,2025-02-26T15:59:59.999Z
1740585600000,87567.53000000,87806.62000000,83418.00000000,83856.99000000,17635.66389000,1740599999999,1503322143.70208760,2551859,8671.78193000,738674433.56372490,0,2025-02-26T16:00:00.000Z,2025-02-26T19:59:59.999Z
1740600000000,83856.98000000,85400.00000000,82256.01000000,84250.09000000,14507.14371000,1740614399999,1218664062.15402690,2013127,7183.33719000,603906093.22767110,0,2025-02-26T20:00:00.000Z,2025-02-26T23:59:59.999Z
1740614400000,84250.09000000,85466.55000000,84026.96000000,85226.32000000,6905.39830000,1740628799999,584665941.51616820,1107289,3518.95373000,298020258.70863410,0,2025-02-27T00:00:00.000Z,2025-02-27T03:59:59.999Z
1740628800000,85226.32000000,86737.00000000,84694.29000000,86272.01000000,5489.64417000,1740643199999,470746895.09742610,880940,2871.39865000,246268219.50435710,0,2025-02-27T04:00:00.000Z,2025-02-27T07:59:59.999Z
1740643200000,86272.01000000,87078.46000000,85846.87000000,86698.60000000,4102.58827000,1740657599999,354429736.86508280,773031,2188.26602000,189085662.58376700,0,2025-02-27T08:00:00.000Z,2025-02-27T11:59:59.999Z
1740657600000,86698.60000000,86795.90000000,84640.75000000,85500.84000000,12382.79075000,1740671999999,1062087200.21967240,1448749,4864.42679000,417420710.30080460,0,2025-02-27T12:00:00.000Z,2025-02-27T15:59:59.999Z
1740672000000,85500.84000000,85691.51000000,83614.75000000,84113.98000000,6757.93459000,1740686399999,571788761.03984720,1142695,3294.63734000,278787911.53969830,0,2025-02-27T16:00:00.000Z,2025-02-27T19:59:59.999Z
1740686400000,84113.98000000,84927.84000000,82716.49000000,84708.58000000,6867.09831000,1740700799999,575020356.48396560,1004877,3618.03716000,303143150.64450170,0,2025-02-27T20:00:00.000Z,2025-02-27T23:59:59.999Z
1740700800000,84708.57000000,84892.85000000,79532.00000000,80452.44000000,24103.21319000,1740715199999,1961371495.37911580,2426905,10934.79793000,889776130.54978110,0,2025-02-28T00:00:00.000Z,2025-02-28T03:59:59.999Z
1740715200000,80452.89000000,80969.69000000,78820.06000000,79204.59000000,17998.86851000,1740729599999,1435425445.90251880,2483996,8767.67546000,699267307.27358530,0,2025-02-28T04:00:00.000Z,2025-02-28T07:59:59.999Z
1740729600000,79204.60000000,80854.46000000,78258.52000000,80513.38000000,11953.82317000,1740743999999,951396814.48349550,1744338,5777.87957000,460161041.13421200,0,2025-02-28T08:00:00.000Z,2025-02-28T11:59:59.999Z
1740744000000,80512.97000000,84425.89000000,80075.47000000,84005.05000000,15625.08311000,1740758399999,1283306185.94545560,2246726,8060.02739000,662390396.40186080,0,2025-02-28T12:00:00.000Z,2025-02-28T15:59:59.999Z
1740758400000,84005.05000000,85120.00000000,83196.71000000,84449.99000000,9640.81267000,1740772799999,811199019.22314360,1566887,4616.06656000,388658047.03161150,0,2025-02-28T16:00:00.000Z,2025-02-28T19:59:59.999Z
1740772800000,84450.00000000,84795.03000000,83600.00000000,84349.94000000,4326.23904000,1740787199999,364006275.75694940,875364,2068.40596000,174038253.41934900,0,2025-02-28T20:00:00.000Z,2025-02-28T23:59:59.999Z
1740787200000,84349.95000000,85678.11000000,83824.78000000,85330.84000000,5097.79792000,1740801599999,432255124.29894670,779615,2846.31060000,241407664.14759400,0,2025-03-01T00:00:00.000Z,2025-03-01T03:59:59.999Z
1740801600000,85330.83000000,86558.00000000,84740.15000000,84740.15000000,7178.39161000,1740815999999,612852118.48876350,647986,2899.04181000,247938707.99566650,0,2025-03-01T04:00:00.000Z,2025-03-01T07:59:59.999Z
1740816000000,84740.16000000,85508.79000000,84382.62000000,84632.79000000,4837.66151000,1740830399999,411040485.73029420,570102,1869.16745000,158864682.95380720,0,2025-03-01T08:00:00.000Z,2025-03-01T11:59:59.999Z
1740830400000,84632.79000000,84943.08000000,84334.39000000,84800.00000000,3556.79693000,1740844799999,300908807.19906860,638980,1539.03928000,130188729.09277360,0,2025-03-01T12:00:00.000Z,2025-03-01T15:59:59.999Z
1740844800000,84800.01000000,85591.84000000,84700.00000000,85485.41000000,2835.44610000,1740859199999,241404413.91755860,593117,1428.52351000,121619145.80267950,0,2025-03-01T16:00:00.000Z,2025-03-01T19:59:59.999Z
1740859200000,85485.41000000,86262.74000000,85285.88000000,86064.53000000,2278.96057000,1740873599999,195542558.21801120,470928,1166.02504000,100074892.54583170,0,2025-03-01T20:00:00.000Z,2025-03-01T23:59:59.999Z
1740873600000,86064.54000000,86498.00000000,85611.79000000,85873.07000000,2403.83782000,1740887999999,206904091.57222020,607596,1273.71276000,109660742.08582400,0,2025-03-02T00:00:00.000Z,2025-03-02T03:59:59.999Z
1740888000000,85873.06000000,86589.97000000,85531.87000000,86232.42000000,2216.14356000,1740902399999,190629766.45755670,459623,964.68191000,83018920.16165980,0,2025-03-02T04:00:00.000Z,2025-03-02T07:59:59.999Z
1740902400000,86232.42000000,86263.23000000,85633.13000000,86105.89000000,2080.95926000,1740916799999,178786796.66597560,445065,1117.21401000,95986163.06873630,0,2025-03-02T08:00:00.000Z,2025-03-02T11:59:59.999Z
1740916800000,86105.88000000,88673.09000000,85050.60000000,87427.99000000,9943.16012000,1740931199999,863739869.61125000,1346646,5324.10407000,462790849.06619100,0,2025-03-02T12:00:00.000Z,2025-03-02T15:59:59.999Z
1740931200000,87428.00000000,95000.00000000,87278.51000000,93522.00000000,30318.42056000,1740945599999,2785859811.78778350,3314569,16172.36441000,1485025307.05978230,0,2025-03-02T16:00:00.000Z,2025-03-02T19:59:59.999Z
1740945600000,93522.01000000,94883.51000000,93502.00000000,94270.00000000,7926.56913000,1740959999999,746629179.69388270,1229719,4421.73315000,416491459.71234560,0,2025-03-02T20:00:00.000Z,2025-03-02T23:59:59.999Z
1740960000000,94269.99000000,94416.46000000,92433.50000000,92709.98000000,6622.76466000,1740974399999,616988957.24103530,1133054,3083.84256000,287329830.72043160,0,2025-03-03T00:00:00.000Z,2025-03-03T03:59:59.999Z
1740974400000,92709.98000000,93361.46000000,91181.00000000,92363.58000000,5852.51871000,1740988799999,540692444.83986990,996850,2860.35084000,264514438.45572070,0,2025-03-03T04:00:00.000Z,2025-03-03T07:59:59.999Z
1740988800000,92363.58000000,92917.99000000,91142.00000000,92739.99000000,6314.25279000,1741003199999,580755570.98784140,1297718,3166.45649000,291366466.18390100,0,2025-03-03T08:00:00.000Z,2025-03-03T11:59:59.999Z
1741003200000,92740.00000000,93721.37000000,89117.00000000,90035.37000000,14548.25192000,1741017599999,1326841670.61199920,2297836,7005.74489000,639396573.20217250,0,2025-03-03T12:00:00.000Z,2025-03-03T15:59:59.999Z
1741017600000,90035.38000000,91000.00000000,85555.45000000,85606.00000000,16115.70068000,1741031999999,1420289728.63859080,2400141,7277.96748000,641940593.82668870,0,2025-03-03T16:00:00.000Z,2025-03-03T19:59:59.999Z
1741032000000,85606.01000000,87038.46000000,85117.11000000,86220.61000000,9717.61342000,1741046399999,835555371.15258650,1672261,4521.07424000,388916668.96799650,0,2025-03-03T20:00:00.000Z,2025-03-03T23:59:59.999Z
1741046400000,86221.16000000,86807.98000000,82464.84000000,83983.72000000,13267.80873000,1741060799999,1115801190.02150940,2325940,5942.98099000,499711607.71187330,0,2025-03-04T00:00:00.000Z,2025-03-04T03:59:59.999Z
1741060800000,83983.73000000,84581.60000000,83140.00000000,83186.40000000,4955.79624000,1741075199999,415291194.17519640,1204019,2436.39654000,204227160.61477010,0,2025-03-04T04:00:00.000Z,2025-03-04T07:59:59.999Z
1741075200000,83186.40000000,84373.84000000,83040.29000000,83937.94000000,4466.29804000,1741089599999,374102017.59080130,970008,2388.99140000,200118731.03268090,0,2025-03-04T08:00:00.000Z,2025-03-04T11:59:59.999Z
1741089600000,83937.93000000,84977.65000000,81500.00000000,82985.06000000,14268.19869000,1741103999999,1187922265.98457760,2522718,6904.79006000,575059958.65668540,0,2025-03-04T12:00:00.000Z,2025-03-04T15:59:59.999Z
1741104000000,82985.05000000,88487.91000000,82013.11000000,88206.19000000,12128.06081000,1741118399999,1039161849.65260600,2151142,6901.30881000,591661424.18107130,0,2025-03-04T16:00:00.000Z,2025-03-04T19:59:59.999Z
1741118400000,88206.19000000,88967.52000000,86582.27000000,87281.98000000,6522.94455000,1741132799999,572622702.16574490,1152804,3010.24810000,264308414.04220590,0,2025-03-04T20:00:00.000Z,2025-03-04T23:59:59.999Z
1741132800000,87281.98000000,87888.88000000,86334.53000000,86843.40000000,4769.77721000,1741147199999,416007831.19976280,1051615,2127.48154000,185641338.69446830,0,2025-03-05T00:00:00.000Z,2025-03-05T03:59:59.999Z
1741147200000,86843.40000000,87727.27000000,86722.81000000,87619.49000000,3883.84662000,1741161599999,338614873.25758680,652697,1838.99587000,160421821.43541900,0,2025-03-05T04:00:00.000Z,2025-03-05T07:59:59.999Z
1741161600000,87619.49000000,90660.00000000,87600.00000000,89814.26000000,6751.29829000,1741175999999,602711073.96440130,1352777,3895.08645000,347621256.71785720,0,2025-03-05T08:00:00.000Z,2025-03-05T11:59:59.999Z
1741176000000,89814.26000000,90933.82000000,87926.06000000,88344.25000000,12224.27232000,1741190399999,1092645400.24767400,2431645,5719.54064000,511266843.72282860,0,2025-03-05T12:00:00.000Z,2025-03-05T15:59:59.999Z
1741190400000,88344.25000000,90475.30000000,87600.00000000,89750.00000000,7755.99208000,1741204799999,690206057.57019410,1830132,4114.65231000,366097300.28075350,0,2025-03-05T16:00:00.000Z,2025-03-05T19:59:59.999Z
1741204800000,89750.00000000,91000.00000000,89677.80000000,90606.01000000,2878.82511000,1741219199999,260058434.06535660,751400,1534.52755000,138660176.61856690,0,2025-03-05T20:00:00.000Z,2025-03-05T23:59:59.999Z
1741219200000,90606.00000000,92025.00000000,89986.73000000,91605.01000000,5338.79627000,1741233599999,486909085.97532540,1436695,2823.60178000,257602368.41269010,0,2025-03-06T00:00:00.000Z,2025-03-06T03:59:59.999Z
1741233600000,91605.02000000,92810.64000000,91265.96000000,91346.48000000,4492.39994000,1741247999999,413824515.71078640,985352,2347.64789000,216297720.84848910,0,2025-03-06T04:00:00.000Z,2025-03-06T07:59:59.999Z
1741248000000,91346.49000000,91667.50000000,90613.17000000,91350.00000000,3894.92912000,1741262399999,355168531.26326660,907033,1958.62683000,178632833.67715910,0,2025-03-06T08:00:00.000Z,2025-03-06T11:59:59.999Z
1741262400000,91350.00000000,91457.03000000,89117.68000000,90820.69000000,8433.98830000,1741276799999,760715037.87534980,1914737,4146.23274000,373984475.33371410,0,2025-03-06T12:00:00.000Z,2025-03-06T15:59:59.999Z
1741276800000,90820.69000000,91066.44000000,87836.00000000,88526.18000000,7147.70590000,1741291199999,636427373.62372740,1518177,3375.67059000,300600992.03952970,0,2025-03-06T16:00:00.000Z,2025-03-06T19:59:59.999Z
1741291200000,88526.23000000,90781.20000000,88461.22000000,89931.89000000,5034.62949000,1741305599999,452101083.95094360,881532,2632.21428000,236308136.11741130,0,2025-03-06T20:00:00.000Z,2025-03-06T23:59:59.999Z
1741305600000,89931.88000000,91283.02000000,84667.03000000,86991.25000000,18693.33541000,1741319999999,1632226867.76216930,2527012,8896.71896000,777528430.66654590,0,2025-03-07T00:00:00.000Z,2025-03-07T03:59:59.999Z
1741320000000,86991.26000000,88612.96000000,86857.14000000,88365.18000000,3950.73454000,1741334399999,347661492.37318340,755378,2045.83361000,180029086.20228250,0,2025-03-07T04:00:00.000Z,2025-03-07T07:59:59.999Z
1741334400000,88365.19000000,89704.00000000,87985.30000000,88966.96000000,3368.87599000,1741348799999,299413097.32912240,694513,1735.10994000,154275498.34901110,0,2025-03-07T08:00:00.000Z,2025-03-07T11:59:59.999Z
1741348800000,88966.96000000,91100.00000000,88022.47000000,88457.99000000,12333.35824000,1741363199999,1103812785.08450280,2026840,6080.78937000,544406946.56924360,0,2025-03-07T12:00:00.000Z,2025-03-07T15:59:59.999Z
1741363200000,88457.99000000,89023.41000000,86554.77000000,87820.10000000,11414.32329000,1741377599999,1001701963.69183880,2034186,5865.01224000,514571370.53113840,0,2025-03-07T16:00:00.000Z,2025-03-07T19:59:59.999Z
1741377600000,87820.09000000,88511.00000000,85573.07000000,86801.75000000,8219.72966000,1741391999999,712738620.37234100,1472513,3770.95125000,327111068.13222310,0,2025-03-07T20:00:00.000Z,2025-03-07T23:59:59.999Z
1741392000000,86801.74000000,86897.25000000,85218.47000000,85919.12000000,3430.23845000,1741406399999,295380931.38641720,663262,1602.41483000,138031004.74835120,0,2025-03-08T00:00:00.000Z,2025-03-08T03:59:59.999Z
1741406400000,85919.12000000,86662.00000000,85653.66000000,86197.14000000,1971.12967000,1741420799999,170149556.79907850,373217,1090.56829000,94143111.39751710,0,2025-03-08T04:00:00.000Z,2025-03-08T07:59:59.999Z
1741420800000,86197.14000000,86450.01000000,85762.72000000,85955.88000000,1775.33163000,1741435199999,152831100.14211550,392784,791.73173000,68169999.36521810,0,2025-03-08T08:00:00.000Z,2025-03-08T11:59:59.999Z
1741435200000,85955.89000000,86627.51000000,85808.82000000,86400.00000000,2447.16492000,1741449599999,211224762.64393630,444631,1310.87652000,113164995.82659290,0,2025-03-08T12:00:00.000Z,2025-03-08T15:59:59.999Z
1741449600000,86400.00000000,86500.00000000,85661.76000000,86233.52000000,2221.39349000,1741463999999,191143837.12482450,459859,1048.08862000,90203070.17642910,0,2025-03-08T16:00:00.000Z,2025-03-08T19:59:59.999Z
1741464000000,86233.52000000,86500.00000000,85852.12000000,86222.45000000,1143.97238000,1741478399999,98628780.55563350,220221,647.88582000,55869409.83296580,0,2025-03-08T20:00:00.000Z,2025-03-08T23:59:59.999Z
1741478400000,86222.46000000,86500.00000000,85939.85000000,86115.71000000,1223.47920000,1741492799999,105493574.86374010,313507,614.54754000,53001801.51734750,0,2025-03-09T00:00:00.000Z,2025-03-09T03:59:59.999Z
1741492800000,86115.71000000,86158.83000000,85809.48000000,86004.61000000,1375.32537000,1741507199999,118272719.47376740,276044,561.15842000,48258392.33723930,0,2025-03-09T04:00:00.000Z,2025-03-09T07:59:59.999Z
1741507200000,86004.61000000,86098.00000000,84625.01000000,85024.01000000,2983.48178000,1741521599999,254271503.34087800,566575,1215.86795000,103631737.09852670,0,2025-03-09T08:00:00.000Z,2025-03-09T11:59:59.999Z
1741521600000,85024.00000000,85058.34000000,82711.50000000,83080.41000000,6724.19753000,1741535999999,563069606.99541990,1134465,3114.12778000,260786299.27567260,0,2025-03-09T12:00:00.000Z,2025-03-09T15:59:59.999Z
1741536000000,83080.40000000,83758.22000000,82223.00000000,82640.86000000,6255.15784000,1741550399999,517664629.15412940,1625451,3090.14299000,255772779.62644840,0,2025-03-09T16:00:00.000Z,2025-03-09T19:59:59.999Z
1741550400000,82640.86000000,83539.66000000,80000.00000000,80734.37000000,7553.75173000,1741564799999,614780626.62654450,1273096,3498.02764000,284848682.85517830,0,2025-03-09T20:00:00.000Z,2025-03-09T23:59:59.999Z
1741564800000,80734.48000000,82744.00000000,80037.62000000,82047.49000000,6631.01803000,1741579199999,540861686.49592690,1322767,3528.52730000,287894865.56495580,0,2025-03-10T00:00:00.000Z,2025-03-10T03:59:59.999Z
1741579200000,82047.49000000,82797.95000000,81977.27000000,82318.77000000,2861.97669000,1741593599999,235671614.18707310,547099,1464.94439000,120653144.77855410,0,2025-03-10T04:00:00.000Z,2025-03-10T07:59:59.999Z
1741593600000,82318.78000000,84123.46000000,81151.00000000,83582.00000000,6692.07202000,1741607999999,552823510.50164510,1769475,3548.40672000,293396770.15431190,0,2025-03-10T08:00:00.000Z,2025-03-10T11:59:59.999Z
1741608000000,83582.00000000,83771.94000000,79177.03000000,80043.85000000,12861.56913000,1741622399999,1040744875.47343920,2043935,6096.62066000,493344356.82485910,0,2025-03-10T12:00:00.000Z,2025-03-10T15:59:59.999Z
1741622400000,80043.84000000,80250.00000000,77459.91000000,79060.84000000,13469.61921000,1741636799999,1059544292.03792500,2036988,5945.27642000,467892587.40784700,0,2025-03-10T16:00:00.000Z,2025-03-10T19:59:59.999Z
1741636800000,79060.84000000,79886.03000000,78409.40000000,78595.86000000,5117.12897000,1741651199999,405278969.06217680,981274,2314.79523000,183424530.62162070,0,2025-03-10T20:00:00.000Z,2025-03-10T23:59:59.999Z
1741651200000,78595.86000000,79938.27000000,76606.00000000,79522.29000000,11122.24369000,1741665599999,868516387.92237040,1750716,5244.26821000,409846180.44358710,0,2025-03-11T00:00:00.000Z,2025-03-11T03:59:59.999Z
1741665600000,79522.29000000,80614.89000000,79439.90000000,80424.95000000,4567.35903000,1741679999999,366160298.80057010,744745,2471.72454000,198211999.58579110,0,2025-03-11T04:00:00.000Z,2025-03-11T07:59:59.999Z
1741680000000,80424.94000000,82092.34000000,80325.22000000,81720.34000000,5598.25972000,1741694399999,455650124.33836240,747037,3005.39523000,244515766.38753730,0,2025-03-11T08:00:00.000Z,2025-03-11T11:59:59.999Z
1741694400000,81720.33000000,82225.21000000,79058.00000000,81232.24000000,16633.75229000,1741708799999,1343350095.29983030,1958098,8060.24960000,651087268.82638080,0,2025-03-11T12:00:00.000Z,2025-03-11T15:59:59.999Z
1741708800000,81232.23000000,83617.40000000,80609.96000000,83104.01000000,8085.50399000,1741723199999,664110022.32433470,1269215,3938.24969000,323647760.32288330,0,2025-03-11T16:00:00.000Z,2025-03-11T19:59:59.999Z
1741723200000,83104.01000000,83306.87000000,82550.52000000,82932.99000000,2762.94981000,1741737599999,229213898.42532400,513499,1309.28043000,108641437.63563980,0,2025-03-11T20:00:00.000Z,2025-03-11T23:59:59.999Z
1741737600000,82932.99000000,83783.26000000,82100.61000000,82127.72000000,4711.93870000,1741751999999,390298073.18769970,776239,2343.88273000,194280614.43732430,0,2025-03-12T00:00:00.000Z,2025-03-12T03:59:59.999Z
1741752000000,82127.73000000,82541.47000000,81296.00000000,82447.79000000,4065.50034000,1741766399999,332702848.06670350,696372,2141.26692000,175330136.95460120,0,2025-03-12T04:00:00.000Z,2025-03-12T07:59:59.999Z
1741766400000,82447.78000000,83076.79000000,82000.29000000,83004.45000000,4874.62168000,1741780799999,402319795.79169410,789513,2345.52732000,193638957.18143380,0,2025-03-12T08:00:00.000Z,2025-03-12T11:59:59.999Z
1741780800000,83004.45000000,84539.85000000,80607.65000000,81738.97000000,11813.60583000,1741795199999,978314778.16018820,1696770,5734.81153000,475302608.38843260,0,2025-03-12T12:00:00.000Z,2025-03-12T15:59:59.999Z
1741795200000,81738.97000000,83165.46000000,81626.64000000,82915.93000000,4215.51153000,1741809599999,347209530.93026910,891506,2106.22503000,173497364.36023320,0,2025-03-12T16:00:00.000Z,2025-03-12T19:59:59.999Z
1741809600000,82915.94000000,83887.26000000,82709.36000000,83680.12000000,2252.80792000,1741823999999,187755970.68884150,403177,1077.70349000,89840837.17738300,0,2025-03-12T20:00:00.000Z,2025-03-12T23:59:59.999Z
1741824000000,83680.12000000,84336.33000000,83312.92000000,83577.14000000,3767.48722000,1741838399999,315819438.69542580,618866,1877.74842000,157444110.44984560,0,2025-03-13T00:00:00.000Z,2025-03-13T03:59:59.999Z
1741838400000,83577.14000000,83709.03000000,82851.00000000,83151.99000000,3084.39535000,1741852799999,256849243.09158090,505384,1323.96293000,110245225.73192760,0,2025-03-13T04:00:00.000Z,2025-03-13T07:59:59.999Z
1741852800000,83152.00000000,83522.61000000,82400.04000000,82975.86000000,3199.56767000,1741867199999,265838211.63359410,574941,1427.47616000,118616866.88329630,0,2025-03-13T08:00:00.000Z,2025-03-13T11:59:59.999Z
1741867200000,82975.86000000,83900.00000000,80954.29000000,81044.72000000,7631.10248000,1741881599999,627091112.21500610,1310777,3470.29656000,285415988.53485900,0,2025-03-13T12:00:00.000Z,2025-03-13T15:59:59.999Z
1741881600000,81044.72000000,81264.73000000,79939.90000000,80211.40000000,7395.86973000,1741895999999,595933920.76068000,963742,3435.88895000,276871522.44860120,0,2025-03-13T16:00:00.000Z,2025-03-13T19:59:59.999Z
1741896000000,80210.40000000,81484.23000000,80189.89000000,81115.78000000,2467.85167000,1741910399999,199338184.84310250,393383,1477.80833000,119351717.07341720,0,2025-03-13T20:00:00.000Z,2025-03-13T23:59:59.999Z
1741910400000,81115.78000000,82270.51000000,80818.84000000,81888.77000000,2746.60637000,1741924799999,224351830.58728430,411171,1233.65887000,100735557.80153000,0,2025-03-14T00:00:00.000Z,2025-03-14T03:59:59.999Z
1741924800000,81888.77000000,82454.50000000,81780.08000000,82170.85000000,2021.59745000,1741939199999,165843050.63253780,270522,957.92986000,78608111.44233460,0,2025-03-14T04:00:00.000Z,2025-03-14T07:59:59.999Z
1741939200000,82170.84000000,83348.46000000,82170.84000000,83253.15000000,3340.43802000,1741953599999,276940355.74493220,395433,1851.06272000,153461452.53511590,0,2025-03-14T08:00:00.000Z,2025-03-14T11:59:59.999Z
1741953600000,83253.15000000,85309.71000000,82640.59000000,84724.58000000,11416.87290000,1741967999999,958564476.20187430,1140925,6333.60933000,532028625.76461920,0,2025-03-14T12:00:00.000Z,2025-03-14T15:59:59.999Z
1741968000000,84724.58000000,84950.00000000,83949.19000000,84554.00000000,4662.53549000,1741982399999,394163016.38711690,730120,2371.75127000,200537321.52159280,0,2025-03-14T16:00:00.000Z,2025-03-14T19:59:59.999Z
1741982400000,84554.00000000,84554.01000000,83717.69000000,83983.20000000,2670.47732000,1741996799999,224866865.98742610,342816,1334.87483000,112436397.95298750,0,2025-03-14T20:00:00.000Z,2025-03-14T23:59:59.999Z
1741996800000,83983.19000000,84676.28000000,83964.57000000,84491.99000000,1801.07938000,1742011199999,151973027.82168640,272239,989.75371000,83524839.23148220,0,2025-03-15T00:00:00.000Z,2025-03-15T03:59:59.999Z
1742011200000,84492.00000000,84559.00000000,83791.09000000,83827.31000000,1787.51614000,1742025599999,150424419.29362610,185000,610.70511000,51419659.77753830,0,2025-03-15T04:00:00.000Z,2025-03-15T07:59:59.999Z
1742025600000,83827.32000000,84184.58000000,83618.00000000,84103.74000000,2551.69547000,1742039999999,214005301.12037200,246424,1187.19886000,99596797.07375100,0,2025-03-15T08:00:00.000Z,2025-03-15T11:59:59.999Z
1742040000000,84103.74000000,84499.74000000,84010.58000000,84346.02000000,2795.90086000,1742054399999,235599425.58779090,269113,1309.81774000,110401626.96111940,0,2025-03-15T12:00:00.000Z,2025-03-15T15:59:59.999Z
1742054400000,84346.03000000,84498.72000000,84076.92000000,84299.98000000,1681.69068000,1742068799999,141804509.79151950,204345,753.83483000,63584336.80458140,0,2025-03-15T16:00:00.000Z,2025-03-15T19:59:59.999Z
1742068800000,84299.99000000,84467.70000000,84237.58000000,84338.44000000,706.85067000,1742083199999,59638988.21875560,152549,343.98103000,29024070.40469370,0,2025-03-15T20:00:00.000Z,2025-03-15T23:59:59.999Z
1742083200000,84338.44000000,84393.72000000,83733.86000000,84332.34000000,1213.99013000,1742097599999,102058547.50410890,217659,532.96860000,44815495.95746010,0,2025-03-16T00:00:00.000Z,2025-03-16T03:59:59.999Z
1742097600000,84332.35000000,84418.00000000,83972.57000000,84273.96000000,964.71247000,1742111999999,81323716.84465310,142699,531.68269000,44826651.63088080,0,2025-03-16T04:00:00.000Z,2025-03-16T07:59:59.999Z
1742112000000,84273.95000000,84335.43000000,82381.46000000,82410.02000000,2982.64569000,1742126399999,248389598.88220270,411330,1165.72918000,97112019.59484120,0,2025-03-16T08:00:00.000Z,2025-03-16T11:59:59.999Z
1742126400000,82410.01000000,83508.95000000,82400.00000000,83320.83000000,3782.45365000,1742140799999,313522063.58717210,577426,1973.71361000,163630244.07558520,0,2025-03-16T12:00:00.000Z,2025-03-16T15:59:59.999Z
1742140800000,83320.83000000,85117.04000000,82562.36000000,83098.47000000,5881.93983000,1742155199999,493873226.26068620,895481,2968.06896000,249433308.16275990,0,2025-03-16T16:00:00.000Z,2025-03-16T19:59:59.999Z
1742155200000,83098.47000000,83453.01000000,81981.12000000,82574.53000000,2770.38354000,1742169599999,228889403.21789960,523352,1333.79013000,110219745.65422080,0,2025-03-16T20:00:00.000Z,2025-03-16T23:59:59.999Z
1742169600000,82574.52000000,83725.39000000,82523.00000000,83675.65000000,2140.41723000,1742183999999,178068310.01161760,395974,1123.43267000,93470143.39413280,0,2025-03-17T00:00:00.000Z,2025-03-17T03:59:59.999Z
1742184000000,83675.64000000,83869.77000000,82682.62000000,83567.87000000,2436.57299000,1742198399999,203079924.31685390,376283,1087.57576000,90664359.35933020,0,2025-03-17T04:00:00.000Z,2025-03-17T07:59:59.999Z
1742198400000,83567.88000000,83783.02000000,83220.11000000,83514.73000000,1904.26795000,1742212799999,159044276.89864960,315481,955.50743000,79822180.47125090,0,2025-03-17T08:00:00.000Z,2025-03-17T11:59:59.999Z
1742212800000,83514.73000000,84000.00000000,82456.00000000,83531.06000000,5473.06801000,1742227199999,455294083.82819460,1026228,2775.47425000,230933990.31088630,0,2025-03-17T12:00:00.000Z,2025-03-17T15:59:59.999Z
1742227200000,83531.07000000,84756.83000000,83103.60000000,84482.55000000,3834.07195000,1742241599999,322329396.08828530,619947,1805.73205000,151803909.02464530,0,2025-03-17T16:00:00.000Z,2025-03-17T19:59:59.999Z
1742241600000,84482.55000000,84506.80000000,83746.12000000,84010.03000000,1426.34545000,1742255999999,119900822.90327290,280843,640.16895000,53810839.22748390,0,2025-03-17T20:00:00.000Z,2025-03-17T23:59:59.999Z
1742256000000,84010.02000000,84021.74000000,82960.00000000,83147.60000000,2227.16043000,1742270399999,185591729.39590270,393516,977.54656000,81464892.29367150,0,2025-03-18T00:00:00.000Z,2025-03-18T03:59:59.999Z
1742270400000,83147.60000000,83280.00000000,82244.68000000,83163.81000000,3791.82354000,1742284799999,314195300.33350750,465416,1612.01673000,133596083.07859660,0,2025-03-18T04:00:00.000Z,2025-03-18T07:59:59.999Z
1742284800000,83163.81000000,83452.30000000,82500.00000000,82581.10000000,1859.60834000,1742299199999,154285857.78712910,345917,851.84503000,70663394.36862540,0,2025-03-18T08:00:00.000Z,2025-03-18T11:59:59.999Z
1742299200000,82581.09000000,82821.60000000,81134.66000000,81610.21000000,5242.87770000,1742313599999,428828401.79223450,919040,2607.76404000,213299385.76998870,0,2025-03-18T12:00:00.000Z,2025-03-18T15:59:59.999Z
1742313600000,81610.22000000,82476.26000000,81245.65000000,82317.21000000,3040.45390000,1742327999999,248677108.43128790,681305,1326.73685000,108533591.23952270,0,2025-03-18T16:00:00.000Z,2025-03-18T19:59:59.999Z
1742328000000,82317.20000000,82810.95000000,81870.23000000,82715.03000000,1448.97492000,1742342399999,119234657.73966440,321177,671.32497000,55251402.59238380,0,2025-03-18T20:00:00.000Z,2025-03-18T23:59:59.999Z
1742342400000,82715.03000000,83280.00000000,82547.16000000,83037.17000000,2751.69748000,1742356799999,228180988.65686530,403231,1335.82519000,110817478.53683010,0,2025-03-19T00:00:00.000Z,2025-03-19T03:59:59.999Z
1742356800000,83037.17000000,83364.16000000,82792.91000000,83190.00000000,1888.77416000,1742371199999,156993387.97723760,325173,732.43423000,60886497.29420190,0,2025-03-19T04:00:00.000Z,2025-03-19T07:59:59.999Z
1742371200000,83190.00000000,84119.09000000,83178.74000000,83881.40000000,3556.56382000,1742385599999,297377789.37154680,408203,1651.29856000,138144755.13616080,0,2025-03-19T08:00:00.000Z,2025-03-19T11:59:59.999Z
1742385600000,83881.40000000,84888.00000000,83510.21000000,84733.05000000,5832.94768000,1742399999999,490724112.66495040,854790,2958.51623000,249009388.86149410,0,2025-03-19T12:00:00.000Z,2025-03-19T15:59:59.999Z
1742400000000,84733.05000000,85950.00000000,83578.32000000,85433.38000000,9865.43804000,1742414399999,836439043.94224580,1198926,4813.86048000,408221098.86908260,0,2025-03-19T16:00:00.000Z,2025-03-19T19:59:59.999Z
1742414400000,85433.38000000,87000.00000000,85200.10000000,86845.94000000,4255.63256000,1742428799999,366098619.33091630,584438,2312.31378000,199159751.58337700,0,2025-03-19T20:00:00.000Z,2025-03-19T23:59:59.999Z
1742428800000,86845.93000000,87453.67000000,85619.56000000,85891.02000000,4306.12355000,1742443199999,371978129.16859120,590473,1965.02879000,169791033.67490040,0,2025-03-20T00:00:00.000Z,2025-03-20T03:59:59.999Z
1742443200000,85891.01000000,86013.05000000,85430.38000000,85816.39000000,2389.67499000,1742457599999,204849668.80176310,281103,1040.17936000,89216707.66650270,0,2025-03-20T04:00:00.000Z,2025-03-20T07:59:59.999Z
1742457600000,85816.39000000,86300.00000000,84755.14000000,85502.17000000,3049.10665000,1742471999999,260844839.21061250,432278,1476.43742000,126358337.62429490,0,2025-03-20T08:00:00.000Z,2025-03-20T11:59:59.999Z
1742472000000,85502.16000000,86532.04000000,84565.16000000,84691.76000000,5937.94941000,1742486399999,508171848.77439930,933494,2544.12788000,217915663.84765020,0,2025-03-20T12:00:00.000Z,2025-03-20T15:59:59.999Z
1742486400000,84691.27000000,84908.00000000,83655.23000000,84174.79000000,4615.68665000,1742500799999,388356604.59802860,750808,2277.90852000,191672427.75888190,0,2025-03-20T16:00:00.000Z,2025-03-20T19:59:59.999Z
1742500800000,84176.87000000,84609.21000000,83922.01000000,84223.39000000,1791.76338000,1742515199999,151040830.60225710,264439,859.91065000,72486168.72403060,0,2025-03-20T20:00:00.000Z,2025-03-20T23:59:59.999Z
1742515200000,84223.38000000,84850.33000000,84180.09000000,84451.96000000,1402.80368000,1742529599999,118570594.28713410,252904,658.01036000,55629057.16227310,0,2025-03-21T00:00:00.000Z,2025-03-21T03:59:59.999Z
1742529600000,84451.97000000,84798.93000000,83700.47000000,83937.98000000,2156.91380000,1742543999999,181650629.93582930,309569,712.44753000,59986694.38637460,0,2025-03-21T04:00:00.000Z,2025-03-21T07:59:59.999Z
1742544000000,83937.99000000,84337.66000000,83732.09000000,84046.52000000,1486.42515000,1742558399999,124915643.19684500,333715,709.65641000,59637526.44003360,0,2025-03-21T08:00:00.000Z,2025-03-21T11:59:59.999Z
1742558400000,84046.52000000,84358.51000000,83175.25000000,83565.48000000,3473.84885000,1742572799999,291107116.71918020,777768,1647.56401000,138079982.72979840,0,2025-03-21T12:00:00.000Z,2025-03-21T15:59:59.999Z
1742572800000,83565.47000000,84435.87000000,83379.00000000,83956.36000000,2229.62892000,1742587199999,187226432.21254640,475764,1076.53662000,90402981.91352080,0,2025-03-21T16:00:00.000Z,2025-03-21T19:59:59.999Z
1742587200000,83956.35000000,84584.00000000,83813.21000000,84088.79000000,1207.35403000,1742601599999,101665102.90446670,210285,662.20468000,55765105.44975780,0,2025-03-21T20:00:00.000Z,2025-03-21T23:59:59.999Z
1742601600000,84088.79000000,84338.98000000,83989.58000000,84256.74000000,1006.94162000,1742615999999,84759696.58151650,161394,476.32383000,40098638.36152100,0,2025-03-22T00:00:00.000Z,2025-03-22T03:59:59.999Z
1742616000000,84256.73000000,84429.09000000,84153.21000000,84274.72000000,754.99674000,1742630399999,63655590.92069590,130676,276.70693000,23330676.64854840,0,2025-03-22T04:00:00.000Z,2025-03-22T07:59:59.999Z
1742630400000,84274.71000000,84539.17000000,84109.00000000,84239.25000000,871.57177000,1742644799999,73497548.83063600,156171,399.16905000,33667795.07908050,0,2025-03-22T08:00:00.000Z,2025-03-22T11:59:59.999Z
1742644800000,84239.24000000,84296.39000000,83975.42000000,84109.09000000,1017.55631000,1742659199999,85592797.27643300,154179,401.65872000,33783619.12707380,0,2025-03-22T12:00:00.000Z,2025-03-22T15:59:59.999Z
1742659200000,84109.08000000,84320.00000000,84063.53000000,84171.59000000,818.77482000,1742673599999,68933439.67450630,118620,396.42878000,33374944.84936020,0,2025-03-22T16:00:00.000Z,2025-03-22T19:59:59.999Z
1742673600000,84171.59000000,84204.19000000,83625.10000000,83840.59000000,950.37988000,1742687999999,79796370.51786450,143441,333.90447000,28035352.72184090,0,2025-03-22T20:00:00.000Z,2025-03-22T23:59:59.999Z
1742688000000,83840.59000000,84277.07000000,83809.75000000,84224.39000000,735.19770000,1742702399999,61817207.93502530,142152,347.77070000,29242382.81677010,0,2025-03-23T00:00:00.000Z,2025-03-23T03:59:59.999Z
1742702400000,84224.39000000,84328.24000000,84070.22000000,84279.82000000,537.08204000,1742716799999,45215656.08423050,79415,251.02962000,21131312.58194690,0,2025-03-23T04:00:00.000Z,2025-03-23T07:59:59.999Z
1742716800000,84279.82000000,85027.32000000,84263.05000000,84679.99000000,1637.95361000,1742731199999,138641260.75212670,178747,862.04130000,72982433.38685220,0,2025-03-23T08:00:00.000Z,2025-03-23T11:59:59.999Z
1742731200000,84680.00000000,85254.17000000,84573.40000000,85189.41000000,1965.74104000,1742745599999,167010706.41782340,286179,1029.58718000,87486253.95449630,0,2025-03-23T12:00:00.000Z,2025-03-23T15:59:59.999Z
1742745600000,85189.41000000,85413.05000000,84800.00000000,85011.19000000,1581.19041000,1742759999999,134554718.17691680,240603,751.27579000,63938155.37470880,0,2025-03-23T16:00:00.000Z,2025-03-23T19:59:59.999Z
1742760000000,85011.20000000,86129.64000000,84923.91000000,86082.50000000,2004.81333000,1742774399999,171452769.78378110,279437,1183.10554000,101226723.40658540,0,2025-03-23T20:00:00.000Z,2025-03-23T23:59:59.999Z
1742774400000,86082.50000000,86641.13000000,85519.09000000,86532.07000000,3571.64325000,1742788799999,307368498.74843640,463055,1870.99310000,161071097.17389520,0,2025-03-24T00:00:00.000Z,2025-03-24T03:59:59.999Z
1742788800000,86532.07000000,87300.00000000,86532.06000000,86874.52000000,4177.26747000,1742803199999,363072690.32199260,403566,1985.51143000,172602177.84116380,0,2025-03-24T04:00:00.000Z,2025-03-24T07:59:59.999Z
1742803200000,86874.52000000,87909.99000000,86838.76000000,87689.52000000,3734.28314000,1742817599999,326567850.46965180,350170,2183.04744000,190890148.46200200,0,2025-03-24T08:00:00.000Z,2025-03-24T11:59:59.999Z
1742817600000,87689.52000000,88765.43000000,87138.60000000,88350.01000000,8345.49659000,1742831999999,734078234.55690120,777312,4328.09242000,380839943.47667990,0,2025-03-24T12:00:00.000Z,2025-03-24T15:59:59.999Z
1742832000000,88350.01000000,88536.00000000,87690.59000000,88222.00000000,5650.83508000,1742846399999,498496927.29359430,519430,2277.70225000,200953123.00082030,0,2025-03-24T16:00:00.000Z,2025-03-24T19:59:59.999Z
1742846400000,88222.01000000,88481.14000000,87050.60000000,87498.16000000,4636.09558000,1742860799999,407181716.56126720,403180,1734.60914000,152282177.15834290,0,2025-03-24T20:00:00.000Z,2025-03-24T23:59:59.999Z
1742860800000,87498.16000000,87679.25000000,86330.66000000,86520.88000000,2967.91856000,1742875199999,258317920.57366410,381096,1167.31619000,101633775.37872940,0,2025-03-25T00:00:00.000Z,2025-03-25T03:59:59.999Z
1742875200000,86520.89000000,86879.77000000,86310.00000000,86436.82000000,2925.77929000,1742889599999,253308419.08298090,289854,1300.34777000,112600424.85513910,0,2025-03-25T04:00:00.000Z,2025-03-25T07:59:59.999Z
1742889600000,86436.82000000,87500.00000000,86406.49000000,87370.43000000,2680.08356000,1742903999999,233269413.58359290,319650,1375.24806000,119668995.28097650,0,2025-03-25T08:00:00.000Z,2025-03-25T11:59:59.999Z
1742904000000,87370.44000000,88258.80000000,86929.46000000,87774.37000000,5630.54013000,1742918399999,493562850.33553020,803306,2483.47366000,217766938.80610060,0,2025-03-25T12:00:00.000Z,2025-03-25T15:59:59.999Z
1742918400000,87774.37000000,88321.27000000,87588.59000000,88116.23000000,3269.38058000,1742932799999,287440900.71886690,507767,1257.76759000,110606027.69371610,0,2025-03-25T16:00:00.000Z,2025-03-25T19:59:59.999Z
1742932800000,88116.23000000,88539.63000000,87132.65000000,87392.87000000,5169.55036000,1742947199999,453672086.60365870,501142,1856.40967000,163031910.61911970,0,2025-03-25T20:00:00.000Z,2025-03-25T23:59:59.999Z
1742947200000,87392.88000000,87892.14000000,87030.56000000,87153.51000000,2376.15356000,1742961599999,207864972.33134580,275350,1059.54600000,92718384.91674700,0,2025-03-26T00:00:00.000Z,2025-03-26T03:59:59.999Z
1742961600000,87153.50000000,88275.00000000,87052.00000000,88140.45000000,2854.78166000,1742975999999,250300345.36772720,243729,1552.51124000,136167298.51030300,0,2025-03-26T04:00:00.000Z,2025-03-26T07:59:59.999Z
1742976000000,88140.45000000,88259.81000000,87837.49000000,87954.96000000,2414.73419000,1742990399999,212679671.61918550,225572,950.14296000,83678649.35305250,0,2025-03-26T08:00:00.000Z,2025-03-26T11:59:59.999Z
1742990400000,87954.97000000,88000.00000000,86434.36000000,86752.52000000,5637.10110000,1743004799999,491128751.62095190,737691,2501.57376000,217867035.93122110,0,2025-03-26T12:00:00.000Z,2025-03-26T15:59:59.999Z
1743004800000,86752.52000000,87058.40000000,85860.00000000,86567.19000000,3006.95989000,1743019199999,260043577.51239020,531012,1419.80402000,122815991.36575820,0,2025-03-26T16:00:00.000Z,2025-03-26T19:59:59.999Z
1743019200000,86567.18000000,87404.34000000,86520.10000000,86909.17000000,2119.05445000,1743033599999,184389637.13486270,366800,1107.39955000,96357493.21973170,0,2025-03-26T20:00:00.000Z,2025-03-26T23:59:59.999Z
1743033600000,86909.17000000,87756.39000000,86796.26000000,87670.18000000,1891.16422000,1743047999999,165282040.72838750,279926,930.42888000,81308965.20802020,0,2025-03-27T00:00:00.000Z,2025-03-27T03:59:59.999Z
1743048000000,87670.17000000,87691.34000000,87249.68000000,87399.99000000,1775.11790000,1743062399999,155169935.79852960,201071,760.61526000,66484098.80983640,0,2025-03-27T04:00:00.000Z,2025-03-27T07:59:59.999Z
1743062400000,87399.99000000,87597.60000000,86787.00000000,86943.52000000,2195.77495000,1743076799999,191703842.26566860,285748,977.02851000,85323669.38879040,0,2025-03-27T08:00:00.000Z,2025-03-27T11:59:59.999Z
1743076800000,86943.51000000,87575.00000000,85800.00000000,86974.07000000,7540.76727000,1743091199999,653642125.90807740,871203,3806.21595000,330014572.89371450,0,2025-03-27T12:00:00.000Z,2025-03-27T15:59:59.999Z
1743091200000,86974.07000000,87429.21000000,86796.00000000,87060.41000000,2215.08868000,1743105599999,192908324.82982890,454939,911.69773000,79402146.95197270,0,2025-03-27T16:00:00.000Z,2025-03-27T19:59:59.999Z
1743105600000,87060.40000000,87728.27000000,86943.04000000,87232.01000000,1480.12595000,1743119999999,129262538.17741020,283494,799.06884000,69791440.03658260,0,2025-03-27T20:00:00.000Z,2025-03-27T23:59:59.999Z
1743120000000,87232.01000000,87515.67000000,86750.00000000,86787.16000000,1911.72045000,1743134399999,166507216.51934820,331901,812.05848000,70723764.19592240,0,2025-03-28T00:00:00.000Z,2025-03-28T03:59:59.999Z
1743134400000,86787.17000000,86832.64000000,85162.48000000,85212.99000000,5671.09628000,1743148799999,486917497.59982400,629858,2324.82877000,199649833.21127190,0,2025-03-28T04:00:00.000Z,2025-03-28T07:59:59.999Z
1743148800000,85212.98000000,85441.25000000,84800.00000000,85255.26000000,4950.75977000,1743163199999,421511387.81703710,460030,2145.58180000,182691848.98588870,0,2025-03-28T08:00:00.000Z,2025-03-28T11:59:59.999Z
1743163200000,85255.25000000,85609.74000000,83953.86000000,84051.16000000,8382.63832000,1743177599999,709055606.82456440,895815,3325.06878000,281511047.68540290,0,2025-03-28T12:00:00.000Z,2025-03-28T15:59:59.999Z
1743177600000,84051.15000000,84217.61000000,83585.00000000,83790.73000000,3857.86312000,1743191999999,323504327.82742090,640514,1557.50265000,130613766.28630810,0,2025-03-28T16:00:00.000Z,2025-03-28T19:59:59.999Z
1743192000000,83790.74000000,84538.69000000,83697.83000000,84424.38000000,2408.65375000,1743206399999,202450524.07591920,277967,1109.79688000,93333061.44647910,0,2025-03-28T20:00:00.000Z,2025-03-28T23:59:59.999Z
1743206400000,84424.38000000,84624.73000000,83709.67000000,84166.30000000,1526.01379000,1743220799999,128534892.79531610,279258,708.15347000,59642989.03980790,0,2025-03-29T00:00:00.000Z,2025-03-29T03:59:59.999Z
1743220800000,84166.30000000,84258.45000000,83662.86000000,83731.82000000,1103.52164000,1743235199999,92587207.49376910,247946,550.84043000,46221954.04017960,0,2025-03-29T04:00:00.000Z,2025-03-29T07:59:59.999Z
1743235200000,83731.83000000,83947.42000000,82007.00000000,82293.56000000,3638.90117000,1743249599999,301828098.73363150,496112,1556.10537000,129039545.05386450,0,2025-03-29T08:00:00.000Z,2025-03-29T11:59:59.999Z
1743249600000,82293.56000000,82882.01000000,82145.22000000,82414.23000000,1960.74799000,1743263999999,161836470.72667590,368637,1081.06223000,89229540.97243010,0,2025-03-29T12:00:00.000Z,2025-03-29T15:59:59.999Z
1743264000000,82414.22000000,82758.41000000,81644.81000000,82758.40000000,2509.70729000,1743278399999,206396207.94700780,521023,1265.16219000,104097325.14804340,0,2025-03-29T16:00:00.000Z,2025-03-29T19:59:59.999Z
1743278400000,82758.40000000,82787.29000000,82258.86000000,82648.54000000,957.50676000,1743292799999,79017040.29047120,259411,460.28116000,37984221.23058140,0,2025-03-29T20:00:00.000Z,2025-03-29T23:59:59.999Z
1743292800000,82648.53000000,83503.53000000,82500.00000000,83088.81000000,1605.64112000,1743307199999,133370491.52673700,319140,837.53183000,69568306.85371190,0,2025-03-30T00:00:00.000Z,2025-03-30T03:59:59.999Z
1743307200000,83088.82000000,83321.16000000,82868.96000000,83076.59000000,1238.43930000,1743321599999,102947579.46847340,178167,535.67620000,44530733.59747510,0,2025-03-30T04:00:00.000Z,2025-03-30T07:59:59.999Z
1743321600000,83076.58000000,83534.64000000,82975.36000000,83111.76000000,1206.11965000,1743335999999,100408879.84872370,243567,582.05990000,48453165.40681780,0,2025-03-30T08:00:00.000Z,2025-03-30T11:59:59.999Z
1743336000000,83111.76000000,83268.05000000,82543.83000000,82729.57000000,2154.43790000,1743350399999,178539120.82811610,353165,1048.20192000,86873515.77547890,0,2025-03-30T12:00:00.000Z,2025-03-30T15:59:59.999Z
1743350400000,82729.57000000,82908.11000000,82050.40000000,82548.81000000,1581.53343000,1743364799999,130480081.48176090,348452,753.80241000,62200070.14344780,0,2025-03-30T16:00:00.000Z,2025-03-30T19:59:59.999Z
1743364800000,82548.80000000,82757.70000000,81565.00000000,82389.99000000,2078.32368000,1743379199999,170838642.37500150,465172,967.79879000,79588288.33318460,0,2025-03-30T20:00:00.000Z,2025-03-30T23:59:59.999Z
1743379200000,82390.00000000,82444.89000000,81278.52000000,81530.00000000,3137.45901000,1743393599999,256713422.36407020,714009,1322.84121000,108247529.54468550,0,2025-03-31T00:00:00.000Z,2025-03-31T03:59:59.999Z
1743393600000,81530.00000000,82305.57000000,81400.00000000,81933.51000000,2427.84969000,1743407999999,198979019.17896740,437965,1104.21281000,90531601.41505840,0,2025-03-31T04:00:00.000Z,2025-03-31T07:59:59.999Z
1743408000000,81933.51000000,82272.00000000,81290.88000000,82205.51000000,3422.93239000,1743422399999,280307039.52880540,553923,1351.85087000,110695842.55895110,0,2025-03-31T08:00:00.000Z,2025-03-31T11:59:59.999Z
1743422400000,82205.50000000,83943.08000000,81656.00000000,83418.78000000,6957.92675000,1743436799999,576603419.32122030,1198415,3652.73176000,302671821.71781280,0,2025-03-31T12:00:00.000Z,2025-03-31T15:59:59.999Z
1743436800000,83418.78000000,83694.29000000,82400.00000000,82462.27000000,2934.61931000,1743451199999,244033365.66142160,696951,1451.15223000,120676863.26149240,0,2025-03-31T16:00:00.000Z,2025-03-31T19:59:59.999Z
1743451200000,82462.26000000,82886.80000000,82265.10000000,82550.01000000,1688.35170000,1743465599999,139372925.02648000,363095,1030.09296000,85052212.61274100,0,2025-03-31T20:00:00.000Z,2025-03-31T23:59:59.999Z
1743465600000,82550.00000000,83256.80000000,82432.74000000,82962.84000000,2015.98624000,1743479999999,166985571.95011270,409277,1094.68944000,90685468.50143820,0,2025-04-01T00:00:00.000Z,2025-04-01T03:59:59.999Z
1743480000000,82962.84000000,83597.07000000,82886.87000000,83445.50000000,1822.06805000,1743494399999,151710653.03746650,276284,825.43502000,68728903.33475170,0,2025-04-01T04:00:00.000Z,2025-04-01T07:59:59.999Z
1743494400000,83445.50000000,84504.74000000,83410.00000000,83930.30000000,4005.56934000,1743508799999,336915781.87192220,484844,1888.36087000,158859197.45682780,0,2025-04-01T08:00:00.000Z,2025-04-01T11:59:59.999Z
1743508800000,83930.31000000,85499.55000000,82544.00000000,85280.87000000,6895.46482000,1743523199999,579282887.94303280,1165509,3549.66305000,298172561.02565240,0,2025-04-01T12:00:00.000Z,2025-04-01T15:59:59.999Z
1743523200000,85280.88000000,85493.00000000,84720.00000000,84972.01000000,3624.09611000,1743537599999,308320894.07793120,648205,1883.42872000,160238561.80970890,0,2025-04-01T16:00:00.000Z,2025-04-01T19:59:59.999Z
1743537600000,84972.00000000,85579.46000000,84773.58000000,85158.34000000,1827.21241000,1743551999999,155679913.69500280,344574,1004.84938000,85618080.30470730,0,2025-04-01T20:00:00.000Z,2025-04-01T23:59:59.999Z
1743552000000,85158.35000000,85255.95000000,84504.21000000,84550.00000000,2397.00391000,1743566399999,203493680.31102610,395674,1200.42204000,101920887.61340710,0,2025-04-02T00:00:00.000Z,2025-04-02T03:59:59.999Z
1743566400000,84550.00000000,84726.42000000,83904.72000000,84426.33000000,2284.55226000,1743580799999,192549506.70671750,377975,1092.63605000,92093755.66667770,0,2025-04-02T04:00:00.000Z,2025-04-02T07:59:59.999Z
1743580800000,84426.32000000,85450.00000000,84262.73000000,84566.91000000,2502.47319000,1743595199999,212447010.26963670,426721,1232.01701000,104588681.66935280,0,2025-04-02T08:00:00.000Z,2025-04-02T11:59:59.999Z
1743595200000,84566.91000000,87333.00000000,84462.69000000,86757.67000000,11182.56690000,1743609599999,963030203.22948840,1485656,6116.90461000,526709484.29091440,0,2025-04-02T12:00:00.000Z,2025-04-02T15:59:59.999Z
1743609600000,86757.67000000,87333.00000000,86186.19000000,86900.02000000,6072.59633000,1743623999999,527080900.93601200,940915,3389.98060000,294354455.96501060,0,2025-04-02T16:00:00.000Z,2025-04-02T19:59:59.999Z
1743624000000,86900.01000000,88500.00000000,82320.00000000,82516.29000000,15492.26441000,1743638399999,1318678458.37788290,1711297,7707.71778000,658068318.63538530,0,2025-04-02T20:00:00.000Z,2025-04-02T23:59:59.999Z
1743638400000,82516.28000000,83998.02000000,82175.98000000,83483.97000000,5644.57078000,1743652799999,470578976.12035860,687905,3065.27791000,255561726.04095040,0,2025-04-03T00:00:00.000Z,2025-04-03T03:59:59.999Z
1743652800000,83483.97000000,83735.85000000,83000.00000000,83456.75000000,2431.18004000,1743667199999,202638555.27102260,417075,1142.97985000,95276756.54698130,0,2025-04-03T04:00:00.000Z,2025-04-03T07:59:59.999Z
1743667200000,83456.76000000,83788.23000000,83047.00000000,83096.01000000,3208.79996000,1743681599999,267847441.83184640,519872,1730.12174000,144435975.84461410,0,2025-04-03T08:00:00.000Z,2025-04-03T11:59:59.999Z
1743681600000,83096.01000000,83147.95000000,81211.24000000,82039.31000000,8823.05870000,1743695999999,723909311.76350710,1364018,4175.51621000,342629723.21059880,0,2025-04-03T12:00:00.000Z,2025-04-03T15:59:59.999Z
1743696000000,82039.32000000,82448.21000000,81540.00000000,82008.70000000,4137.47371000,1743710399999,339269914.16436230,756070,2068.84674000,169674331.56686470,0,2025-04-03T16:00:00.000Z,2025-04-03T19:59:59.999Z
1743710400000,82009.76000000,83332.20000000,81800.00000000,83213.09000000,3092.75816000,1743724799999,255055525.71329570,372546,1768.78547000,145860885.40979210,0,2025-04-03T20:00:00.000Z,2025-04-03T23:59:59.999Z
1743724800000,83213.09000000,83413.46000000,82577.63000000,82818.52000000,3041.69884000,1743739199999,252523416.17845810,454735,1782.02061000,147977700.60214010,0,2025-04-04T00:00:00.000Z,2025-04-04T03:59:59.999Z
1743739200000,82818.53000000,84000.00000000,82615.36000000,83992.85000000,3091.86585000,1743753599999,257472890.29335580,371277,1641.47987000,136877632.92317130,0,2025-04-04T04:00:00.000Z,2025-04-04T07:59:59.999Z
1743753600000,83992.85000000,84720.00000000,81659.00000000,82680.45000000,9682.53553000,1743767999999,805982048.35043380,1146990,3966.42224000,330578592.40752570,0,2025-04-04T08:00:00.000Z,2025-04-04T11:59:59.999Z
1743768000000,82680.44000000,83716.00000000,81849.05000000,82860.00000000,10092.60459000,1743782399999,836229362.35030400,1705357,5018.71510000,415867283.42910300,0,2025-04-04T12:00:00.000Z,2025-04-04T15:59:59.999Z
1743782400000,82860.00000000,84620.01000000,82736.00000000,84009.99000000,5374.18478000,1743796799999,450475785.21179950,1067567,2768.40285000,232101732.40747510,0,2025-04-04T16:00:00.000Z,2025-04-04T19:59:59.999Z
1743796800000,84010.00000000,84450.00000000,83492.95000000,83889.87000000,1632.65017000,1743811199999,137159164.04238560,246660,719.14712000,60429104.49527280,0,2025-04-04T20:00:00.000Z,2025-04-04T23:59:59.999Z
1743811200000,83889.87000000,84266.00000000,83395.46000000,83624.01000000,1705.75257000,1743825599999,143020099.63748120,239305,723.95406000,60712599.25777250,0,2025-04-05T00:00:00.000Z,2025-04-05T03:59:59.999Z
1743825600000,83624.01000000,83868.00000000,83297.66000000,83525.34000000,1280.95023000,1743839999999,107089780.44241780,219611,479.73648000,40113419.16879350,0,2025-04-05T04:00:00.000Z,2025-04-05T07:59:59.999Z
1743840000000,83525.33000000,83894.70000000,83359.64000000,83452.69000000,1233.29028000,1743854399999,103126340.96359110,213123,577.98141000,48344087.54854110,0,2025-04-05T08:00:00.000Z,2025-04-05T11:59:59.999Z
1743854400000,83452.69000000,83550.68000000,82379.95000000,82618.26000000,2576.97263000,1743868799999,213507774.38656290,398946,1076.93803000,89220857.86662260,0,2025-04-05T12:00:00.000Z,2025-04-05T15:59:59.999Z
1743868800000,82618.25000000,83146.00000000,82607.05000000,82860.00000000,974.18344000,1743883199999,80754537.72896300,220621,467.37688000,38742712.39381560,0,2025-04-05T16:00:00.000Z,2025-04-05T19:59:59.999Z
1743883200000,82859.99000000,83688.00000000,82833.00000000,83537.99000000,1589.25553000,1743897599999,132128044.74232760,284144,703.65972000,58520937.49217310,0,2025-04-05T20:00:00.000Z,2025-04-05T23:59:59.999Z
1743897600000,83537.99000000,83817.63000000,83163.45000000,83344.14000000,1209.45565000,1743911999999,100947475.40348880,182376,599.81816000,50083724.16419720,0,2025-04-06T00:00:00.000Z,2025-04-06T03:59:59.999Z
1743912000000,83344.14000000,83533.01000000,83024.96000000,83024.96000000,1005.20003000,1743926399999,83731394.24207170,164055,426.25300000,35513252.45953580,0,2025-04-06T04:00:00.000Z,2025-04-06T07:59:59.999Z
1743926400000,83024.97000000,83172.00000000,82666.00000000,82855.99000000,1208.00762000,1743940799999,100108969.37900820,252439,537.72938000,44561248.04199190,0,2025-04-06T08:00:00.000Z,2025-04-06T11:59:59.999Z
1743940800000,82855.99000000,82981.14000000,82217.83000000,82548.36000000,2530.97270000,1743955199999,208972753.89996670,506862,1332.95260000,110060550.79795990,0,2025-04-06T12:00:00.000Z,2025-04-06T15:59:59.999Z
1743955200000,82548.36000000,82554.15000000,78694.99000000,79614.35000000,10204.27054000,1743969599999,820428020.03517150,1388058,4243.47036000,340885627.56050410,0,2025-04-06T16:00:00.000Z,2025-04-06T19:59:59.999Z
1743969600000,79614.34000000,79890.16000000,77153.83000000,78430.00000000,11784.80782000,1743983999999,924896438.19325760,1454703,5353.62140000,420355170.47027720,0,2025-04-06T20:00:00.000Z,2025-04-06T23:59:59.999Z
1743984000000,78430.00000000,79347.46000000,77354.00000000,77707.77000000,8315.40751000,1743998399999,650996594.41818320,1314309,4161.59797000,325793829.20535440,0,2025-04-07T00:00:00.000Z,2025-04-07T03:59:59.999Z
1743998400000,77707.78000000,77984.00000000,74508.00000000,75126.01000000,18943.30800000,1744012799999,1436350187.41982740,2207704,8857.91535000,671492024.74985590,0,2025-04-07T04:00:00.000Z,2025-04-07T07:59:59.999Z
1744012800000,75126.01000000,77577.88000000,75085.74000000,76685.62000000,10044.53318000,1744027199999,768541719.46245050,1551022,5452.36697000,417022238.12001690,0,2025-04-07T08:00:00.000Z,2025-04-07T11:59:59.999Z
1744027200000,76685.62000000,81243.58000000,75789.01000000,78479.90000000,27708.97146000,1744041599999,2175260004.57904410,2736060,13957.33944000,1096284769.25597610,0,2025-04-07T12:00:00.000Z,2025-04-07T15:59:59.999Z
1744041600000,78479.91000000,79365.46000000,77313.20000000,78130.44000000,8830.92097000,1744055999999,692754784.09374330,1382173,4306.18089000,338000895.09894700,0,2025-04-07T16:00:00.000Z,2025-04-07T19:59:59.999Z
1744056000000,78130.43000000,80218.88000000,78102.91000000,79163.24000000,4544.38977000,1744070399999,360710734.17739870,545328,2340.44212000,185781299.25424620,0,2025-04-07T20:00:00.000Z,2025-04-07T23:59:59.999Z
1744070400000,79163.24000000,80867.99000000,78772.14000000,79904.00000000,4941.96291000,1744084799999,395167154.41609530,793023,2411.87521000,193038449.71019080,0,2025-04-08T00:00:00.000Z,2025-04-08T03:59:59.999Z
1744084800000,79904.00000000,80413.49000000,79219.90000000,79496.00000000,3302.12711000,1744099199999,263190186.29858430,524945,1488.71089000,118631207.06802750,0,2025-04-08T04:00:00.000Z,2025-04-08T07:59:59.999Z
1744099200000,79496.01000000,80077.65000000,78819.65000000,79982.00000000,4257.73055000,1744113599999,337206514.64852840,590936,1926.21724000,152645880.39195340,0,2025-04-08T08:00:00.000Z,2025-04-08T11:59:59.999Z
1744113600000,79982.00000000,80375.00000000,78175.14000000,78497.99000000,8857.72421000,1744127999999,703422922.08428090,1457849,3974.99972000,315824014.39128450,0,2025-04-08T12:00:00.000Z,2025-04-08T15:59:59.999Z
1744128000000,78498.00000000,78522.72000000,76334.65000000,76854.05000000,10762.74484000,1744142399999,831220757.61940410,1515603,4484.02173000,346382209.44616380,0,2025-04-08T16:00:00.000Z,2025-04-08T19:59:59.999Z
1744142400000,76854.05000000,77285.50000000,76239.90000000,76322.42000000,3195.03101000,1744156799999,245070242.03556780,630395,1418.90552000,108849006.10773030,0,2025-04-08T20:00:00.000Z,2025-04-08T23:59:59.999Z
1744156800000,76322.42000000,76868.28000000,74620.00000000,75073.33000000,9779.68513000,1744171199999,740754954.15538550,1444302,4108.49537000,311289663.33526750,0,2025-04-09T00:00:00.000Z,2025-04-09T03:59:59.999Z
1744171200000,75073.34000000,77979.30000000,75000.00000000,77694.12000000,9140.27184000,1744185599999,702615734.33333770,1111545,4869.28598000,374294299.83193930,0,2025-04-09T04:00:00.000Z,2025-04-09T07:59:59.999Z
1744185600000,77694.12000000,77880.00000000,75756.86000000,76230.01000000,7898.75408000,1744199999999,606049467.14771100,1005598,3765.98575000,289014505.16012980,0,2025-04-09T08:00:00.000Z,2025-04-09T11:59:59.999Z
1744200000000,76230.01000000,78318.46000000,76010.21000000,77258.00000000,9835.27690000,1744214399999,759439257.36479020,1423700,5174.36367000,399595585.56650040,0,2025-04-09T12:00:00.000Z,2025-04-09T15:59:59.999Z
1744214400000,77258.01000000,82990.00000000,77136.00000000,82332.08000000,26584.65756000,1744228799999,2156326000.58749730,2023585,14696.28347000,1192411002.12917780,0,2025-04-09T16:00:00.000Z,2025-04-09T19:59:59.999Z
1744228800000,82332.08000000,83588.00000000,81987.89000000,82615.22000000,12249.64221000,1744243199999,1015045842.63377430,732522,6877.21534000,570398986.93624600,0,2025-04-09T20:00:00.000Z,2025-04-09T23:59:59.999Z
1744243200000,82615.22000000,82753.21000000,81472.84000000,81775.20000000,5457.92235000,1744257599999,448820479.96143560,539501,3002.46361000,246986015.76457160,0,2025-04-10T00:00:00.000Z,2025-04-10T03:59:59.999Z
1744257600000,81775.20000000,82344.30000000,81292.99000000,81595.81000000,3599.59614000,1744271999999,294944725.39852270,468989,1734.39891000,142164121.31722300,0,2025-04-10T04:00:00.000Z,2025-04-10T07:59:59.999Z
1744272000000,81595.81000000,82130.43000000,81349.00000000,81882.01000000,3109.18957000,1744286399999,254190088.86276850,567991,1458.65234000,119288608.40137060,0,2025-04-10T08:00:00.000Z,2025-04-10T11:59:59.999Z
1744286400000,81882.00000000,82466.35000000,78606.06000000,78757.00000000,12186.07063000,1744300799999,983526903.61533230,1438317,5666.84995000,457666931.20066390,0,2025-04-10T12:00:00.000Z,2025-04-10T15:59:59.999Z
1744300800000,78757.24000000,80058.96000000,78464.36000000,79649.34000000,6868.94347000,1744315199999,544303816.49729090,1168736,3372.36224000,267239706.74793890,0,2025-04-10T16:00:00.000Z,2025-04-10T19:59:59.999Z
1744315200000,79647.37000000,80035.54000000,79377.04000000,79607.30000000,2063.08502000,1744329599999,164508339.51249260,346011,1105.19205000,88129972.58831690,0,2025-04-10T20:00:00.000Z,2025-04-10T23:59:59.999Z
1744329600000,79607.30000000,80906.63000000,78969.58000000,80842.99000000,4616.06429000,1744343999999,369138159.61667000,656602,2396.19759000,191796851.74585310,0,2025-04-11T00:00:00.000Z,2025-04-11T03:59:59.999Z
1744344000000,80843.00000000,81440.73000000,80512.22000000,81266.76000000,3739.36450000,1744358399999,302889380.84465090,433877,1714.48305000,138901563.97283730,0,2025-04-11T04:00:00.000Z,2025-04-11T07:59:59.999Z
1744358400000,81266.76000000,82985.71000000,80782.43000000,82129.67000000,7672.77810000,1744372799999,629988966.23200220,803347,3961.05646000,325202103.76250490,0,2025-04-11T08:00:00.000Z,2025-04-11T11:59:59.999Z
1744372800000,82129.67000000,83333.00000000,81341.22000000,82521.74000000,8580.71054000,1744387199999,706876435.90883950,1255229,4321.65498000,356149173.03760010,0,2025-04-11T12:00:00.000Z,2025-04-11T15:59:59.999Z
1744387200000,82521.74000000,84220.00000000,82015.08000000,83858.28000000,6974.07284000,1744401599999,582621857.59327350,954251,4233.87364000,353843196.65196130,0,2025-04-11T16:00:00.000Z,2025-04-11T19:59:59.999Z
1744401600000,83858.28000000,84300.00000000,83162.00000000,83423.84000000,2852.44770000,1744415999999,238849144.98331620,319851,1392.31795000,116622389.74694760,0,2025-04-11T20:00:00.000Z,2025-04-11T23:59:59.999Z
1744416000000,83423.83000000,83572.00000000,82792.95000000,82973.13000000,2097.25786000,1744430399999,174487470.75733820,284046,786.80410000,65479705.18661740,0,2025-04-12T00:00:00.000Z,2025-04-12T03:59:59.999Z
1744430400000,82973.14000000,83830.62000000,82856.86000000,83724.92000000,2219.56474000,1744444799999,185221865.52672300,309694,1303.92091000,108831470.46462410,0,2025-04-12T04:00:00.000Z,2025-04-12T07:59:59.999Z
1744444800000,83724.92000000,84031.87000000,83305.91000000,83528.30000000,2026.01827000,1744459199999,169425619.22406530,269603,945.17285000,79044551.67956210,0,2025-04-12T08:00:00.000Z,2025-04-12T11:59:59.999Z
1744459200000,83528.30000000,85402.90000000,83474.94000000,85008.40000000,7502.18643000,1744473599999,634298965.44382890,812066,4225.88093000,357395847.18309730,0,2025-04-12T12:00:00.000Z,2025-04-12T15:59:59.999Z
1744473600000,85008.40000000,85258.29000000,84421.95000000,84943.40000000,2205.95168000,1744487999999,187235453.89982460,399935,993.68304000,84348797.96013610,0,2025-04-12T16:00:00.000Z,2025-04-12T19:59:59.999Z
1744488000000,84943.39000000,85905.00000000,84877.61000000,85276.90000000,2419.76539000,1744502399999,206733878.07497150,425852,1271.26461000,108646900.30943100,0,2025-04-12T20:00:00.000Z,2025-04-12T23:59:59.999Z
1744502400000,85276.91000000,86100.00000000,84724.91000000,85432.31000000,6091.99475000,1744516799999,520126386.00558440,568756,3748.37073000,320110730.76801390,0,2025-04-13T00:00:00.000Z,2025-04-13T03:59:59.999Z
1744516800000,85432.31000000,85436.68000000,84399.42000000,84413.10000000,5329.09879000,1744531199999,451254056.05729620,423436,1538.44022000,130290434.53729490,0,2025-04-13T04:00:00.000Z,2025-04-13T07:59:59.999Z
1744531200000,84413.10000000,84949.86000000,84216.15000000,84528.66000000,2109.38782000,1744545599999,178398297.30452160,328049,1127.25397000,95351797.31144770,0,2025-04-13T08:00:00.000Z,2025-04-13T11:59:59.999Z
1744545600000,84528.66000000,84700.00000000,83480.67000000,83849.66000000,3752.76000000,1744559999999,315398474.03637980,542117,1698.09937000,142761372.46084710,0,2025-04-13T12:00:00.000Z,2025-04-13T15:59:59.999Z
1744560000000,83849.66000000,84990.22000000,83050.00000000,83981.31000000,4094.28687000,1744574399999,344996896.44793670,663013,1978.40247000,166764416.23387420,0,2025-04-13T16:00:00.000Z,2025-04-13T19:59:59.999Z
1744574400000,83981.32000000,84446.31000000,83034.23000000,83760.00000000,3302.51358000,1744588799999,275932265.58753670,750508,1568.11233000,131024494.78170580,0,2025-04-13T20:00:00.000Z,2025-04-13T23:59:59.999Z
1744588800000,83760.00000000,85544.30000000,83678.00000000,84566.03000000,9144.98601000,1744603199999,775559125.61970000,886097,4881.57639000,414222022.59093660,0,2025-04-14T00:00:00.000Z,2025-04-14T03:59:59.999Z
1744603200000,84566.04000000,85110.00000000,84211.06000000,84580.76000000,3626.62247000,1744617599999,306875151.52392130,426028,1342.43518000,113623611.82733690,0,2025-04-14T04:00:00.000Z,2025-04-14T07:59:59.999Z
1744617600000,84580.77000000,84965.34000000,84250.00000000,84927.55000000,2672.53505000,1744631999999,226288670.54822910,417944,1348.53954000,114218411.07724030,0,2025-04-14T08:00:00.000Z,2025-04-14T11:59:59.999Z
1744632000000,84927.56000000,85799.99000000,83709.25000000,84101.16000000,6912.07940000,1744646399999,586414878.59970230,1059383,3660.65345000,310808112.18221710,0,2025-04-14T12:00:00.000Z,2025-04-14T15:59:59.999Z
1744646400000,84101.16000000,85208.10000000,83863.63000000,84923.07000000,4493.01122000,1744660799999,380696725.01603540,786176,2879.14606000,244101471.36156070,0,2025-04-14T16:00:00.000Z,2025-04-14T19:59:59.999Z
1744660800000,84923.07000000,84971.70000000,84424.52000000,84591.58000000,1809.85933000,1744675199999,153298253.77394080,345894,1084.23867000,91842370.10132570,0,2025-04-14T20:00:00.000Z,2025-04-14T23:59:59.999Z
1744675200000,84591.58000000,85415.10000000,84347.97000000,85379.96000000,2777.45814000,1744689599999,236090467.66297520,461135,1565.95030000,133133153.35657570,0,2025-04-15T00:00:00.000Z,2025-04-15T03:59:59.999Z
1744689600000,85379.97000000,85879.10000000,85157.60000000,85716.77000000,3160.55930000,1744703999999,270416858.82046420,331473,1636.95296000,140075320.23032590,0,2025-04-15T04:00:00.000Z,2025-04-15T07:59:59.999Z
1744704000000,85716.77000000,86000.00000000,85351.00000000,85589.23000000,3075.38498000,1744718399999,263711287.69420800,341394,1449.47029000,124333543.22407890,0,2025-04-15T08:00:00.000Z,2025-04-15T11:59:59.999Z
1744718400000,85589.23000000,86496.42000000,84623.73000000,84918.14000000,6756.03523000,1744732799999,577922991.58800090,924119,3545.62303000,303590802.27057740,0,2025-04-15T12:00:00.000Z,2025-04-15T15:59:59.999Z
1744732800000,84918.15000000,85146.55000000,83921.19000000,83998.52000000,2674.08979000,1744747199999,225895504.26234630,511540,1217.42190000,102868075.02171360,0,2025-04-15T16:00:00.000Z,2025-04-15T19:59:59.999Z
1744747200000,83998.51000000,84235.85000000,83600.00000000,83643.99000000,2467.46784000,1744761599999,206935304.36760610,340872,1023.94224000,85894859.06409360,0,2025-04-15T20:00:00.000Z,2025-04-15T23:59:59.999Z
1744761600000,83643.99000000,83960.00000000,83111.64000000,83695.66000000,2463.72865000,1744775999999,205832190.83628030,423961,1233.68776000,103095352.10857430,0,2025-04-16T00:00:00.000Z,2025-04-16T03:59:59.999Z
1744776000000,83695.66000000,83814.00000000,83212.64000000,83363.17000000,3071.39491000,1744790399999,256550284.84021970,322936,1573.14980000,131440052.72525500,0,2025-04-16T04:00:00.000Z,2025-04-16T07:59:59.999Z
1744790400000,83363.17000000,84127.05000000,83140.89000000,84048.11000000,2832.84259000,1744804799999,237336664.76666570,443452,1495.10179000,125277679.42258160,0,2025-04-16T08:00:00.000Z,2025-04-16T11:59:59.999Z
1744804800000,84048.36000000,85270.27000000,83512.20000000,84846.58000000,4587.02932000,1744819199999,387148148.51776910,668811,2311.09777000,195047700.17833650,0,2025-04-16T12:00:00.000Z,2025-04-16T15:59:59.999Z
1744819200000,84846.58000000,85500.00000000,83275.00000000,84334.01000000,6228.17039000,1744833599999,524943506.45940590,1073895,3099.63418000,261285660.97387630,0,2025-04-16T16:00:00.000Z,2025-04-16T19:59:59.999Z
1744833600000,84334.00000000,84679.53000000,84024.00000000,84030.38000000,1684.07933000,1744847999999,142099235.78058350,331675,744.09770000,62793384.07621310,0,2025-04-16T20:00:00.000Z,2025-04-16T23:59:59.999Z
1744848000000,84030.38000000,84496.00000000,83814.48000000,83994.23000000,1420.43568000,1744862399999,119466309.32184670,301924,680.43111000,57234098.10375300,0,2025-04-17T00:00:00.000Z,2025-04-17T03:59:59.999Z
1744862400000,83994.23000000,85053.38000000,83900.00000000,84669.98000000,2038.72764000,1744876799999,172300719.13430390,245936,1059.71195000,89633067.07929300,0,2025-04-17T04:00:00.000Z,2025-04-17T07:59:59.999Z
1744876800000,84669.98000000,84764.44000000,84191.17000000,84562.00000000,1333.31709000,1744891199999,112637783.69606290,221015,638.56346000,53946445.56863020,0,2025-04-17T08:00:00.000Z,2025-04-17T11:59:59.999Z
1744891200000,84562.00000000,84862.93000000,83736.26000000,84531.71000000,3721.70869000,1744905599999,314219452.10031480,531912,1600.70234000,135170892.38492590,0,2025-04-17T12:00:00.000Z,2025-04-17T15:59:59.999Z
1744905600000,84531.72000000,85470.01000000,84393.59000000,84849.06000000,4072.82270000,1744919999999,346021290.63594550,525695,1905.07529000,161867885.87118570,0,2025-04-17T16:00:00.000Z,2025-04-17T19:59:59.999Z
1744920000000,84849.05000000,85140.00000000,84720.21000000,84947.91000000,1141.83592000,1744934399999,97013872.49778900,176923,539.93150000,45874365.41091380,0,2025-04-17T20:00:00.000Z,2025-04-17T23:59:59.999Z
1744934400000,84947.92000000,85132.08000000,84724.60000000,84828.00000000,1247.74402000,1744948799999,105923711.65262070,170198,597.10965000,50698184.36599190,0,2025-04-18T00:00:00.000Z,2025-04-18T03:59:59.999Z
1744948800000,84827.99000000,84838.52000000,84413.23000000,84654.68000000,1523.46331000,1744963199999,128922739.25080870,163610,697.28901000,59007868.55779940,0,2025-04-18T04:00:00.000Z,2025-04-18T07:59:59.999Z
1744963200000,84654.68000000,84764.00000000,84472.25000000,84669.11000000,1166.67376000,1744977599999,98706747.23735400,135773,529.84301000,44830682.66290400,0,2025-04-18T08:00:00.000Z,2025-04-18T11:59:59.999Z
1744977600000,84669.11000000,84769.95000000,84338.00000000,84374.59000000,1234.71700000,1744991999999,104375663.28361710,160516,509.78882000,43101206.36209920,0,2025-04-18T12:00:00.000Z,2025-04-18T15:59:59.999Z
1744992000000,84374.60000000,84649.99000000,84303.96000000,84562.83000000,718.53494000,1745006399999,60732947.75118910,110094,315.40369000,26657988.10437590,0,2025-04-18T16:00:00.000Z,2025-04-18T19:59:59.999Z
1745006400000,84562.83000000,84684.49000000,84342.15000000,84474.69000000,638.83012000,1745020799999,53986674.47189750,99818,262.35438000,22171158.20897620,0,2025-04-18T20:00:00.000Z,2025-04-18T23:59:59.999Z
1745020800000,84474.70000000,84986.76000000,84364.45000000,84883.71000000,1105.44308000,1745035199999,93637134.42246850,149665,637.63124000,54016617.59123820,0,2025-04-19T00:00:00.000Z,2025-04-19T03:59:59.999Z
1745035200000,84883.72000000,85300.00000000,84883.71000000,85217.39000000,2259.71458000,1745049599999,192286659.32012600,136013,1284.97342000,109350784.18976780,0,2025-04-19T04:00:00.000Z,2025-04-19T07:59:59.999Z
1745049600000,85217.38000000,85436.72000000,85115.45000000,85217.40000000,1378.37688000,1745063999999,117519368.62629740,132295,748.84984000,63841518.78747460,0,2025-04-19T08:00:00.000Z,2025-04-19T11:59:59.999Z
1745064000000,85217.40000000,85677.99000000,85070.00000000,85191.19000000,2584.44918000,1745078399999,220675916.32189390,174358,1659.32401000,141695878.04136660,0,2025-04-19T12:00:00.000Z,2025-04-19T15:59:59.999Z
1745078400000,85191.18000000,85330.06000000,84694.49000000,85085.55000000,1789.11723000,1745092799999,152271395.34816810,182437,813.47090000,69251161.25290500,0,2025-04-19T16:00:00.000Z,2025-04-19T19:59:59.999Z
1745092800000,85085.56000000,85367.93000000,85015.63000000,85077.01000000,549.48058000,1745107199999,46832278.24529540,100458,272.05146000,23186964.13632980,0,2025-04-19T20:00:00.000Z,2025-04-19T23:59:59.999Z
1745107200000,85077.00000000,85320.76000000,85050.27000000,85168.81000000,882.54344000,1745121599999,75204805.85219340,113197,499.96633000,42603984.93698290,0,2025-04-20T00:00:00.000Z,2025-04-20T03:59:59.999Z
1745121600000,85168.82000000,85248.00000000,84678.18000000,84784.01000000,1167.69622000,1745135999999,99155168.54495120,118487,469.01204000,39830134.00201750,0,2025-04-20T04:00:00.000Z,2025-04-20T07:59:59.999Z
1745136000000,84784.01000000,84785.00000000,83949.52000000,84129.83000000,1885.40107000,1745150399999,159016861.79251740,173071,800.46338000,67499197.71017370,0,2025-04-20T08:00:00.000Z,2025-04-20T11:59:59.999Z
1745150400000,84129.82000000,84664.00000000,84099.30000000,84344.66000000,1721.01989000,1745164799999,145237491.47789610,188296,910.56177000,76830806.71520010,0,2025-04-20T12:00:00.000Z,2025-04-20T15:59:59.999Z
1745164800000,84344.65000000,84664.09000000,84272.74000000,84651.61000000,769.05869000,1745179199999,64999086.30214960,116258,401.50036000,33932602.67811790,0,2025-04-20T16:00:00.000Z,2025-04-20T19:59:59.999Z
1745179200000,84651.61000000,85298.00000000,84616.73000000,85179.24000000,1665.95794000,1745193599999,141640230.92212850,234821,761.97926000,64786109.69534080,0,2025-04-20T20:00:00.000Z,2025-04-20T23:59:59.999Z
1745193600000,85179.24000000,87640.00000000,85144.76000000,87205.56000000,9533.33738000,1745207999999,828204525.43074000,770874,5438.53457000,472291216.94176340,0,2025-04-21T00:00:00.000Z,2025-04-21T03:59:59.999Z
1745208000000,87205.56000000,87738.00000000,87038.00000000,87434.78000000,2859.73764000,1745222399999,250004936.11603250,249245,1473.44625000,128823430.41861690,0,2025-04-21T04:00:00.000Z,2025-04-21T07:59:59.999Z
1745222400000,87434.79000000,87795.26000000,86644.29000000,86971.92000000,3305.90555000,1745236799999,288558536.29596930,259505,1545.54037000,135020194.20489170,0,2025-04-21T08:00:00.000Z,2025-04-21T11:59:59.999Z
1745236800000,86971.92000000,88465.99000000,86779.97000000,88044.80000000,8328.48630000,1745251199999,731168560.55024230,857631,4657.72284000,409064581.70865540,0,2025-04-21T12:00:00.000Z,2025-04-21T15:59:59.999Z
1745251200000,88044.81000000,88270.88000000,86389.78000000,87415.10000000,5561.20336000,1745265599999,484852991.13127940,680764,2750.23259000,239686295.41245000,0,2025-04-21T16:00:00.000Z,2025-04-21T19:59:59.999Z
1745265600000,87415.09000000,87625.68000000,86887.15000000,87516.23000000,2184.70239000,1745279999999,190510041.94280210,223376,1350.92215000,117819506.44775760,0,2025-04-21T20:00:00.000Z,2025-04-21T23:59:59.999Z
1745280000000,87516.22000000,88877.00000000,87076.03000000,88157.55000000,5948.69860000,1745294399999,523972235.60063530,544078,2943.11710000,259152982.46856770,0,2025-04-22T00:00:00.000Z,2025-04-22T03:59:59.999Z
1745294400000,88157.55000000,88486.00000000,87953.86000000,88476.83000000,2721.14964000,1745308799999,240180187.91789230,259050,1190.22922000,105056270.83903400,0,2025-04-22T04:00:00.000Z,2025-04-22T07:59:59.999Z
1745308800000,88476.82000000,88701.93000000,88241.33000000,88614.10000000,2659.83331000,1745323199999,235429149.23808740,208321,1260.39404000,111563677.32214520,0,2025-04-22T08:00:00.000Z,2025-04-22T11:59:59.999Z
1745323200000,88614.09000000,91439.46000000,88482.00000000,90934.61000000,15352.18318000,1745337599999,1385993773.56640910,966352,7803.78720000,704222585.30500710,0,2025-04-22T12:00:00.000Z,2025-04-22T15:59:59.999Z
1745337600000,90934.61000000,91695.00000000,90624.03000000,91414.79000000,6380.71134000,1745351999999,581443364.03632550,501068,2850.86218000,259892678.46963480,0,2025-04-22T16:00:00.000Z,2025-04-22T19:59:59.999Z
1745352000000,91414.78000000,93888.00000000,91060.00000000,93442.99000000,10810.17098000,1745366399999,1000766353.76882060,789606,6729.38073000,622751384.79869670,0,2025-04-22T20:00:00.000Z,2025-04-22T23:59:59.999Z
1745366400000,93442.99000000,93909.05000000,92580.18000000,93168.91000000,5215.33691000,1745380799999,485664111.27706930,427183,2418.99639000,225389152.95870850,0,2025-04-23T00:00:00.000Z,2025-04-23T03:59:59.999Z
1745380800000,93168.91000000,94264.00000000,93017.46000000,94133.82000000,3753.14233000,1745395199999,351203753.09229570,295339,1940.28451000,181634864.09645670,0,2025-04-23T04:00:00.000Z,2025-04-23T07:59:59.999Z
1745395200000,94133.82000000,94521.79000000,93324.45000000,93466.01000000,4309.72120000,1745409599999,404699934.04402280,358368,1988.05465000,186766381.47804480,0,2025-04-23T08:00:00.000Z,2025-04-23T11:59:59.999Z
1745409600000,93466.01000000,94696.05000000,91935.41000000,93195.28000000,8544.85910000,1745423999999,796297627.35291100,1002583,4154.41222000,387320504.73428780,0,2025-04-23T12:00:00.000Z,2025-04-23T15:59:59.999Z
1745424000000,93195.28000000,94219.93000000,92913.04000000,93497.88000000,4018.92317000,1745438399999,376119608.01617170,594742,1914.83958000,179251171.88405240,0,2025-04-23T16:00:00.000Z,2025-04-23T19:59:59.999Z
1745438400000,93497.88000000,93917.53000000,93238.10000000,93691.08000000,1562.18537000,1745452799999,146294900.16548110,338321,711.47039000,66630483.42499600,0,2025-04-23T20:00:00.000Z,2025-04-23T23:59:59.999Z
1745452800000,93691.07000000,93787.65000000,92650.00000000,92673.95000000,2768.12366000,1745467199999,258240111.77712650,383080,870.33780000,81177539.22019210,0,2025-04-24T00:00:00.000Z,2025-04-24T03:59:59.999Z
1745467200000,92673.95000000,92903.94000000,92101.63000000,92203.55000000,3429.85771000,1745481599999,317328130.83855350,404590,1404.62860000,129974843.77067460,0,2025-04-24T04:00:00.000Z,2025-04-24T07:59:59.999Z
1745481600000,92203.54000000,92657.69000000,91660.01000000,92619.94000000,3940.58829000,1745495999999,363320914.63564220,457610,1736.23264000,160132677.80812580,0,2025-04-24T08:00:00.000Z,2025-04-24T11:59:59.999Z
1745496000000,92619.94000000,93450.00000000,92434.78000000,93202.51000000,4447.23602000,1745510399999,413314367.95276670,732405,2261.74181000,210236003.66858440,0,2025-04-24T12:00:00.000Z,2025-04-24T15:59:59.999Z
1745510400000,93202.52000000,93649.56000000,92666.62000000,93556.12000000,2504.05999000,1745524799999,233612382.24672550,518138,1131.54188000,105583103.77415140,0,2025-04-24T16:00:00.000Z,2025-04-24T19:59:59.999Z
1745524800000,93556.12000000,94005.00000000,93024.00000000,93980.47000000,2407.19504000,1745539199999,225304229.86386430,301560,1160.69855000,108683319.11916980,0,2025-04-24T20:00:00.000Z,2025-04-24T23:59:59.999Z
1745539200000,93980.47000000,94444.00000000,92855.96000000,93311.83000000,4492.13804000,1745553599999,420660064.64102660,558861,2309.84011000,216416732.27472260,0,2025-04-25T00:00:00.000Z,2025-04-25T03:59:59.999Z
1745553600000,93311.83000000,93860.00000000,93013.56000000,93772.26000000,3463.87110000,1745567999999,323812387.98644830,337188,1683.17895000,157349617.40617840,0,2025-04-25T04:00:00.000Z,2025-04-25T07:59:59.999Z
1745568000000,93772.27000000,94660.00000000,93539.82000000,94635.67000000,3498.44872000,1745582399999,328749872.35307190,378157,1904.34179000,179053316.89685700,0,2025-04-25T08:00:00.000Z,2025-04-25T11:59:59.999Z
1745582400000,94635.67000000,95758.04000000,93929.41000000,95061.22000000,10872.54033000,1745596799999,1032286003.79600400,1253590,4966.62734000,471576424.64628180,0,2025-04-25T12:00:00.000Z,2025-04-25T15:59:59.999Z
1745596800000,95061.21000000,95554.99000000,94370.35000000,95291.00000000,3536.11021000,1745611199999,336063723.44406690,555390,1555.86966000,147884712.74451940,0,2025-04-25T16:00:00.000Z,2025-04-25T19:59:59.999Z
1745611200000,95291.00000000,95345.45000000,94441.61000000,94638.68000000,1637.55808000,1745625599999,155305661.41955510,248642,652.36351000,61872291.76070900,0,2025-04-25T20:00:00.000Z,2025-04-25T23:59:59.999Z
1745625600000,94638.68000000,95199.00000000,94527.84000000,94739.99000000,2542.70188000,1745639999999,241117530.26250200,276316,1108.81904000,105164444.38158010,0,2025-04-26T00:00:00.000Z,2025-04-26T03:59:59.999Z
1745640000000,94739.99000000,94830.93000000,94380.72000000,94570.31000000,1410.05819000,1745654399999,133442922.52224160,199142,633.13933000,59922718.72758750,0,2025-04-26T04:00:00.000Z,2025-04-26T07:59:59.999Z
1745654400000,94570.31000000,94733.54000000,93990.60000000,94144.06000000,1747.48781000,1745668799999,164761284.00324160,284282,812.80393000,76643508.74509430,0,2025-04-26T08:00:00.000Z,2025-04-26T11:59:59.999Z
1745668800000,94144.07000000,94394.00000000,93870.69000000,94373.24000000,1638.82978000,1745683199999,154306618.28427380,291676,747.20079000,70370359.35595100,0,2025-04-26T12:00:00.000Z,2025-04-26T15:59:59.999Z
1745683200000,94373.24000000,94378.87000000,94041.00000000,94307.50000000,832.25743000,1745697599999,78441985.35150340,187191,332.41435000,31328750.09316710,0,2025-04-26T16:00:00.000Z,2025-04-26T19:59:59.999Z
1745697600000,94307.51000000,94888.00000000,94087.00000000,94628.00000000,1243.73366000,1745711999999,117557021.41768230,237376,521.84719000,49327333.13497790,0,2025-04-26T20:00:00.000Z,2025-04-26T23:59:59.999Z
1745712000000,94628.00000000,95369.00000000,94041.60000000,94156.21000000,3925.87324000,1745726399999,371858659.24493050,560746,1787.46473000,169484239.91465300,0,2025-04-27T00:00:00.000Z,2025-04-27T03:59:59.999Z
1745726400000,94156.22000000,94288.65000000,93655.00000000,94065.98000000,1858.72082000,1745740799999,174743891.38306050,285465,668.30925000,62823771.44860980,0,2025-04-27T04:00:00.000Z,2025-04-27T07:59:59.999Z
1745740800000,94065.99000000,94331.85000000,93883.81000000,93920.01000000,1343.02543000,1745755199999,126393661.06895700,224740,650.11571000,61190499.54918080,0,2025-04-27T08:00:00.000Z,2025-04-27T11:59:59.999Z
1745755200000,93920.00000000,94173.91000000,93602.58000000,93901.08000000,1432.64566000,1745769599999,134502221.92698040,313036,754.95797000,70887243.21179670,0,2025-04-27T12:00:00.000Z,2025-04-27T15:59:59.999Z
1745769600000,93901.09000000,94434.79000000,93727.08000000,94433.50000000,1354.62397000,1745783999999,127480362.87276380,227164,849.68106000,79975773.88104320,0,2025-04-27T16:00:00.000Z,2025-04-27T19:59:59.999Z
1745784000000,94433.49000000,94545.45000000,93641.70000000,93749.30000000,1247.95188000,1745798399999,117355995.68992670,307009,539.55847000,50750711.10288620,0,2025-04-27T20:00:00.000Z,2025-04-27T23:59:59.999Z
1745798400000,93749.29000000,93987.30000000,92800.01000000,93849.93000000,3829.25480000,1745812799999,357540875.92886360,709736,1910.52595000,178433012.46504220,0,2025-04-28T00:00:00.000Z,2025-04-28T03:59:59.999Z
1745812800000,93849.93000000,94800.00000000,93849.93000000,94692.49000000,3173.45503000,1745827199999,299211017.38675540,363826,1924.85226000,181448041.99205910,0,2025-04-28T04:00:00.000Z,2025-04-28T07:59:59.999Z
1745827200000,94692.49000000,95550.00000000,94339.48000000,95319.99000000,4407.81686000,1745841599999,418809445.54138780,503129,2405.94812000,228728649.28885920,0,2025-04-28T08:00:00.000Z,2025-04-28T11:59:59.999Z
1745841600000,95319.99000000,95630.00000000,93583.90000000,93833.51000000,6874.85491000,1745855999999,651573051.70096400,1007946,3343.59707000,317261916.61257290,0,2025-04-28T12:00:00.000Z,2025-04-28T15:59:59.999Z
1745856000000,93833.50000000,94920.00000000,93444.00000000,94787.20000000,2284.50465000,1745870399999,214898826.32848700,537275,1154.52013000,108637149.99375620,0,2025-04-28T16:00:00.000Z,2025-04-28T19:59:59.999Z
1745870400000,94786.73000000,95180.00000000,94305.95000000,95011.18000000,1587.64726000,1745884799999,150499779.66871390,302828,887.33239000,84158534.88770830,0,2025-04-28T20:00:00.000Z,2025-04-28T23:59:59.999Z
1745884800000,95011.18000000,95461.53000000,94443.70000000,94658.76000000,2355.42851000,1745899199999,223628653.18400670,553598,1179.80404000,112038765.53712710,0,2025-04-29T00:00:00.000Z,2025-04-29T03:59:59.999Z
1745899200000,94658.75000000,94960.00000000,94200.00000000,94917.61000000,3096.90198000,1745913599999,292487323.46301110,360039,790.20626000,74738582.46897570,0,2025-04-29T04:00:00.000Z,2025-04-29T07:59:59.999Z
1745913600000,94917.61000000,95285.71000000,94743.01000000,95129.74000000,2370.90825000,1745927999999,225220814.64158690,344827,1026.63872000,97540595.02964900,0,2025-04-29T08:00:00.000Z,2025-04-29T11:59:59.999Z
1745928000000,95129.74000000,95300.00000000,94531.85000000,94843.10000000,2872.24836000,1745942399999,272562627.99363820,595211,1340.82521000,127242345.26820920,0,2025-04-29T12:00:00.000Z,2025-04-29T15:59:59.999Z
1745942400000,94843.10000000,95459.99000000,94658.99000000,95300.79000000,3091.57412000,1745956799999,294376855.68133150,579351,1477.18282000,140654379.72332070,0,2025-04-29T16:00:00.000Z,2025-04-29T19:59:59.999Z
1745956800000,95300.79000000,95408.00000000,93742.54000000,94256.82000000,3168.27898000,1745971199999,298878528.50397330,587849,1298.02764000,122473859.78578430,0,2025-04-29T20:00:00.000Z,2025-04-29T23:59:59.999Z
1745971200000,94256.82000000,95111.01000000,94136.48000000,95032.84000000,1764.95760000,1745985599999,166983780.98042350,387747,952.20664000,90113245.63802310,0,2025-04-30T00:00:00.000Z,2025-04-30T03:59:59.999Z
1745985600000,95032.84000000,95180.00000000,94500.00000000,94620.99000000,1847.65644000,1745999999999,175336917.42717130,296550,690.02569000,65496618.35840110,0,2025-04-30T04:00:00.000Z,2025-04-30T07:59:59.999Z
1746000000000,94620.99000000,95228.45000000,94527.58000000,95176.66000000,1661.24557000,1746014399999,157693570.60368220,261424,891.12829000,84611835.10492260,0,2025-04-30T08:00:00.000Z,2025-04-30T11:59:59.999Z
1746014400000,95176.66000000,95214.90000000,92910.00000000,94004.63000000,8257.16200000,1746028799999,775638255.95077640,1239978,3853.48116000,361978704.27050820,0,2025-04-30T12:00:00.000Z,2025-04-30T15:59:59.999Z
1746028800000,94004.63000000,94500.00000000,93528.71000000,94152.01000000,2035.58804000,1746043199999,191403521.33980330,601892,974.58383000,91629631.36152010,0,2025-04-30T16:00:00.000Z,2025-04-30T19:59:59.999Z
1746043200000,94152.01000000,94784.10000000,94005.00000000,94172.00000000,2094.66545000,1746057599999,197769624.68126840,426558,1031.79059000,97442345.29786960,0,2025-04-30T20:00:00.000Z,2025-04-30T23:59:59.999Z
1746057600000,94172.00000000,95040.30000000,94130.43000000,94782.60000000,2877.43780000,1746071999999,272640356.26561650,353264,1750.92805000,165924948.33881070,0,2025-05-01T00:00:00.000Z,2025-05-01T03:59:59.999Z
1746072000000,94782.60000000,95180.00000000,94714.38000000,95025.84000000,1880.34885000,1746086399999,178617836.15116230,225192,906.07052000,86071326.11754350,0,2025-05-01T04:00:00.000Z,2025-05-01T07:59:59.999Z
1746086400000,95025.84000000,96396.31000000,94913.04000000,96180.01000000,4237.08588000,1746100799999,406019531.39278880,477152,2504.92488000,240021312.75436690,0,2025-05-01T08:00:00.000Z,2025-05-01T11:59:59.999Z
1746100800000,96180.01000000,97424.02000000,95769.66000000,96854.30000000,7399.49215000,1746115199999,714263174.35051020,982427,3499.80115000,338093659.63535240,0,2025-05-01T12:00:00.000Z,2025-05-01T15:59:59.999Z
1746115200000,96854.31000000,97367.26000000,96424.44000000,96523.26000000,3200.80242000,1746129599999,310001362.56744030,513785,1423.93074000,137935994.58205090,0,2025-05-01T16:00:00.000Z,2025-05-01T19:59:59.999Z
1746129600000,96523.26000000,96885.77000000,96184.19000000,96489.91000000,1785.28633000,1746143999999,172315353.54574910,373896,840.21774000,81109957.43063910,0,2025-05-01T20:00:00.000Z,2025-05-01T23:59:59.999Z
1746144000000,96489.90000000,97233.10000000,96466.21000000,97102.32000000,2134.18118000,1746158399999,206858644.78092630,431883,1140.88853000,110555097.86533500,0,2025-05-02T00:00:00.000Z,2025-05-02T03:59:59.999Z
1746158400000,97102.32000000,97309.78000000,96350.00000000,96350.00000000,2432.89056000,1746172799999,235390194.16004510,347651,1119.22965000,108326319.75439530,0,2025-05-02T04:00:00.000Z,2025-05-02T07:59:59.999Z
1746172800000,96350.01000000,97100.00000000,96350.00000000,96928.97000000,1860.27080000,1746187199999,180012083.69636950,289089,978.24871000,94669795.48441240,0,2025-05-02T08:00:00.000Z,2025-05-02T11:59:59.999Z
1746187200000,96928.97000000,97895.68000000,96650.94000000,97330.19000000,5047.18173000,1746201599999,490735922.01620070,893008,2705.84713000,263139233.10234720,0,2025-05-02T12:00:00.000Z,2025-05-02T15:59:59.999Z
1746201600000,97330.19000000,97783.02000000,96769.84000000,96924.23000000,2332.70775000,1746215999999,227061138.68253140,514710,961.16141000,93553914.06115530,0,2025-05-02T16:00:00.000Z,2025-05-02T19:59:59.999Z
1746216000000,96924.23000000,97136.00000000,96561.57000000,96887.14000000,1098.51609000,1746230399999,106329668.24798450,221922,534.95988000,51778456.95697470,0,2025-05-02T20:00:00.000Z,2025-05-02T23:59:59.999Z
1746230400000,96887.13000000,96935.67000000,96300.02000000,96337.50000000,2058.72462000,1746244799999,198784328.94244190,206456,723.21385000,69854276.72432510,0,2025-05-03T00:00:00.000Z,2025-05-03T03:59:59.999Z
1746244800000,96337.50000000,96593.00000000,96132.67000000,96322.68000000,1508.87428000,1746259199999,145379043.82881700,186930,658.71544000,63465815.50514310,0,2025-05-03T04:00:00.000Z,2025-05-03T07:59:59.999Z
1746259200000,96322.68000000,96421.91000000,95852.29000000,95942.02000000,2622.43769000,1746273599999,252005021.02645370,243580,1025.05012000,98537310.80401290,0,2025-05-03T08:00:00.000Z,2025-05-03T11:59:59.999Z
1746273600000,95942.01000000,96509.44000000,95880.65000000,96418.68000000,1447.96366000,1746287999999,139288786.59677550,181434,690.06838000,66399060.59936900,0,2025-05-03T12:00:00.000Z,2025-05-03T15:59:59.999Z
1746288000000,96418.68000000,96428.33000000,95869.68000000,96354.34000000,899.94616000,1746302399999,86537419.99125640,188230,339.11193000,32606276.95119090,0,2025-05-03T16:00:00.000Z,2025-05-03T19:59:59.999Z
1746302400000,96354.34000000,96441.49000000,95753.01000000,95856.42000000,1185.40197000,1746316799999,113911544.57940530,174609,493.24518000,47408551.86027350,0,2025-05-03T20:00:00.000Z,2025-05-03T23:59:59.999Z
1746316800000,95856.42000000,96304.48000000,95588.00000000,95722.23000000,1523.29654000,1746331199999,146089548.94686050,359717,739.78812000,70928728.55131380,0,2025-05-04T00:00:00.000Z,2025-05-04T03:59:59.999Z
1746331200000,95722.22000000,96142.86000000,95692.70000000,95879.99000000,1780.05807000,1746345599999,170780495.58834570,244271,586.09527000,56219983.25731380,0,2025-05-04T04:00:00.000Z,2025-05-04T07:59:59.999Z
1746345600000,95879.99000000,95923.54000000,95286.78000000,95423.20000000,2146.96220000,1746359999999,205043536.65758210,276306,807.53538000,77139287.70737110,0,2025-05-04T08:00:00.000Z,2025-05-04T11:59:59.999Z
1746360000000,95423.19000000,95690.48000000,95209.07000000,95467.60000000,1981.94879000,1746374399999,189233532.39241210,216919,718.93087000,68649057.74837820,0,2025-05-04T12:00:00.000Z,2025-05-04T15:59:59.999Z
1746374400000,95467.60000000,95640.98000000,95239.33000000,95584.07000000,863.77274000,1746388799999,82442185.06490480,157210,390.34056000,37258210.27575860,0,2025-05-04T16:00:00.000Z,2025-05-04T19:59:59.999Z
1746388800000,95584.07000000,95758.08000000,94151.38000000,94277.62000000,2740.34508000,1746403199999,259953105.20305360,420303,1142.64466000,108378203.31682680,0,2025-05-04T20:00:00.000Z,2025-05-04T23:59:59.999Z
1746403200000,94277.61000000,94808.40000000,93514.10000000,94031.47000000,4140.14024000,1746417599999,389989190.97227640,580848,2141.95329000,201816026.95211520,0,2025-05-05T00:00:00.000Z,2025-05-05T03:59:59.999Z
1746417600000,94031.47000000,94825.46000000,94020.66000000,94761.91000000,2335.74375000,1746431999999,220813256.50561010,272908,1167.41069000,110350658.01559200,0,2025-05-05T04:00:00.000Z,2025-05-05T07:59:59.999Z
1746432000000,94761.91000000,94798.01000000,93888.00000000,94038.18000000,2541.09717000,1746446399999,239838651.68401550,260051,1115.11162000,105262160.78356250,0,2025-05-05T08:00:00.000Z,2025-05-05T11:59:59.999Z
1746446400000,94038.19000000,94531.74000000,93613.66000000,93770.31000000,4184.72517000,1746460799999,393585089.82740010,752948,2065.15651000,194279542.20995160,0,2025-05-05T12:00:00.000Z,2025-05-05T15:59:59.999Z
1746460800000,93770.32000000,94900.00000000,93759.63000000,94347.17000000,2339.27872000,1746475199999,220781948.40472650,420351,1037.15047000,97903900.84461850,0,2025-05-05T16:00:00.000Z,2025-05-05T19:59:59.999Z
1746475200000,94347.16000000,95199.00000000,93876.00000000,94733.68000000,1710.19684000,1746489599999,161991242.78196820,336194,872.86597000,82687361.53368040,0,2025-05-05T20:00:00.000Z,2025-05-05T23:59:59.999Z
1746489600000,94733.68000000,94926.99000000,94012.78000000,94454.01000000,1586.43370000,1746503999999,149820079.55596890,349717,760.79328000,71849682.80401430,0,2025-05-06T00:00:00.000Z,2025-05-06T03:59:59.999Z
1746504000000,94454.01000000,94638.01000000,94308.63000000,94400.99000000,1310.52658000,1746518399999,123770950.51810010,189181,608.43838000,57463110.47496430,0,2025-05-06T04:00:00.000Z,2025-05-06T07:59:59.999Z
1746518400000,94400.98000000,94400.99000000,93720.63000000,93812.54000000,2666.58253000,1746532799999,250948976.43952630,299507,969.69125000,91226585.79041890,0,2025-05-06T08:00:00.000Z,2025-05-06T11:59:59.999Z
1746532800000,93812.53000000,94733.38000000,93377.00000000,94558.95000000,3922.63869000,1746547199999,368886732.47128280,631429,1732.45911000,163042843.66432280,0,2025-05-06T12:00:00.000Z,2025-05-06T15:59:59.999Z
1746547200000,94558.94000000,95157.00000000,94216.00000000,94963.50000000,2336.80706000,1746561599999,221402543.76377310,426863,1264.40132000,119820318.50738830,0,2025-05-06T16:00:00.000Z,2025-05-06T19:59:59.999Z
1746561600000,94963.50000000,96920.65000000,94452.75000000,96834.02000000,4299.65657000,1746575999999,412018481.81501700,616263,2170.17400000,207969942.37060490,0,2025-05-06T20:00:00.000Z,2025-05-06T23:59:59.999Z
1746576000000,96834.02000000,97732.00000000,96208.10000000,96506.90000000,5180.41253000,1746590399999,502584639.12197940,597569,2633.22097000,255467032.69678910,0,2025-05-07T00:00:00.000Z,2025-05-07T03:59:59.999Z
1746590400000,96506.90000000,97013.53000000,96310.89000000,96994.82000000,2170.95622000,1746604799999,209689132.87786130,256385,1062.26136000,102642072.50228200,0,2025-05-07T04:00:00.000Z,2025-05-07T07:59:59.999Z
1746604800000,96994.82000000,97111.00000000,96833.33000000,97047.43000000,1298.75814000,1746619199999,125935567.42457100,210972,680.09286000,65944379.29721160,0,2025-05-07T08:00:00.000Z,2025-05-07T11:59:59.999Z
1746619200000,97047.43000000,97478.27000000,96713.14000000,96923.91000000,2791.58426000,1746633599999,270921709.57963600,517210,1407.38650000,136599118.44650420,0,2025-05-07T12:00:00.000Z,2025-05-07T15:59:59.999Z
1746633600000,96923.91000000,96961.04000000,95784.61000000,96180.01000000,3605.87038000,1746647999999,347713667.80080520,877505,1733.71240000,167195976.46885340,0,2025-05-07T16:00:00.000Z,2025-05-07T19:59:59.999Z
1746648000000,96180.00000000,97390.00000000,96076.92000000,97030.50000000,1597.25701000,1746662399999,154885407.78760140,389498,800.07062000,77582032.99389510,0,2025-05-07T20:00:00.000Z,2025-05-07T23:59:59.999Z
1746662400000,97030.50000000,99222.22000000,96876.29000000,99152.79000000,6410.02899000,1746676799999,629851776.32814480,835279,3835.98873000,376920877.06046280,0,2025-05-08T00:00:00.000Z,2025-05-08T03:59:59.999Z
1746676800000,99152.79000000,99419.00000000,98723.25000000,99252.34000000,4129.30669000,1746691199999,409120147.34239730,410626,1845.68976000,182912340.50685670,0,2025-05-08T04:00:00.000Z,2025-05-08T07:59:59.999Z
1746691200000,99252.34000000,99888.00000000,99209.04000000,99409.14000000,3702.67483000,1746705599999,368875320.98567160,341232,1768.77846000,176199041.14280720,0,2025-05-08T08:00:00.000Z,2025-05-08T11:59:59.999Z
1746705600000,99409.15000000,101525.03000000,99090.66000000,100758.08000000,7963.43171000,1746719999999,798001833.06452200,1136481,4413.18555000,442426770.09626420,0,2025-05-08T12:00:00.000Z,2025-05-08T15:59:59.999Z
1746720000000,100758.08000000,101707.02000000,100596.00000000,101299.99000000,5099.76086000,1746734399999,515951049.84073570,867663,2450.94163000,247981791.22857810,0,2025-05-08T16:00:00.000Z,2025-05-08T19:59:59.999Z
1746734400000,101300.00000000,104145.76000000,101285.71000000,103261.60000000,7656.82539000,1746748799999,786845703.00354300,1399866,4232.64596000,434893658.32945800,0,2025-05-08T20:00:00.000Z,2025-05-08T23:59:59.999Z
1746748800000,103261.61000000,103268.44000000,102364.00000000,102451.04000000,3733.85340000,1746763199999,383681204.22746960,640732,1771.67749000,182045166.34036310,0,2025-05-09T00:00:00.000Z,2025-05-09T03:59:59.999Z
1746763200000,102451.04000000,104361.30000000,102374.03000000,103628.77000000,5971.49947000,1746777599999,617487240.56047230,577857,3272.60109000,338377221.71859810,0,2025-05-09T04:00:00.000Z,2025-05-09T07:59:59.999Z
1746777600000,103628.76000000,103930.00000000,102421.00000000,102958.31000000,8403.08937000,1746791999999,866476627.51451120,1193084,4616.91231000,476058280.22486890,0,2025-05-09T08:00:00.000Z,2025-05-09T11:59:59.999Z
1746792000000,102958.31000000,103793.66000000,102411.99000000,102895.99000000,5841.22214000,1746806399999,602268528.02713650,1201794,3289.55795000,339238107.79042880,0,2025-05-09T12:00:00.000Z,2025-05-09T15:59:59.999Z
1746806400000,102895.99000000,103370.54000000,102315.14000000,103189.17000000,2349.89886000,1746820799999,241840090.09215200,618187,1063.51978000,109464844.72963260,0,2025-05-09T16:00:00.000Z,2025-05-09T19:59:59.999Z
1746820800000,103189.17000000,103408.00000000,102727.25000000,102971.99000000,1317.83583000,1746835199999,135764757.55977150,175275,510.93519000,52643001.52229650,0,2025-05-09T20:00:00.000Z,2025-05-09T23:59:59.999Z
1746835200000,102971.99000000,103265.82000000,102818.76000000,103226.24000000,1788.89448000,1746849599999,184316862.03606050,249041,898.98762000,92630297.46882460,0,2025-05-10T00:00:00.000Z,2025-05-10T03:59:59.999Z
1746849600000,103226.25000000,104100.00000000,103034.50000000,103759.71000000,2472.72488000,1746863999999,256087351.20196760,360934,1423.10708000,147413699.91019660,0,2025-05-10T04:00:00.000Z,2025-05-10T07:59:59.999Z
1746864000000,103759.71000000,104079.37000000,103366.00000000,103434.94000000,2876.26620000,1746878399999,298211877.44049660,437344,1519.22559000,157502119.04999220,0,2025-05-10T08:00:00.000Z,2025-05-10T11:59:59.999Z
1746878400000,103434.94000000,103825.40000000,103100.00000000,103138.77000000,1933.54411000,1746892799999,200170553.61533080,267751,975.98717000,101068225.59224630,0,2025-05-10T12:00:00.000Z,2025-05-10T15:59:59.999Z
1746892800000,103138.76000000,103619.68000000,103005.33000000,103191.35000000,2330.41287000,1746907199999,240734847.13141960,325301,1253.72372000,129508604.63127020,0,2025-05-10T16:00:00.000Z,2025-05-10T19:59:59.999Z
1746907200000,103191.35000000,104984.57000000,103068.87000000,104809.53000000,3922.94357000,1746921599999,408864787.07713990,587474,2187.20360000,227972342.86913470,0,2025-05-10T20:00:00.000Z,2025-05-10T23:59:59.999Z
1746921600000,104809.53000000,104972.00000000,103466.05000000,104007.03000000,3855.57081000,1746935999999,401736209.12181510,767833,1884.35850000,196344907.13893340,0,2025-05-11T00:00:00.000Z,2025-05-11T03:59:59.999Z
1746936000000,104007.03000000,104400.00000000,103345.06000000,103385.47000000,2952.77072000,1746950399999,306578693.63029120,424357,1556.82321000,161641077.45496330,0,2025-05-11T04:00:00.000Z,2025-05-11T07:59:59.999Z
1746950400000,103385.46000000,104777.00000000,103380.95000000,104652.01000000,2472.65506000,1746964799999,257788398.42434820,336695,1243.29686000,129592878.04854990,0,2025-05-11T08:00:00.000Z,2025-05-11T11:59:59.999Z
1746964800000,104652.01000000,104888.00000000,103775.91000000,104150.00000000,4500.51294000,1746979199999,469363926.81539600,602440,2162.96928000,225660253.34225190,0,2025-05-11T12:00:00.000Z,2025-05-11T15:59:59.999Z
1746979200000,104150.00000000,104832.82000000,103750.00000000,104420.00000000,2312.17239000,1746993599999,240934842.00313220,496122,1173.17628000,122285638.58860170,0,2025-05-11T16:00:00.000Z,2025-05-11T19:59:59.999Z
1746993600000,104420.00000000,104578.62000000,103569.77000000,104118.00000000,1893.44005000,1747007999999,196979707.21744270,472729,1051.33165000,109378530.53400780,0,2025-05-11T20:00:00.000Z,2025-05-11T23:59:59.999Z
1747008000000,104118.00000000,105086.42000000,103702.15000000,104100.13000000,4046.32885000,1747022399999,422221885.90867910,685325,2147.81041000,224230500.36513240,0,2025-05-12T00:00:00.000Z,2025-05-12T03:59:59.999Z
1747022400000,104100.13000000,105819.45000000,103750.00000000,104467.99000000,6956.58682000,1747036799999,730018983.36173360,874969,3962.92658000,416039069.59406300,0,2025-05-12T04:00:00.000Z,2025-05-12T07:59:59.999Z
1747036800000,104467.99000000,104736.45000000,103625.00000000,103762.90000000,4195.60245000,1747051199999,437679413.20244280,663617,2125.00337000,221732501.32883370,0,2025-05-12T08:00:00.000Z,2025-05-12T11:59:59.999Z
1747051200000,103762.89000000,104629.96000000,102388.00000000,102527.26000000,7882.24448000,1747065599999,815715248.00549920,1479231,4039.79147000,418259139.44061450,0,2025-05-12T12:00:00.000Z,2025-05-12T15:59:59.999Z
1747065600000,102527.27000000,103088.88000000,100718.37000000,101860.00000000,6054.64243000,1747079999999,617480364.88629690,1157612,2988.87113000,304965822.29330660,0,2025-05-12T16:00:00.000Z,2025-05-12T19:59:59.999Z
1747080000000,101859.99000000,103127.92000000,101770.20000000,102791.32000000,2137.37289000,1747094399999,219233042.01841750,437653,1191.59501000,122230763.56618930,0,2025-05-12T20:00:00.000Z,2025-05-12T23:59:59.999Z
1747094400000,102791.32000000,102791.32000000,101429.70000000,101719.40000000,3352.34144000,1747108799999,342419286.38425400,798827,1514.12973000,154684006.71248180,0,2025-05-13T00:00:00.000Z,2025-05-13T03:59:59.999Z
1747108800000,101719.40000000,102943.28000000,101610.56000000,102665.50000000,3546.89229000,1747123199999,363601013.98565380,454015,2136.47362000,219051816.61858660,0,2025-05-13T04:00:00.000Z,2025-05-13T07:59:59.999Z
1747123200000,102665.50000000,103822.03000000,102540.18000000,103729.20000000,2797.46591000,1747137599999,288841502.84406120,411752,1508.48758000,155803277.67596360,0,2025-05-13T08:00:00.000Z,2025-05-13T11:59:59.999Z
1747137600000,103729.20000000,103966.00000000,102811.32000000,103682.55000000,4451.38278000,1747151999999,460820760.54926740,899294,2168.73261000,224587525.32673900,0,2025-05-13T12:00:00.000Z,2025-05-13T15:59:59.999Z
1747152000000,103682.54000000,104976.25000000,103532.18000000,104792.22000000,5053.45199000,1747166399999,527482224.34906680,715366,2440.65494000,254658939.98862280,0,2025-05-13T16:00:00.000Z,2025-05-13T19:59:59.999Z
1747166400000,104792.21000000,104928.00000000,103869.01000000,104103.72000000,2051.88968000,1747180799999,214079330.04006370,424277,937.49997000,97824098.38540120,0,2025-05-13T20:00:00.000Z,2025-05-13T23:59:59.999Z
1747180800000,104103.72000000,104115.86000000,103453.26000000,103587.44000000,3010.71837000,1747195199999,312658133.18091150,507157,1379.63949000,143258282.57519070,0,2025-05-14T00:00:00.000Z,2025-05-14T03:59:59.999Z
1747195200000,103587.44000000,103971.00000000,103381.02000000,103716.55000000,2102.25399000,1747209599999,218031701.21327820,336510,993.45992000,103036754.01603700,0,2025-05-14T04:00:00.000Z,2025-05-14T07:59:59.999Z
1747209600000,103716.55000000,104145.00000000,102875.22000000,103944.93000000,3535.76301000,1747223999999,366035334.42456370,530488,1870.01331000,193613500.36654590,0,2025-05-14T08:00:00.000Z,2025-05-14T11:59:59.999Z
1747224000000,103944.93000000,104356.95000000,102833.55000000,103514.24000000,5202.04446000,1747238399999,539031189.72704300,879190,2535.01997000,262887346.84670240,0,2025-05-14T12:00:00.000Z,2025-05-14T15:59:59.999Z
1747238400000,103514.24000000,103720.44000000,102602.05000000,103321.72000000,1856.97684000,1747252799999,191820174.33681660,547593,863.31201000,89178138.07394080,0,2025-05-14T16:00:00.000Z,2025-05-14T19:59:59.999Z
1747252800000,103321.73000000,103667.52000000,103304.66000000,103507.82000000,745.15143000,1747267199999,77131746.50579790,224283,384.58863000,39809449.77594420,0,2025-05-14T20:00:00.000Z,2025-05-14T23:59:59.999Z
1747267200000,103507.83000000,103866.51000000,102720.00000000,102753.63000000,1797.79721000,1747281599999,185567025.72331390,464855,659.63706000,68093306.52496150,0,2025-05-15T00:00:00.000Z,2025-05-15T03:59:59.999Z
1747281600000,102753.62000000,102962.38000000,101724.17000000,101779.99000000,2353.66229000,1747295999999,240923000.30769470,598181,1041.33627000,106602195.71642100,0,2025-05-15T04:00:00.000Z,2025-05-15T07:59:59.999Z
1747296000000,101779.99000000,102441.00000000,101500.00000000,102371.61000000,2612.10704000,1747310399999,266377257.17328780,525061,1380.44822000,140783388.65582310,0,2025-05-15T08:00:00.000Z,2025-05-15T11:59:59.999Z
1747310400000,102371.62000000,103291.99000000,101383.07000000,103251.35000000,4312.54952000,1747324799999,441184221.14340480,1101180,2045.32912000,209327580.78541010,0,2025-05-15T12:00:00.000Z,2025-05-15T15:59:59.999Z
1747324800000,103251.36000000,104192.70000000,102552.35000000,103157.26000000,4442.22626000,1747339199999,459594344.56658890,890090,2052.50863000,212408897.22881150,0,2025-05-15T16:00:00.000Z,2025-05-15T19:59:59.999Z
1747339200000,103157.26000000,103980.84000000,102708.46000000,103763.71000000,2480.64372000,1747353599999,256537625.61491350,560110,1295.92106000,134028976.65270880,0,2025-05-15T20:00:00.000Z,2025-05-15T23:59:59.999Z
1747353600000,103763.71000000,104466.01000000,103467.91000000,104023.49000000,3294.14952000,1747367999999,342613963.04308990,619899,1618.00096000,168309538.05277000,0,2025-05-16T00:00:00.000Z,2025-05-16T03:59:59.999Z
1747368000000,104023.49000000,104190.48000000,103694.18000000,103710.17000000,2338.96041000,1747382399999,243145722.21313600,400768,1317.46389000,136948650.65350530,0,2025-05-16T04:00:00.000Z,2025-05-16T07:59:59.999Z
1747382400000,103710.17000000,103900.00000000,103100.49000000,103651.71000000,3118.57852000,1747396799999,322949476.61379540,551272,1271.34167000,131706935.02024100,0,2025-05-16T08:00:00.000Z,2025-05-16T11:59:59.999Z
1747396800000,103651.72000000,104286.00000000,103343.07000000,104183.33000000,3503.77985000,1747411199999,363761601.00034420,779062,1812.46231000,188178816.83647660,0,2025-05-16T12:00:00.000Z,2025-05-16T15:59:59.999Z
1747411200000,104183.32000000,104550.33000000,103587.00000000,104032.60000000,2352.84073000,1747425599999,244925831.93594890,580856,1082.55281000,112737388.23920900,0,2025-05-16T16:00:00.000Z,2025-05-16T19:59:59.999Z
1747425600000,104032.60000000,104032.60000000,103397.50000000,103463.90000000,1075.57121000,1747439999999,111435777.51783370,305585,453.33637000,46969053.39207280,0,2025-05-16T20:00:00.000Z,2025-05-16T23:59:59.999Z
1747440000000,103463.90000000,103600.00000000,102612.50000000,103508.48000000,2858.83928000,1747454399999,294811054.76476190,606419,1381.64788000,142505778.22432340,0,2025-05-17T00:00:00.000Z,2025-05-17T03:59:59.999Z
1747454400000,103508.48000000,103709.86000000,103285.71000000,103451.14000000,1318.92723000,1747468799999,136518050.59663240,263551,772.09360000,79911451.19660920,0,2025-05-17T04:00:00.000Z,2025-05-17T07:59:59.999Z
1747468800000,103451.13000000,103568.58000000,102753.67000000,102994.17000000,2720.30154000,1747483199999,280373790.91307370,485524,1294.81309000,133494800.39509040,0,2025-05-17T08:00:00.000Z,2025-05-17T11:59:59.999Z
1747483200000,102994.18000000,103180.00000000,102640.02000000,102939.53000000,1272.66735000,1747497599999,131036483.90420670,446752,571.01015000,58797027.77300280,0,2025-05-17T12:00:00.000Z,2025-05-17T15:59:59.999Z
1747497600000,102939.52000000,103350.00000000,102761.90000000,103158.60000000,1287.96690000,1747511999999,132762878.92507950,371633,633.82509000,65343394.81889500,0,2025-05-17T16:00:00.000Z,2025-05-17T19:59:59.999Z
1747512000000,103158.60000000,103477.87000000,102900.72000000,103126.65000000,1792.19392000,1747526399999,184916103.84686390,394718,681.72544000,70327276.32592930,0,2025-05-17T20:00:00.000Z,2025-05-17T23:59:59.999Z
1747526400000,103126.65000000,103409.98000000,103105.09000000,103295.70000000,913.96520000,1747540799999,94387260.38216330,251564,423.24862000,43708332.41553980,0,2025-05-18T00:00:00.000Z,2025-05-18T03:59:59.999Z
1747540800000,103295.70000000,103988.00000000,103295.69000000,103919.39000000,1414.68073000,1747555199999,146518338.31552140,227414,808.53727000,83753799.07241840,0,2025-05-18T04:00:00.000Z,2025-05-18T07:59:59.999Z
1747555200000,103919.39000000,104088.20000000,103800.00000000,103800.54000000,1574.15623000,1747569599999,163586363.71232210,255909,860.94052000,89468868.74722300,0,2025-05-18T08:00:00.000Z,2025-05-18T11:59:59.999Z
1747569600000,103800.55000000,105680.00000000,103701.40000000,105518.00000000,4982.50382000,1747583999999,522726120.00799380,545204,3137.24621000,329137570.27392310,0,2025-05-18T12:00:00.000Z,2025-05-18T15:59:59.999Z
1747584000000,105518.00000000,105980.00000000,103851.01000000,103883.97000000,5395.35549000,1747598399999,566207006.66312260,711164,2733.75208000,286951733.22894240,0,2025-05-18T16:00:00.000Z,2025-05-18T19:59:59.999Z
1747598400000,103883.98000000,106660.00000000,103285.71000000,106454.26000000,7319.32579000,1747612799999,768789882.99381520,1202045,3701.17434000,388894248.31715450,0,2025-05-18T20:00:00.000Z,2025-05-18T23:59:59.999Z
1747612800000,106454.27000000,107108.62000000,103534.47000000,103605.88000000,5830.41410000,1747627199999,613972679.50196180,1121158,2890.50580000,304839454.81539660,0,2025-05-19T00:00:00.000Z,2025-05-19T03:59:59.999Z
1747627200000,103605.90000000,103779.99000000,102000.00000000,103226.29000000,7899.03768000,1747641599999,812576882.55724470,1162776,3257.99150000,335271805.35778100,0,2025-05-19T04:00:00.000Z,2025-05-19T07:59:59.999Z
1747641600000,103226.29000000,103425.53000000,102782.60000000,102963.41000000,2683.33916000,1747655999999,276620177.13536050,556279,1284.59197000,132442159.53122090,0,2025-05-19T08:00:00.000Z,2025-05-19T11:59:59.999Z
1747656000000,102963.40000000,104968.75000000,102126.16000000,104786.41000000,6071.83103000,1747670399999,628993087.09502450,889576,3095.51691000,320736163.44674450,0,2025-05-19T12:00:00.000Z,2025-05-19T15:59:59.999Z
1747670400000,104786.42000000,105561.76000000,104491.53000000,105517.70000000,4503.35567000,1747684799999,473238896.29512350,723621,2229.95820000,234329975.90746730,0,2025-05-19T16:00:00.000Z,2025-05-19T19:59:59.999Z
1747684800000,105517.64000000,105829.99000000,105016.27000000,105573.74000000,3272.05760000,1747699199999,344922782.01073650,427961,1449.74462000,152833336.02554590,0,2025-05-19T20:00:00.000Z,2025-05-19T23:59:59.999Z
1747699200000,105573.73000000,106853.27000000,105533.01000000,105761.92000000,5750.55327000,1747713599999,610461798.74083790,843042,3060.50928000,324907264.33022570,0,2025-05-20T00:00:00.000Z,2025-05-20T03:59:59.999Z
1747713600000,105761.92000000,106399.00000000,104928.44000000,105021.71000000,3035.55334000,1747727999999,320734204.93101130,480982,1479.37814000,156389767.11169740,0,2025-05-20T04:00:00.000Z,2025-05-20T07:59:59.999Z
1747728000000,105021.70000000,105416.66000000,104847.16000000,105203.76000000,2326.54242000,1747742399999,244675230.20803590,334627,1209.44874000,127209793.96063730,0,2025-05-20T08:00:00.000Z,2025-05-20T11:59:59.999Z
1747742400000,105203.75000000,105391.27000000,104184.72000000,105333.68000000,3799.70194000,1747756799999,397803189.63440140,622852,2089.14724000,218745960.80079760,0,2025-05-20T12:00:00.000Z,2025-05-20T15:59:59.999Z
1747756800000,105333.67000000,107238.37000000,105090.90000000,107026.47000000,5057.29953000,1747771199999,536665511.45380680,833265,2702.86782000,286876100.67027900,0,2025-05-20T16:00:00.000Z,2025-05-20T19:59:59.999Z
1747771200000,107026.47000000,107320.00000000,105935.83000000,106849.99000000,3735.83225000,1747785599999,398762509.70150490,763583,1809.11153000,193144765.51588620,0,2025-05-20T20:00:00.000Z,2025-05-20T23:59:59.999Z
1747785600000,106850.00000000,107206.94000000,106186.79000000,106843.59000000,2584.02606000,1747799999999,275890419.72216470,577148,1062.02409000,113409842.88164010,0,2025-05-21T00:00:00.000Z,2025-05-21T03:59:59.999Z
1747800000000,106843.60000000,107985.05000000,106454.54000000,106527.16000000,5791.25242000,1747814399999,621536404.72422890,949984,2980.52085000,319852772.29591960,0,2025-05-21T04:00:00.000Z,2025-05-21T07:59:59.999Z
1747814400000,106527.17000000,106797.98000000,106100.01000000,106546.44000000,2982.12972000,1747828799999,317338573.21519570,542267,1795.60860000,191088174.65490660,0,2025-05-21T08:00:00.000Z,2025-05-21T11:59:59.999Z
1747828800000,106546.43000000,109458.00000000,106329.47000000,108973.35000000,11705.49449000,1747843199999,1265951744.16976480,1560513,6897.69099000,745475323.22500250,0,2025-05-21T12:00:00.000Z,2025-05-21T15:59:59.999Z
1747843200000,108973.34000000,109845.00000000,106117.67000000,108603.79000000,14958.19983000,1747857599999,1612897473.52878710,2159102,6750.20424000,728541908.93900370,0,2025-05-21T16:00:00.000Z,2025-05-21T19:59:59.999Z
1747857600000,108603.79000000,110797.38000000,107725.00000000,109643.99000000,7509.93782500,1747871999999,821094898.95988560,1046265,4175.60062500,457160459.10225330,0,2025-05-21T20:00:00.000Z,2025-05-21T23:59:59.999Z
1747872000000,109643.99000000,111880.00000000,109177.37000000,111780.84000000,9017.73168000,1747886399999,996161048.79238070,1557843,4907.32904000,542178961.51567580,0,2025-05-22T00:00:00.000Z,2025-05-22T03:59:59.999Z
1747886400000,111780.84000000,111795.04000000,110461.87000000,111045.45000000,7103.40338000,1747900799999,789767305.23593420,1129844,3801.35510000,422697590.88337770,0,2025-05-22T04:00:00.000Z,2025-05-22T07:59:59.999Z
1747900800000,111045.45000000,111326.20000000,110272.72000000,110981.97000000,4014.18788000,1747915199999,444496797.00609990,745353,2113.33757000,234025431.11044800,0,2025-05-22T08:00:00.000Z,2025-05-22T11:59:59.999Z
1747915200000,110981.98000000,111626.43000000,110550.00000000,111290.86000000,6086.26018000,1747929599999,676543999.17266800,1179845,3120.86417000,346919590.43407100,0,2025-05-22T12:00:00.000Z,2025-05-22T15:59:59.999Z
1747929600000,111290.85000000,111980.00000000,110916.40000000,111188.00000000,3260.63270000,1747943999999,363687479.48256830,770897,1617.74807000,180463356.63934060,0,2025-05-22T16:00:00.000Z,2025-05-22T19:59:59.999Z
1747944000000,111188.00000000,111717.34000000,110763.27000000,111696.21000000,2148.55731000,1747958399999,238776204.88376620,410434,1023.92898000,113798167.99987280,0,2025-05-22T20:00:00.000Z,2025-05-22T23:59:59.999Z
1747958400000,111696.22000000,111800.00000000,111000.13000000,111100.01000000,2834.29482000,1747972799999,315753691.98864540,605403,1389.57771000,154823331.65092590,0,2025-05-23T00:00:00.000Z,2025-05-23T03:59:59.999Z
1747972800000,111100.00000000,111181.82000000,110407.89000000,110715.42000000,3226.51500000,1747987199999,357229286.77358590,503850,1415.73599000,156729530.29139760,0,2025-05-23T04:00:00.000Z,2025-05-23T07:59:59.999Z
1747987200000,110715.41000000,111381.61000000,108888.00000000,109076.35000000,4204.18634000,1748001599999,463620844.79813630,683930,1959.56753000,216302606.82512920,0,2025-05-23T08:00:00.000Z,2025-05-23T11:59:59.999Z
1748001600000,109076.36000000,109992.75000000,107316.00000000,108940.00000000,13163.25808000,1748015999999,1431385356.81934620,1779217,5659.55067000,615934915.70694390,0,2025-05-23T12:00:00.000Z,2025-05-23T15:59:59.999Z
1748016000000,108940.00000000,109809.53000000,108001.00000000,108716.07000000,4951.18081000,1748030399999,539415749.02385590,927366,2426.56915000,264475187.78109000,0,2025-05-23T16:00:00.000Z,2025-05-23T19:59:59.999Z
1748030400000,108714.01000000,108727.28000000,106800.00000000,107318.30000000,3358.28804000,1748044799999,362299516.98683500,751426,1458.31547000,157356868.93203040,0,2025-05-23T20:00:00.000Z,2025-05-23T23:59:59.999Z
1748044800000,107318.30000000,108367.54000000,106875.41000000,108366.30000000,2321.32073000,1748059199999,249886763.94997150,656228,1175.01933000,126518123.48609080,0,2025-05-24T00:00:00.000Z,2025-05-24T03:59:59.999Z
1748059200000,108366.31000000,108582.33000000,107566.37000000,107587.75000000,1982.27366000,1748073599999,214331036.78742630,377874,801.14186000,86638453.78914220,0,2025-05-24T04:00:00.000Z,2025-05-24T07:59:59.999Z
1748073600000,107587.75000000,109506.03000000,107587.74000000,109208.56000000,5417.04518000,1748087999999,589431582.26087830,545712,3379.94233000,368109903.51909520,0,2025-05-24T08:00:00.000Z,2025-05-24T11:59:59.999Z
1748088000000,109208.57000000,109282.81000000,108540.00000000,108929.70000000,2666.17903000,1748102399999,290242195.94026480,467283,1262.03783000,137395656.07271360,0,2025-05-24T12:00:00.000Z,2025-05-24T15:59:59.999Z
1748102400000,108929.71000000,109200.00000000,108682.36000000,108960.00000000,1015.55537000,1748116799999,110613973.53865780,259220,575.85908000,62717371.17611150,0,2025-05-24T16:00:00.000Z,2025-05-24T19:59:59.999Z
1748116800000,108960.00000000,109125.00000000,107500.00000000,107761.91000000,3380.15732000,1748131199999,365453267.29765990,499101,1592.90704000,172303585.27850370,0,2025-05-24T20:00:00.000Z,2025-05-24T23:59:59.999Z
1748131200000,107761.90000000,108257.14000000,107206.00000000,108095.75000000,2495.88081000,1748145599999,268908816.75362670,595293,1272.74459000,137160459.12512350,0,2025-05-25T00:00:00.000Z,2025-05-25T03:59:59.999Z
1748145600000,108095.76000000,108288.69000000,107454.54000000,107681.81000000,1293.71165000,1748159999999,139580018.95648040,288781,555.73637000,59955855.45333150,0,2025-05-25T04:00:00.000Z,2025-05-25T07:59:59.999Z
1748160000000,107681.82000000,107700.65000000,106708.98000000,107260.00000000,3399.35699000,1748174399999,364131673.48384410,639342,1398.23445000,149775431.84495550,0,2025-05-25T08:00:00.000Z,2025-05-25T11:59:59.999Z
1748174400000,107259.99000000,107743.34000000,106600.64000000,106967.97000000,5093.14772000,1748188799999,546045845.96496550,660123,2164.02008000,232137781.27837140,0,2025-05-25T12:00:00.000Z,2025-05-25T15:59:59.999Z
1748188800000,106967.97000000,107940.95000000,106640.52000000,107717.01000000,2103.88371000,1748203199999,225250138.38447750,311695,733.10191000,78571983.94349810,0,2025-05-25T16:00:00.000Z,2025-05-25T19:59:59.999Z
1748203200000,107717.02000000,109299.99000000,107176.00000000,109004.19000000,3324.06607000,1748217599999,360449961.88246380,655934,1743.32972000,189086623.36443360,0,2025-05-25T20:00:00.000Z,2025-05-25T23:59:59.999Z
1748217600000,109004.20000000,109844.91000000,108670.58000000,109623.53000000,3090.79640000,1748231999999,338113769.46002950,603606,1641.89836000,179615118.31490430,0,2025-05-26T00:00:00.000Z,2025-05-26T03:59:59.999Z
1748232000000,109623.54000000,110228.11000000,109365.29000000,110094.62000000,2472.40910000,1748246399999,271372863.51502040,361108,1124.61626000,123501472.78519180,0,2025-05-26T04:00:00.000Z,2025-05-26T07:59:59.999Z
1748246400000,110094.62000000,110173.92000000,109556.69000000,109772.72000000,1654.27634000,1748260799999,181592048.18981660,319092,798.01994000,87602160.96276500,0,2025-05-26T08:00:00.000Z,2025-05-26T11:59:59.999Z
1748260800000,109772.73000000,110420.74000000,109494.74000000,110009.82000000,3113.22041000,1748275199999,342044174.81311380,598615,1536.05064000,168796206.95124440,0,2025-05-26T12:00:00.000Z,2025-05-26T15:59:59.999Z
1748275200000,110009.83000000,110422.22000000,108858.28000000,109130.44000000,3037.99696000,1748289599999,332410909.91317090,656499,1545.75152000,169133903.50302000,0,2025-05-26T16:00:00.000Z,2025-05-26T19:59:59.999Z
1748289600000,109130.44000000,109888.89000000,108940.00000000,109434.79000000,1280.41672000,1748303999999,140044516.21675190,348943,654.77616000,71620158.67515420,0,2025-05-26T20:00:00.000Z,2025-05-26T23:59:59.999Z
1748304000000,109434.78000000,109666.00000000,107516.57000000,108892.16000000,4704.30730000,1748318399999,510766736.21026320,898416,2114.70326000,229624869.95141020,0,2025-05-27T00:00:00.000Z,2025-05-27T03:59:59.999Z
1748318400000,108892.15000000,109636.37000000,108550.00000000,109547.16000000,3340.15950000,1748332799999,364337211.14372300,532814,1688.19462000,184162828.05261660,0,2025-05-27T04:00:00.000Z,2025-05-27T07:59:59.999Z
1748332800000,109540.00000000,109899.00000000,109428.98000000,109585.49000000,1886.45358000,1748347199999,206860201.62386070,305162,891.97185000,97814086.23336210,0,2025-05-27T08:00:00.000Z,2025-05-27T11:59:59.999Z
1748347200000,109585.49000000,110718.00000000,108670.29000000,110140.11000000,6777.89203000,1748361599999,744534019.97309690,1029443,3154.24352000,346494027.67173700,0,2025-05-27T12:00:00.000Z,2025-05-27T15:59:59.999Z
1748361600000,110140.11000000,110499.64000000,109574.46000000,109877.87000000,2624.04806000,1748375999999,288951599.12771870,521923,1074.30883000,118291290.00888370,0,2025-05-27T16:00:00.000Z,2025-05-27T19:59:59.999Z
1748376000000,109877.87000000,109897.49000000,108600.00000000,108938.17000000,1943.79588000,1748390399999,212154083.04060260,447751,1046.47063000,114166522.54358960,0,2025-05-27T20:00:00.000Z,2025-05-27T23:59:59.999Z
1748390400000,108938.17000000,109284.70000000,108400.00000000,108863.64000000,2003.85357000,1748404799999,218004240.42806060,448780,963.55132000,104837067.36983910,0,2025-05-28T00:00:00.000Z,2025-05-28T03:59:59.999Z
1748404800000,108863.64000000,109089.68000000,108624.43000000,108816.44000000,1391.51979000,1748419199999,151505647.61205970,248061,604.29786000,65793646.98118270,0,2025-05-28T04:00:00.000Z,2025-05-28T07:59:59.999Z
1748419200000,108816.44000000,109130.44000000,108258.01000000,108870.38000000,1891.22828000,1748433599999,205658874.10946950,372912,912.82962000,99261960.71236730,0,2025-05-28T08:00:00.000Z,2025-05-28T11:59:59.999Z
1748433600000,108870.39000000,109053.39000000,107045.45000000,107107.31000000,5751.05895000,1748447999999,620113457.73307390,812749,2165.11124000,233566106.12590310,0,2025-05-28T12:00:00.000Z,2025-05-28T15:59:59.999Z
1748448000000,107107.31000000,107842.29000000,106938.24000000,106946.01000000,2757.68701000,1748462399999,296276896.82407420,562584,1252.99520000,134649013.31964420,0,2025-05-28T16:00:00.000Z,2025-05-28T19:59:59.999Z
1748462400000,106946.00000000,108043.95000000,106769.43000000,107781.78000000,1838.44069000,1748476799999,197577631.80629340,488176,978.48817000,105175172.21178320,0,2025-05-28T20:00:00.000Z,2025-05-28T23:59:59.999Z
1748476800000,107781.78000000,108484.61000000,107421.12000000,108044.88000000,3012.04609000,1748491199999,325425420.68837020,586838,1440.17029000,155611181.27436750,0,2025-05-29T00:00:00.000Z,2025-05-29T03:59:59.999Z
1748491200000,108044.87000000,108106.94000000,106948.01000000,107880.72000000,2287.08404000,1748505599999,246195578.25680290,383515,1082.37865000,116510683.82296500,0,2025-05-29T04:00:00.000Z,2025-05-29T07:59:59.999Z
1748505600000,107880.73000000,108891.91000000,107681.81000000,108779.84000000,2525.30968000,1748519999999,273967847.61870650,399682,1320.53901000,143269685.76671610,0,2025-05-29T08:00:00.000Z,2025-05-29T11:59:59.999Z
1748520000000,108779.83000000,108797.25000000,106474.00000000,107019.89000000,5170.87467000,1748534399999,556298787.03439650,973324,2373.81136000,255365781.38445030,0,2025-05-29T12:00:00.000Z,2025-05-29T15:59:59.999Z
1748534400000,107019.90000000,107168.23000000,105639.30000000,105731.74000000,4682.29852000,1748548799999,498154223.90511320,1013958,2265.41915000,241039586.28003040,0,2025-05-29T16:00:00.000Z,2025-05-29T19:59:59.999Z
1748548800000,105731.74000000,106470.69000000,105322.86000000,105589.75000000,2157.08816000,1748563199999,228597160.00477250,417609,975.17510000,103376853.02046050,0,2025-05-29T20:00:00.000Z,2025-05-29T23:59:59.999Z
1748563200000,105589.75000000,106214.93000000,104600.50000000,106024.33000000,4390.94984000,1748577599999,463755417.82254200,806838,1949.49866000,205919727.46710360,0,2025-05-30T00:00:00.000Z,2025-05-30T03:59:59.999Z
1748577600000,106024.33000000,106313.12000000,104727.72000000,105028.02000000,4187.15493000,1748591999999,442074746.88825770,513680,1825.56098000,192734196.85225370,0,2025-05-30T04:00:00.000Z,2025-05-30T07:59:59.999Z
1748592000000,105028.03000000,105981.75000000,104606.01000000,105880.51000000,3463.58178000,1748606399999,364955681.89780860,651372,1771.12045000,186558921.87503230,0,2025-05-30T08:00:00.000Z,2025-05-30T11:59:59.999Z
1748606400000,105880.50000000,106000.00000000,105047.61000000,105543.00000000,4176.35736000,1748620799999,440875825.61956790,890917,2009.69815000,212154739.90827000,0,2025-05-30T12:00:00.000Z,2025-05-30T15:59:59.999Z
1748620800000,105543.00000000,105560.98000000,103706.71000000,104640.50000000,5203.39187000,1748635199999,543128192.89285070,891655,2540.14041000,265109951.70801510,0,2025-05-30T16:00:00.000Z,2025-05-30T19:59:59.999Z
1748635200000,104640.49000000,104878.05000000,103621.00000000,103985.48000000,2285.06221000,1748649599999,238288684.47083400,553110,974.96881000,101681020.83291070,0,2025-05-30T20:00:00.000Z,2025-05-30T23:59:59.999Z
1748649600000,103985.47000000,104292.69000000,103068.55000000,103684.01000000,3246.32605000,1748663999999,336519761.53928420,985309,1428.89579000,148163932.67104160,0,2025-05-31T00:00:00.000Z,2025-05-31T03:59:59.999Z
1748664000000,103684.00000000,103911.10000000,103487.99000000,103747.02000000,1424.77118000,1748678399999,147770969.20034240,243774,660.23018000,68481289.64846880,0,2025-05-31T04:00:00.000Z,2025-05-31T07:59:59.999Z
1748678400000,103747.03000000,103809.51000000,103285.71000000,103498.18000000,1462.02815000,1748692799999,151343372.53773710,271747,695.67916000,72013497.60564040,0,2025-05-31T08:00:00.000Z,2025-05-31T11:59:59.999Z
1748692800000,103498.17000000,104846.15000000,103480.11000000,104556.08000000,2862.31641000,1748707199999,298339071.12241710,415759,1491.36822000,155395832.32677750,0,2025-05-31T12:00:00.000Z,2025-05-31T15:59:59.999Z
1748707200000,104556.08000000,104780.49000000,104261.39000000,104698.02000000,1237.73843000,1748721599999,129413846.86133610,223868,516.61851000,54009195.91660110,0,2025-05-31T16:00:00.000Z,2025-05-31T19:59:59.999Z
1748721600000,104698.03000000,104900.00000000,104473.20000000,104591.88000000,1056.17900000,1748735999999,110613780.24592100,203330,486.15989000,50916882.68082840,0,2025-05-31T20:00:00.000Z,2025-05-31T23:59:59.999Z
1748736000000,104591.88000000,104647.11000000,103924.52000000,104381.03000000,1332.51766000,1748750399999,138928610.31488290,305349,603.15210000,62889303.52038060,0,2025-06-01T00:00:00.000Z,2025-06-01T03:59:59.999Z
1748750400000,104381.03000000,104729.99000000,104195.12000000,104275.95000000,935.26236000,1748764799999,97690941.73881290,193292,454.99038000,47525618.87349980,0,2025-06-01T04:00:00.000Z,2025-06-01T07:59:59.999Z
1748764800000,104275.95000000,104459.07000000,103752.49000000,104082.68000000,1515.57248000,1748779199999,157662588.37059880,336262,694.01653000,72204780.67721510,0,2025-06-01T08:00:00.000Z,2025-06-01T11:59:59.999Z
1748779200000,104082.67000000,104809.53000000,103783.01000000,104715.10000000,1868.98228000,1748793599999,195212691.25707250,333719,924.48227000,96545032.10141990,0,2025-06-01T12:00:00.000Z,2025-06-01T15:59:59.999Z
1748793600000,104715.10000000,105299.21000000,104319.79000000,105121.94000000,2430.98984000,1748807999999,255216587.43923960,422759,1161.40361000,121925344.16638550,0,2025-06-01T16:00:00.000Z,2025-06-01T19:59:59.999Z
1748808000000,105121.95000000,105866.91000000,104893.72000000,105642.93000000,1626.37544000,1748822399999,171477067.82999290,347978,802.30581000,84593387.59588340,0,2025-06-01T20:00:00.000Z,2025-06-01T23:59:59.999Z
1748822400000,105642.93000000,105735.42000000,104571.42000000,104829.27000000,1887.57513000,1748836799999,198614469.62498650,367795,893.26044000,93988501.86600940,0,2025-06-02T00:00:00.000Z,2025-06-02T03:59:59.999Z
1748836800000,104829.27000000,105438.87000000,104610.13000000,105387.67000000,1324.62784000,1748851199999,139114371.42552750,277046,637.37808000,66950551.64381230,0,2025-06-02T04:00:00.000Z,2025-06-02T07:59:59.999Z
1748851200000,105387.67000000,105935.63000000,103941.00000000,104047.64000000,3133.90977000,1748865599999,328296593.17078700,571501,1394.88637000,146139956.12780830,0,2025-06-02T08:00:00.000Z,2025-06-02T11:59:59.999Z
1748865600000,104047.63000000,104679.25000000,103659.88000000,104438.79000000,3457.54510000,1748879999999,360107642.30067380,822524,1816.32337000,189221115.81676570,0,2025-06-02T12:00:00.000Z,2025-06-02T15:59:59.999Z
1748880000000,104438.79000000,104731.95000000,104030.01000000,104425.63000000,1581.04916000,1748894399999,164915085.03091530,490229,721.79973000,75287139.93581600,0,2025-06-02T16:00:00.000Z,2025-06-02T19:59:59.999Z
1748894400000,104425.64000000,105931.44000000,104425.64000000,105857.99000000,2069.28113000,1748908799999,217956045.43348320,468561,1031.00698000,108590561.22420550,0,2025-06-02T20:00:00.000Z,2025-06-02T23:59:59.999Z
1748908800000,105858.00000000,106500.00000000,105340.18000000,105482.02000000,2370.68744000,1748923199999,251326270.60196520,468486,1142.62296000,121137425.16179790,0,2025-06-03T00:00:00.000Z,2025-06-03T03:59:59.999Z
1748923200000,105482.03000000,105513.02000000,105116.20000000,105170.75000000,1808.44990000,1748937599999,190456141.20940970,222536,838.66496000,88329549.57111560,0,2025-06-03T04:00:00.000Z,2025-06-03T07:59:59.999Z
1748937600000,105170.76000000,105349.94000000,104872.50000000,105287.24000000,1581.41246000,1748951999999,166292074.74878010,205403,793.04221000,83403834.13781870,0,2025-06-03T08:00:00.000Z,2025-06-03T11:59:59.999Z
1748952000000,105287.24000000,106794.67000000,105031.60000000,106610.66000000,3944.17196000,1748966399999,417996489.85554700,720032,1974.04528000,209186873.61551670,0,2025-06-03T12:00:00.000Z,2025-06-03T15:59:59.999Z
1748966400000,106610.66000000,106666.67000000,105592.17000000,106238.81000000,2007.43502000,1748980799999,212976095.05268250,476122,866.43957000,91931171.64759640,0,2025-06-03T16:00:00.000Z,2025-06-03T19:59:59.999Z
1748980800000,106238.81000000,106254.92000000,105266.02000000,105376.89000000,1547.36956000,1748995199999,163446675.13093730,378119,645.40938000,68172072.69027730,0,2025-06-03T20:00:00.000Z,2025-06-03T23:59:59.999Z
1748995200000,105376.90000000,105839.63000000,105132.27000000,105519.27000000,1468.56182000,1749009599999,154970446.16107820,332826,649.93640000,68589999.05456580,0,2025-06-04T00:00:00.000Z,2025-06-04T03:59:59.999Z
1749009600000,105519.26000000,105611.96000000,105250.00000000,105320.75000000,2243.32025000,1749023999999,236452160.14523160,227013,1198.13607000,126296938.80493430,0,2025-06-04T04:00:00.000Z,2025-06-04T07:59:59.999Z
1749024000000,105320.75000000,106000.00000000,105080.26000000,105084.36000000,3840.76425000,1749038399999,405222621.89705870,346456,2110.46416000,222845232.34886380,0,2025-06-04T08:00:00.000Z,2025-06-04T11:59:59.999Z
1749038400000,105084.36000000,105542.00000000,104179.00000000,105298.27000000,3906.47888000,1749052799999,409870404.83420590,690164,1969.33189000,206626643.94484620,0,2025-06-04T12:00:00.000Z,2025-06-04T15:59:59.999Z
1749052800000,105298.26000000,105483.14000000,104865.25000000,104913.52000000,1452.09412000,1749067199999,152716557.47089870,371764,569.46680000,59886834.35680590,0,2025-06-04T16:00:00.000Z,2025-06-04T19:59:59.999Z
1749067200000,104913.52000000,105045.79000000,104407.16000000,104696.86000000,1123.67550000,1749081599999,117696291.86040500,306241,482.61378000,50558108.90856780,0,2025-06-04T20:00:00.000Z,2025-06-04T23:59:59.999Z
1749081600000,104696.86000000,105240.84000000,104651.16000000,105047.15000000,1126.54275000,1749095999999,118247907.98237800,267155,468.19062000,49147265.55528670,0,2025-06-05T00:00:00.000Z,2025-06-05T03:59:59.999Z
1749096000000,105047.15000000,105226.14000000,104380.00000000,104518.05000000,1593.69610000,1749110399999,166883435.93518770,243475,716.78498000,75079939.64775350,0,2025-06-05T04:00:00.000Z,2025-06-05T07:59:59.999Z
1749110400000,104518.05000000,104920.00000000,104424.52000000,104827.80000000,1061.75675000,1749124799999,111162468.12350100,190360,464.40468000,48623794.92056830,0,2025-06-05T08:00:00.000Z,2025-06-05T11:59:59.999Z
1749124800000,104827.79000000,105909.71000000,103900.00000000,104531.49000000,5067.78387000,1749139199999,531291459.98269530,857478,2374.95843000,249029271.85691540,0,2025-06-05T12:00:00.000Z,2025-06-05T15:59:59.999Z
1749139200000,104531.50000000,104598.87000000,101596.62000000,101914.77000000,6187.53160000,1749153599999,636706044.18023310,1215570,2611.76508000,268663708.43159810,0,2025-06-05T16:00:00.000Z,2025-06-05T19:59:59.999Z
1749153600000,101914.76000000,102171.44000000,100372.26000000,101508.68000000,7284.19047000,1749167999999,737276576.32654960,1189257,3369.25640000,341124536.63058910,0,2025-06-05T20:00:00.000Z,2025-06-05T23:59:59.999Z
1749168000000,101508.69000000,102520.00000000,101095.80000000,102493.30000000,2752.42188000,1749182399999,280337431.25985090,463227,1517.23506000,154550572.43867980,0,2025-06-06T00:00:00.000Z,2025-06-06T03:59:59.999Z
1749182400000,102493.30000000,103468.66000000,102387.38000000,103150.44000000,2278.64268000,1749196799999,234519854.50265430,316808,1048.48975000,107933148.67460770,0,2025-06-06T04:00:00.000Z,2025-06-06T07:59:59.999Z
1749196800000,103150.44000000,103991.45000000,103150.43000000,103927.99000000,2218.22642000,1749211199999,229913470.74904480,324584,1009.14771000,104601879.28150070,0,2025-06-06T08:00:00.000Z,2025-06-06T11:59:59.999Z
1749211200000,103927.99000000,105333.00000000,103513.70000000,105092.28000000,4660.37233000,1749225599999,486546688.89961930,864287,2328.70892000,243215352.88597950,0,2025-06-06T12:00:00.000Z,2025-06-06T15:59:59.999Z
1749225600000,105092.28000000,105284.00000000,104013.21000000,104219.80000000,2762.90707000,1749239999999,289329104.25328270,505866,1150.73834000,120522322.52117200,0,2025-06-06T16:00:00.000Z,2025-06-06T19:59:59.999Z
1749240000000,104219.80000000,104617.56000000,104167.98000000,104288.44000000,1166.50347000,1749254399999,121735855.27112330,234555,601.28701000,62752545.63385350,0,2025-06-06T20:00:00.000Z,2025-06-06T23:59:59.999Z
1749254400000,104288.43000000,104910.77000000,103871.09000000,104871.58000000,1400.16428000,1749268799999,146265247.24395720,316148,731.02498000,76374574.16844500,0,2025-06-07T00:00:00.000Z,2025-06-07T03:59:59.999Z
1749268800000,104871.59000000,105319.13000000,104643.62000000,104867.04000000,1309.06461000,1749283199999,137352383.41611240,198415,614.14214000,64452315.29636420,0,2025-06-07T04:00:00.000Z,2025-06-07T07:59:59.999Z
1749283200000,104867.03000000,105264.00000000,104689.81000000,105150.01000000,1180.35371000,1749297599999,123955243.71684370,205309,451.14730000,47381329.18094870,0,2025-06-07T08:00:00.000Z,2025-06-07T11:59:59.999Z
1749297600000,105150.01000000,105800.00000000,105150.00000000,105558.11000000,2197.72958000,1749311999999,231765883.80562840,307646,1150.77241000,121342474.70158710,0,2025-06-07T12:00:00.000Z,2025-06-07T15:59:59.999Z
1749312000000,105558.11000000,105884.46000000,105279.06000000,105725.91000000,1536.04392000,1749326399999,162256848.83542960,226137,688.02892000,72686033.14716350,0,2025-06-07T16:00:00.000Z,2025-06-07T19:59:59.999Z
1749326400000,105725.91000000,105900.00000000,105534.88000000,105552.15000000,721.57596000,1749340799999,76319773.93685180,148839,334.90337000,35427472.69676270,0,2025-06-07T20:00:00.000Z,2025-06-07T23:59:59.999Z
1749340800000,105552.15000000,105786.33000000,105394.03000000,105471.59000000,1084.68276000,1749355199999,114444443.80865320,154210,565.71738000,59686488.56252280,0,2025-06-08T00:00:00.000Z,2025-06-08T03:59:59.999Z
1749355200000,105471.59000000,105653.13000000,105408.38000000,105426.45000000,623.06268000,1749369599999,65737115.47819390,115683,278.43323000,29378412.37552380,0,2025-06-08T04:00:00.000Z,2025-06-08T07:59:59.999Z
1749369600000,105426.46000000,105720.94000000,104964.14000000,105686.71000000,1672.01298000,1749383999999,176135665.41665160,238274,940.62293000,99104051.57733830,0,2025-06-08T08:00:00.000Z,2025-06-08T11:59:59.999Z
1749384000000,105686.71000000,106160.19000000,105520.25000000,105984.52000000,2200.98155000,1749398399999,232813856.36545020,320250,1429.40368000,151186872.76578810,0,2025-06-08T12:00:00.000Z,2025-06-08T15:59:59.999Z
1749398400000,105984.53000000,106360.00000000,105943.91000000,106289.99000000,1099.96633000,1749412799999,116826393.16254400,207139,532.34251000,56538024.70192300,0,2025-06-08T16:00:00.000Z,2025-06-08T19:59:59.999Z
1749412800000,106289.99000000,106488.14000000,105545.71000000,105734.00000000,1367.35675000,1749427199999,144929655.19680470,259598,614.90293000,65204656.10522800,0,2025-06-08T20:00:00.000Z,2025-06-08T23:59:59.999Z
1749427200000,105734.01000000,105966.33000000,105318.37000000,105659.13000000,1795.04970000,1749441599999,189593192.59217350,325484,784.98097000,82903195.41613270,0,2025-06-09T00:00:00.000Z,2025-06-09T03:59:59.999Z
1749441600000,105659.14000000,105717.30000000,105319.00000000,105560.71000000,1470.33986000,1749455999999,155180983.71680250,173955,653.71161000,68996839.40664630,0,2025-06-09T04:00:00.000Z,2025-06-09T07:59:59.999Z
1749456000000,105560.71000000,107806.00000000,105473.57000000,107759.21000000,4424.95656000,1749470399999,473120285.02745830,527766,2690.67950000,287616731.75444000,0,2025-06-09T08:00:00.000Z,2025-06-09T11:59:59.999Z
1749470400000,107759.21000000,108020.00000000,106860.00000000,107635.91000000,3544.41855000,1749484799999,381447359.43381960,598278,1797.54148000,193492007.85091610,0,2025-06-09T12:00:00.000Z,2025-06-09T15:59:59.999Z
1749484800000,107635.91000000,108767.24000000,107635.91000000,108564.72000000,2689.46607000,1749499199999,291102291.59995970,511597,1263.21691000,136747168.43533520,0,2025-06-09T16:00:00.000Z,2025-06-09T19:59:59.999Z
1749499200000,108565.86000000,110530.17000000,108456.08000000,110263.02000000,6051.14377000,1749513599999,664477909.85095920,702766,3433.75170000,377034122.65009130,0,2025-06-09T20:00:00.000Z,2025-06-09T23:59:59.999Z
1749513600000,110263.02000000,110311.82000000,109381.24000000,109568.02000000,2356.61975000,1749527999999,258795023.54840100,377962,992.37561000,108979806.23596350,0,2025-06-10T00:00:00.000Z,2025-06-10T03:59:59.999Z
1749528000000,109568.03000000,109737.68000000,109095.67000000,109205.14000000,2317.07387000,1749542399999,253367346.27809450,308891,931.06833000,101841409.34566350,0,2025-06-10T04:00:00.000Z,2025-06-10T07:59:59.999Z
1749542400000,109205.14000000,109851.80000000,109056.90000000,109541.28000000,2344.90457000,1749556799999,256567638.23995450,368615,1292.48006000,141440607.03403550,0,2025-06-10T08:00:00.000Z,2025-06-10T11:59:59.999Z
1749556800000,109541.93000000,109900.81000000,108331.03000000,109015.42000000,5247.00781000,1749571199999,572242992.47027030,823507,2268.71235000,247472041.86333440,0,2025-06-10T12:00:00.000Z,2025-06-10T15:59:59.999Z
1749571200000,109015.41000000,110400.00000000,108518.86000000,109526.30000000,2639.86004000,1749585599999,288800370.80299200,605668,1481.75375000,162137663.37796820,0,2025-06-10T16:00:00.000Z,2025-06-10T19:59:59.999Z
1749585600000,109526.30000000,110299.73000000,109239.68000000,110274.39000000,2166.36235000,1749599999999,237847178.85246060,518777,1042.90571000,114539746.53998370,0,2025-06-10T20:00:00.000Z,2025-06-10T23:59:59.999Z
1749600000000,110274.39000000,110274.40000000,109533.97000000,109722.95000000,1393.61311000,1749614399999,153022600.78605590,332156,521.27421000,57240019.54393250,0,2025-06-11T00:00:00.000Z,2025-06-11T03:59:59.999Z
1749614400000,109722.95000000,109745.29000000,109373.67000000,109446.74000000,1000.47435000,1749628799999,109599176.55279460,195722,360.83103000,39530956.07231600,0,2025-06-11T04:00:00.000Z,2025-06-11T07:59:59.999Z
1749628800000,109446.74000000,109675.69000000,109193.89000000,109252.09000000,1633.75520000,1749643199999,178736867.67325990,187975,559.46100000,61206485.33842960,0,2025-06-11T08:00:00.000Z,2025-06-11T11:59:59.999Z
1749643200000,109252.10000000,110392.01000000,109008.82000000,109735.70000000,4399.26765000,1749657599999,482990904.08559580,851848,2433.37006000,267158744.94484310,0,2025-06-11T12:00:00.000Z,2025-06-11T15:59:59.999Z
1749657600000,109735.70000000,109815.84000000,108412.01000000,108742.37000000,2837.53217000,1749671999999,309559733.75746630,656391,1355.71391000,147922420.72768880,0,2025-06-11T16:00:00.000Z,2025-06-11T19:59:59.999Z
1749672000000,108742.37000000,109219.51000000,108064.00000000,108645.12000000,1851.27390000,1749686399999,200975356.89545780,442922,800.31846000,86888591.37617690,0,2025-06-11T20:00:00.000Z,2025-06-11T23:59:59.999Z
1749686400000,108645.13000000,108813.55000000,107730.00000000,107860.05000000,3756.83450000,1749700799999,406706749.37198780,498042,1682.19753000,182278745.97170490,0,2025-06-12T00:00:00.000Z,2025-06-12T03:59:59.999Z
1749700800000,107860.04000000,107993.58000000,107320.00000000,107633.53000000,2337.68090000,1749715199999,251755740.01813990,311048,1147.15014000,123533636.40700220,0,2025-06-12T04:00:00.000Z,2025-06-12T07:59:59.999Z
1749715200000,107633.53000000,107835.83000000,106874.47000000,106900.95000000,1866.42836000,1749729599999,200386361.95224860,385568,861.90316000,92567386.98996560,0,2025-06-12T08:00:00.000Z,2025-06-12T11:59:59.999Z
1749729600000,106900.95000000,107822.50000000,106600.00000000,107020.95000000,3201.28540000,1749743999999,343181119.28775340,635073,1584.95699000,169930431.92912560,0,2025-06-12T12:00:00.000Z,2025-06-12T15:59:59.999Z
1749744000000,107020.96000000,108450.16000000,106680.00000000,106788.80000000,2559.00784000,1749758399999,275585406.13736500,773724,1293.38747000,139354485.75840020,0,2025-06-12T16:00:00.000Z,2025-06-12T19:59:59.999Z
1749758400000,106789.80000000,106960.77000000,105671.72000000,105671.73000000,4057.43518000,1749772799999,430693897.31933970,913965,1721.63119000,182755824.41424300,0,2025-06-12T20:00:00.000Z,2025-06-12T23:59:59.999Z
1749772800000,105671.74000000,105694.00000000,102664.31000000,104277.22000000,11535.37443000,1749787199999,1198076597.88933900,1915386,5123.38754000,531939857.45649560,0,2025-06-13T00:00:00.000Z,2025-06-13T03:59:59.999Z
1749787200000,104277.22000000,104970.12000000,103782.75000000,104895.00000000,3355.01643000,1749801599999,350214514.29091180,666305,1885.93155000,196957158.42431260,0,2025-06-13T04:00:00.000Z,2025-06-13T07:59:59.999Z
1749801600000,104895.01000000,105434.34000000,104425.79000000,105039.48000000,3146.66203000,1749815999999,330123262.69873800,619698,1741.46629000,182779920.99986480,0,2025-06-13T08:00:00.000Z,2025-06-13T11:59:59.999Z
1749816000000,105039.48000000,105747.47000000,104118.00000000,105436.87000000,3901.15519000,1749830399999,409648641.62863460,1025707,1931.56710000,202874563.51411730,0,2025-06-13T12:00:00.000Z,2025-06-13T15:59:59.999Z
1749830400000,105436.87000000,105981.00000000,104668.73000000,105110.00000000,2950.53869000,1749844799999,310921173.16409160,857134,1385.45781000,146063615.83946030,0,2025-06-13T16:00:00.000Z,2025-06-13T19:59:59.999Z
1749844800000,105110.01000000,106179.53000000,105020.87000000,106066.59000000,1292.07057000,1749859199999,136477701.02125520,368347,725.89676000,76685239.76096870,0,2025-06-13T20:00:00.000Z,2025-06-13T23:59:59.999Z
1749859200000,106066.59000000,106252.00000000,105197.96000000,105228.82000000,3017.48753000,1749873599999,318910479.53963650,331857,1373.31624000,145242101.07608800,0,2025-06-14T00:00:00.000Z,2025-06-14T03:59:59.999Z
1749873600000,105228.83000000,105397.06000000,104792.98000000,105076.59000000,1002.68077000,1749887999999,105458707.26951000,163176,457.96315000,48170785.43242910,0,2025-06-14T04:00:00.000Z,2025-06-14T07:59:59.999Z
1749888000000,105076.59000000,105132.36000000,104836.06000000,105082.01000000,786.76790000,1749902399999,82605938.08161110,152044,359.37051000,37733270.96888700,0,2025-06-14T08:00:00.000Z,2025-06-14T11:59:59.999Z
1749902400000,105082.01000000,105131.25000000,104615.38000000,104841.30000000,1045.14048000,1749916799999,109644890.01676680,222647,439.47679000,46110841.37258200,0,2025-06-14T12:00:00.000Z,2025-06-14T15:59:59.999Z
1749916800000,104841.29000000,105045.78000000,104359.08000000,104645.67000000,1687.29248000,1749931199999,176564651.26703280,336509,673.14485000,70440041.98330550,0,2025-06-14T16:00:00.000Z,2025-06-14T19:59:59.999Z
1749931200000,104645.66000000,105480.00000000,104300.00000000,105414.64000000,1259.57053000,1749945599999,132383948.00384930,315543,545.28344000,57304235.09298000,0,2025-06-14T20:00:00.000Z,2025-06-14T23:59:59.999Z
1749945600000,105414.63000000,105680.00000000,105264.75000000,105473.55000000,759.41728000,1749959999999,80115866.04268140,140245,384.88723000,40603483.33200840,0,2025-06-15T00:00:00.000Z,2025-06-15T03:59:59.999Z
1749960000000,105473.54000000,106128.57000000,105200.00000000,105428.00000000,1381.52981000,1749974399999,145914173.65243960,189645,710.27046000,75050121.72435550,0,2025-06-15T04:00:00.000Z,2025-06-15T07:59:59.999Z
1749974400000,105428.00000000,105482.40000000,104867.64000000,104970.51000000,1057.15319000,1749988799999,111074906.34066160,217191,492.98713000,51799064.20803690,0,2025-06-15T08:00:00.000Z,2025-06-15T11:59:59.999Z
1749988800000,104970.51000000,105838.24000000,104955.48000000,105564.00000000,1245.40098000,1750003199999,131340497.83484720,304364,605.35588000,63826669.39368780,0,2025-06-15T12:00:00.000Z,2025-06-15T15:59:59.999Z
1750003200000,105563.99000000,105777.09000000,105082.97000000,105294.19000000,975.97763000,1750017599999,102942354.77293660,225378,417.79269000,44070382.18796910,0,2025-06-15T16:00:00.000Z,2025-06-15T19:59:59.999Z
1750017600000,105294.19000000,105617.82000000,104494.53000000,105594.01000000,1744.72158000,1750031999999,183209089.23123400,487945,745.17573000,78258856.83931970,0,2025-06-15T20:00:00.000Z,2025-06-15T23:59:59.999Z
1750032000000,105594.02000000,105970.59000000,104980.37000000,105921.84000000,1680.03810000,1750046399999,177466861.58254690,459688,815.10103000,86114500.41681780,0,2025-06-16T00:00:00.000Z,2025-06-16T03:59:59.999Z
1750046400000,105921.85000000,107262.31000000,105874.48000000,107061.80000000,2778.21159000,1750060799999,296301104.24480940,372008,1456.99462000,155342857.65944000,0,2025-06-16T04:00:00.000Z,2025-06-16T07:59:59.999Z
1750060800000,107061.80000000,107255.01000000,106582.25000000,106883.99000000,2148.92551000,1750075199999,229892836.47066360,268610,1037.93649000,111046045.37269880,0,2025-06-16T08:00:00.000Z,2025-06-16T11:59:59.999Z
1750075200000,106884.00000000,107784.26000000,106495.09000000,107424.96000000,2538.35800000,1750089599999,272091106.28241470,645288,1345.53148000,144242762.99410200,0,2025-06-16T12:00:00.000Z,2025-06-16T15:59:59.999Z
1750089600000,107424.96000000,108888.00000000,107309.15000000,108652.00000000,2748.12533000,1750103999999,297097680.18967300,524006,1457.91430000,157627950.65197820,0,2025-06-16T16:00:00.000Z,2025-06-16T19:59:59.999Z
1750104000000,108652.01000000,108952.38000000,106700.00000000,106794.53000000,3029.00687000,1750118399999,327000251.96241680,659398,1328.87129000,143490913.04158100,0,2025-06-16T20:00:00.000Z,2025-06-16T23:59:59.999Z
1750118400000,106794.53000000,107771.34000000,106115.35000000,107590.41000000,3025.95246000,1750132799999,323600154.77631280,753665,1548.15056000,165570285.87621520,0,2025-06-17T00:00:00.000Z,2025-06-17T03:59:59.999Z
1750132800000,107590.41000000,107711.06000000,106481.60000000,106758.52000000,1696.95424000,1750147199999,181643406.69676880,361963,733.98647000,78578949.52215650,0,2025-06-17T04:00:00.000Z,2025-06-17T07:59:59.999Z
1750147200000,106758.52000000,106822.78000000,105508.23000000,105641.47000000,2408.54535000,1750161599999,255535721.24428490,404762,1127.10787000,119572082.67696340,0,2025-06-17T08:00:00.000Z,2025-06-17T11:59:59.999Z
1750161600000,105641.48000000,105862.03000000,104130.95000000,104241.63000000,4308.26392000,1750175999999,452417553.05654770,790756,1749.84760000,183844743.49473350,0,2025-06-17T12:00:00.000Z,2025-06-17T15:59:59.999Z
1750176000000,104241.62000000,105336.82000000,103371.02000000,104686.12000000,4719.96669000,1750190399999,491562436.89796270,982562,2186.68826000,227761213.32306960,0,2025-06-17T16:00:00.000Z,2025-06-17T19:59:59.999Z
1750190400000,104686.12000000,104898.81000000,104203.85000000,104551.17000000,1706.64759000,1750204799999,178414212.22722290,429302,736.87214000,77038168.31821780,0,2025-06-17T20:00:00.000Z,2025-06-17T23:59:59.999Z
1750204800000,104551.17000000,105240.00000000,104379.52000000,105184.84000000,1346.38636000,1750219199999,141177416.54061360,310318,624.79964000,65508527.12442410,0,2025-06-18T00:00:00.000Z,2025-06-18T03:59:59.999Z
1750219200000,105184.84000000,105550.27000000,104713.24000000,104973.24000000,1758.92527000,1750233599999,185035535.78911380,255952,691.46899000,72756789.97282210,0,2025-06-18T04:00:00.000Z,2025-06-18T07:59:59.999Z
1750233600000,104973.24000000,105310.62000000,104175.87000000,104840.59000000,1900.45623000,1750247999999,198912119.66657950,384413,938.90686000,98280837.06355450,0,2025-06-18T08:00:00.000Z,2025-06-18T11:59:59.999Z
1750248000000,104840.58000000,105325.83000000,103814.04000000,104801.01000000,4024.47787000,1750262399999,420997350.77712160,976242,1971.13798000,206279809.44716450,0,2025-06-18T12:00:00.000Z,2025-06-18T15:59:59.999Z
1750262400000,104801.01000000,104836.64000000,103500.00000000,103808.41000000,3290.47730000,1750276799999,342729497.36517770,1101033,1605.52094000,167242008.09692690,0,2025-06-18T16:00:00.000Z,2025-06-18T19:59:59.999Z
1750276800000,103808.41000000,105139.87000000,103652.00000000,104886.78000000,1647.91864000,1750291199999,172531104.22360310,440212,824.48033000,86318874.98553750,0,2025-06-18T20:00:00.000Z,2025-06-18T23:59:59.999Z
1750291200000,104886.79000000,105226.17000000,104457.12000000,105100.02000000,1479.10507000,1750305599999,155077662.10540460,333149,744.33032000,78048399.01985980,0,2025-06-19T00:00:00.000Z,2025-06-19T03:59:59.999Z
1750305600000,105100.01000000,105220.00000000,104617.69000000,104642.85000000,1132.25759000,1750319999999,118746776.37050560,217457,458.05790000,48031292.29376940,0,2025-06-19T04:00:00.000Z,2025-06-19T07:59:59.999Z
1750320000000,104642.85000000,105073.53000000,104631.26000000,104776.23000000,949.58523000,1750334399999,99609023.79006200,191761,394.80414000,41413143.45776160,0,2025-06-19T08:00:00.000Z,2025-06-19T11:59:59.999Z
1750334400000,104776.23000000,104917.05000000,104078.00000000,104096.93000000,1595.49890000,1750348799999,166616785.10787520,351027,694.01098000,72458083.60042010,0,2025-06-19T12:00:00.000Z,2025-06-19T15:59:59.999Z
1750348800000,104096.94000000,104814.73000000,103929.27000000,104250.44000000,1624.22301000,1750363199999,169508103.02296680,347182,901.92876000,94155280.79008250,0,2025-06-19T16:00:00.000Z,2025-06-19T19:59:59.999Z
1750363200000,104250.45000000,104898.31000000,104150.00000000,104658.59000000,897.93757000,1750377599999,93844225.56523070,277469,390.06526000,40765208.24884000,0,2025-06-19T20:00:00.000Z,2025-06-19T23:59:59.999Z
1750377600000,104658.59000000,104820.00000000,104391.38000000,104596.63000000,1026.45735000,1750391999999,107397845.64066690,227547,408.92728000,42785034.93088210,0,2025-06-20T00:00:00.000Z,2025-06-20T03:59:59.999Z
1750392000000,104596.64000000,105825.66000000,104238.02000000,105811.74000000,1878.07017000,1750406399999,197132052.44357990,251910,982.33421000,103225566.38088440,0,2025-06-20T04:00:00.000Z,2025-06-20T07:59:59.999Z
1750406400000,105811.74000000,106524.65000000,105757.48000000,105977.82000000,2862.78664000,1750420799999,303752741.20556110,442385,1450.22079000,153874816.17422580,0,2025-06-20T08:00:00.000Z,2025-06-20T11:59:59.999Z
1750420800000,105977.82000000,106149.17000000,103888.00000000,104217.99000000,3668.86931000,1750435199999,384827914.68460590,860415,1515.70466000,159068797.03094310,0,2025-06-20T12:00:00.000Z,2025-06-20T15:59:59.999Z
1750435200000,104218.00000000,104269.64000000,102345.00000000,103307.22000000,5227.49835000,1750449599999,539769357.74211100,902437,2043.73922000,210961862.65861640,0,2025-06-20T16:00:00.000Z,2025-06-20T19:59:59.999Z
1750449600000,103307.21000000,103828.00000000,102963.67000000,103297.99000000,1755.38101000,1750463999999,181531999.29487690,344710,713.04423000,73733205.90446930,0,2025-06-20T20:00:00.000Z,2025-06-20T23:59:59.999Z
1750464000000,103297.98000000,103691.67000000,103127.48000000,103495.87000000,750.73411000,1750478399999,77615423.95856030,157674,346.71845000,35845962.83385860,0,2025-06-21T00:00:00.000Z,2025-06-21T03:59:59.999Z
1750478400000,103495.86000000,103599.04000000,103330.00000000,103458.50000000,686.61118000,1750492799999,71024294.03851810,113340,239.15095000,24736614.68996930,0,2025-06-21T04:00:00.000Z,2025-06-21T07:59:59.999Z
1750492800000,103458.50000000,103982.64000000,103458.49000000,103874.64000000,1188.56205000,1750507199999,123339527.00319660,142035,446.79103000,46364674.50273810,0,2025-06-21T08:00:00.000Z,2025-06-21T11:59:59.999Z
1750507200000,103874.63000000,103946.47000000,103281.82000000,103560.90000000,1449.27436000,1750521599999,150127857.90818930,312654,471.38813000,48833570.82429680,0,2025-06-21T12:00:00.000Z,2025-06-21T15:59:59.999Z
1750521600000,103560.90000000,103640.00000000,102210.43000000,102245.10000000,2365.40427000,1750535999999,243312259.33381520,442371,973.97347000,100223586.40011580,0,2025-06-21T16:00:00.000Z,2025-06-21T19:59:59.999Z
1750536000000,102245.11000000,102888.88000000,100837.90000000,102120.01000000,4713.62735000,1750550399999,479410422.48836230,1004504,2154.91500000,219266258.17169760,0,2025-06-21T20:00:00.000Z,2025-06-21T23:59:59.999Z
1750550400000,102120.02000000,103399.62000000,101839.96000000,102375.40000000,4339.90882000,1750564799999,444714101.26093380,1044002,2095.06803000,214710472.01798020,0,2025-06-22T00:00:00.000Z,2025-06-22T03:59:59.999Z
1750564800000,102375.40000000,102946.47000000,102256.01000000,102424.61000000,1481.73109000,1750579199999,152108170.15503010,322736,715.18984000,73416250.16975580,0,2025-06-22T04:00:00.000Z,2025-06-22T07:59:59.999Z
1750579200000,102424.61000000,102804.05000000,102080.00000000,102739.48000000,1801.30685000,1750593599999,184630749.93946180,314592,730.77209000,74911999.37531230,0,2025-06-22T08:00:00.000Z,2025-06-22T11:59:59.999Z
1750593600000,102739.47000000,102831.00000000,98889.35000000,98906.21000000,12422.58545000,1750607999999,1245285399.15979320,1440759,5110.13187000,512146575.69900170,0,2025-06-22T12:00:00.000Z,2025-06-22T15:59:59.999Z
1750608000000,98906.21000000,100380.00000000,98673.66000000,98882.84000000,4419.40202000,1750622399999,439060976.87446910,898556,2190.33746000,217645916.29896950,0,2025-06-22T16:00:00.000Z,2025-06-22T19:59:59.999Z
1750622400000,98882.85000000,101034.65000000,98200.00000000,100963.87000000,4281.47649000,1750636799999,426896010.41899990,1100664,2300.53036000,229556139.75562060,0,2025-06-22T20:00:00.000Z,2025-06-22T23:59:59.999Z
1750636800000,100963.87000000,101620.00000000,100494.25000000,101154.14000000,2930.22354000,1750651199999,296003208.02516840,516364,1463.92713000,147942610.91259480,0,2025-06-23T00:00:00.000Z,2025-06-23T03:59:59.999Z
1750651200000,101154.13000000,102137.00000000,100980.00000000,101931.04000000,2509.06943000,1750665599999,255118613.60239780,368321,1261.42105000,128324959.25859390,0,2025-06-23T04:00:00.000Z,2025-06-23T07:59:59.999Z
1750665600000,101931.04000000,102080.00000000,101102.76000000,101289.01000000,2527.52051000,1750679999999,256701789.48541370,329772,1014.78726000,103065218.33988100,0,2025-06-23T08:00:00.000Z,2025-06-23T11:59:59.999Z
1750680000000,101289.00000000,102613.09000000,100792.16000000,101420.70000000,4451.66500000,1750694399999,453035160.30468930,1005511,1999.97568000,203605924.75971540,0,2025-06-23T12:00:00.000Z,2025-06-23T15:59:59.999Z
1750694400000,101420.71000000,103300.00000000,99613.33000000,103161.29000000,7496.37250000,1750708799999,763055459.43567140,1516711,3668.96203000,373680409.84654860,0,2025-06-23T16:00:00.000Z,2025-06-23T19:59:59.999Z
1750708800000,103161.30000000,106074.20000000,102880.00000000,105333.93000000,7751.65511000,1750723199999,812252600.19110820,1207528,3999.12848000,419035730.14113230,0,2025-06-23T20:00:00.000Z,2025-06-23T23:59:59.999Z
1750723200000,105333.94000000,105500.00000000,104720.82000000,104919.60000000,2882.14256000,1750737599999,302791082.33759530,470629,1265.35285000,132969813.28162140,0,2025-06-24T00:00:00.000Z,2025-06-24T03:59:59.999Z
1750737600000,104919.60000000,105811.00000000,104704.91000000,104933.74000000,3158.97987000,1750751999999,332679675.74291730,500672,1464.69987000,154300076.16664550,0,2025-06-24T04:00:00.000Z,2025-06-24T07:59:59.999Z
1750752000000,104933.74000000,105571.40000000,104622.02000000,105170.00000000,2216.86440000,1750766399999,233003724.86314490,486532,1053.41850000,110727174.44482440,0,2025-06-24T08:00:00.000Z,2025-06-24T11:59:59.999Z
1750766400000,105169.99000000,105731.92000000,104800.98000000,105244.73000000,2933.73072000,1750780799999,308840789.93748230,718312,1381.81583000,145498940.71552690,0,2025-06-24T12:00:00.000Z,2025-06-24T15:59:59.999Z
1750780800000,105244.72000000,106290.00000000,105172.64000000,105643.19000000,2366.40087000,1750795199999,250345704.77585290,500316,1170.26966000,123840036.86957990,0,2025-06-24T16:00:00.000Z,2025-06-24T19:59:59.999Z
1750795200000,105643.20000000,106119.11000000,105435.45000000,106083.00000000,1093.57493000,1750809599999,115790135.79936850,297020,512.76487000,54294963.81112830,0,2025-06-24T20:00:00.000Z,2025-06-24T23:59:59.999Z
1750809600000,106083.00000000,106791.18000000,105808.03000000,106232.01000000,2385.09450000,1750823999999,253766046.55078880,520347,1233.11098000,131218925.38625710,0,2025-06-25T00:00:00.000Z,2025-06-25T03:59:59.999Z
1750824000000,106232.01000000,106702.00000000,106001.00000000,106600.01000000,1317.62334000,1750838399999,140049796.28549640,253161,543.88020000,57815478.13998420,0,2025-06-25T04:00:00.000Z,2025-06-25T07:59:59.999Z
1750838400000,106600.00000000,107237.44000000,106343.13000000,107198.02000000,2272.81569000,1750852799999,242902954.48013100,387452,1272.91627000,136075673.86796340,0,2025-06-25T08:00:00.000Z,2025-06-25T11:59:59.999Z
1750852800000,107198.02000000,108135.30000000,106752.36000000,107028.00000000,7497.00314000,1750867199999,805938085.34363060,955677,4019.79694000,432372910.36263130,0,2025-06-25T12:00:00.000Z,2025-06-25T15:59:59.999Z
1750867200000,107027.99000000,107905.37000000,106931.00000000,107761.68000000,2109.69446000,1750881599999,226604506.17644700,527877,979.48416000,105219551.47455000,0,2025-06-25T16:00:00.000Z,2025-06-25T19:59:59.999Z
1750881600000,107761.67000000,108000.00000000,107079.90000000,107340.58000000,1118.92438000,1750895999999,120284082.10979620,344378,526.94854000,56650314.57502600,0,2025-06-25T20:00:00.000Z,2025-06-25T23:59:59.999Z
1750896000000,107340.59000000,108272.45000000,107105.43000000,107853.79000000,1896.83706000,1750910399999,204351573.68606130,502189,995.64166000,107259670.59823170,0,2025-06-26T00:00:00.000Z,2025-06-26T03:59:59.999Z
1750910400000,107853.79000000,108085.92000000,107520.00000000,107813.99000000,1290.81871000,1750924799999,139186158.82761010,291719,536.04741000,57802504.03054110,0,2025-06-26T04:00:00.000Z,2025-06-26T07:59:59.999Z
1750924800000,107813.99000000,108174.86000000,107117.65000000,107325.41000000,2010.44306000,1750939199999,216128540.94734630,335341,835.52008000,89851754.65143370,0,2025-06-26T08:00:00.000Z,2025-06-26T11:59:59.999Z
1750939200000,107325.42000000,107765.55000000,106562.50000000,107313.60000000,2623.12904000,1750953599999,281034932.10125820,676446,1199.57675000,128524081.74758510,0,2025-06-26T12:00:00.000Z,2025-06-26T15:59:59.999Z
1750953600000,107313.61000000,107669.74000000,107009.28000000,107532.98000000,1252.64660000,1750967999999,134481790.65451290,405466,653.45840000,70164217.32295370,0,2025-06-26T16:00:00.000Z,2025-06-26T19:59:59.999Z
1750968000000,107532.97000000,108000.00000000,106850.00000000,106947.06000000,1499.39832000,1750982399999,160910978.46481260,386581,762.84568000,81869299.84374740,0,2025-06-26T20:00:00.000Z,2025-06-26T23:59:59.999Z
1750982400000,106947.06000000,107515.28000000,106438.33000000,107477.76000000,1472.30428000,1750996799999,157669727.40775090,317919,695.68318000,74512008.36932050,0,2025-06-27T00:00:00.000Z,2025-06-27T03:59:59.999Z
1750996800000,107477.76000000,107735.34000000,106850.00000000,106869.71000000,1946.05962000,1751011199999,208643061.41413630,241342,635.03575000,68101799.08558530,0,2025-06-27T04:00:00.000Z,2025-06-27T07:59:59.999Z
1751011200000,106869.72000000,107159.95000000,106679.98000000,106983.60000000,2318.07544000,1751025599999,247887872.16477780,312445,814.80191000,87134253.57439220,0,2025-06-27T08:00:00.000Z,2025-06-27T11:59:59.999Z
1751025600000,106983.60000000,107407.14000000,106356.76000000,107308.25000000,3704.52866000,1751039999999,395417935.35077320,683384,1376.20607000,146971858.48927980,0,2025-06-27T12:00:00.000Z,2025-06-27T15:59:59.999Z
1751040000000,107308.25000000,107709.22000000,106446.45000000,106801.02000000,1987.48356000,1751054399999,212704728.88199080,553298,930.51465000,99623397.91562300,0,2025-06-27T16:00:00.000Z,2025-06-27T19:59:59.999Z
1751054400000,106801.02000000,107277.99000000,106794.33000000,107047.59000000,803.98886000,1751068799999,86097023.69058050,196111,410.03854000,43907940.94456560,0,2025-06-27T20:00:00.000Z,2025-06-27T23:59:59.999Z
1751068800000,107047.58000000,107347.10000000,106811.51000000,107300.13000000,775.04704000,1751083199999,82962353.96659240,155293,374.90918000,40137601.28214060,0,2025-06-28T00:00:00.000Z,2025-06-28T03:59:59.999Z
1751083200000,107300.13000000,107496.12000000,107183.29000000,107485.00000000,497.62159000,1751097599999,53417738.58942110,85227,259.47748000,27853139.99546470,0,2025-06-28T04:00:00.000Z,2025-06-28T07:59:59.999Z
1751097600000,107485.01000000,107493.07000000,107252.60000000,107373.39000000,416.29840000,1751111999999,44682783.80348990,76746,171.56470000,18413758.11572170,0,2025-06-28T08:00:00.000Z,2025-06-28T11:59:59.999Z
1751112000000,107373.39000000,107577.75000000,107084.15000000,107449.28000000,714.87392000,1751126399999,76688251.59641100,113989,318.20099000,34145842.33823940,0,2025-06-28T12:00:00.000Z,2025-06-28T15:59:59.999Z
1751126400000,107449.28000000,107542.50000000,107225.74000000,107225.74000000,499.08961000,1751140799999,53589117.24463640,132871,223.67333000,24018743.43555190,0,2025-06-28T16:00:00.000Z,2025-06-28T19:59:59.999Z
1751140800000,107225.74000000,107378.37000000,107154.62000000,107296.79000000,379.24296000,1751155199999,40685145.40256270,89179,166.59391000,17872078.84612130,0,2025-06-28T20:00:00.000Z,2025-06-28T23:59:59.999Z
1751155200000,107296.79000000,107500.00000000,107172.52000000,107210.78000000,534.03453000,1751169599999,57324980.71958970,88458,279.68070000,30024538.57669360,0,2025-06-29T00:00:00.000Z,2025-06-29T03:59:59.999Z
1751169600000,107210.78000000,107402.18000000,107205.82000000,107402.18000000,340.57663000,1751183999999,36547638.85605140,50988,188.95565000,20277232.42996610,0,2025-06-29T04:00:00.000Z,2025-06-29T07:59:59.999Z
1751184000000,107402.17000000,108484.00000000,107402.17000000,108477.11000000,1988.92767000,1751198399999,214801127.19207270,271064,1214.10731000,131119649.29308490,0,2025-06-29T08:00:00.000Z,2025-06-29T11:59:59.999Z
1751198400000,108477.12000000,108528.50000000,107650.00000000,107750.72000000,1320.45894000,1751212799999,142696314.02072630,264125,640.30336000,69199106.81491560,0,2025-06-29T12:00:00.000Z,2025-06-29T15:59:59.999Z
1751212800000,107750.72000000,107792.05000000,107316.46000000,107406.81000000,1188.52950000,1751227199999,127800743.45197740,223755,670.93305000,72143786.44929210,0,2025-06-29T16:00:00.000Z,2025-06-29T19:59:59.999Z
1751227200000,107406.80000000,108436.47000000,107250.00000000,108356.93000000,1459.20913000,1751241599999,157537385.70915090,324812,777.12888000,83888813.52812810,0,2025-06-29T20:00:00.000Z,2025-06-29T23:59:59.999Z
1751241600000,108356.93000000,108789.99000000,108255.81000000,108503.74000000,1564.16827000,1751255999999,169812496.20899300,275475,773.88277000,84020280.36575430,0,2025-06-30T00:00:00.000Z,2025-06-30T03:59:59.999Z
1751256000000,108503.74000000,108538.76000000,107481.31000000,107614.08000000,1581.27553000,1751270399999,170671513.09802890,220883,668.40382000,72107363.73818070,0,2025-06-30T04:00:00.000Z,2025-06-30T07:59:59.999Z
1751270400000,107614.07000000,107964.33000000,107400.00000000,107654.20000000,1242.20442000,1751284799999,133689642.87428850,170564,580.79494000,62511994.26783480,0,2025-06-30T08:00:00.000Z,2025-06-30T11:59:59.999Z
1751284800000,107654.21000000,107858.79000000,106733.33000000,107580.46000000,2980.03437000,1751299199999,319906008.33671370,565229,1260.03921000,135237843.40668340,0,2025-06-30T12:00:00.000Z,2025-06-30T15:59:59.999Z
1751299200000,107580.47000000,107807.94000000,107116.40000000,107745.97000000,1314.82691000,1751313599999,141374468.97170990,326127,620.90681000,66759615.24596640,0,2025-06-30T16:00:00.000Z,2025-06-30T19:59:59.999Z
1751313600000,107745.97000000,107764.73000000,106900.02000000,107146.50000000,1071.61541000,1751327999999,114953022.85532400,215207,427.35375000,45837440.76379260,0,2025-06-30T20:00:00.000Z,2025-06-30T23:59:59.999Z
1751328000000,107146.51000000,107540.00000000,107026.93000000,107192.38000000,973.46000000,1751342399999,104408384.42114990,229316,428.82279000,45990264.39715030,0,2025-07-01T00:00:00.000Z,2025-07-01T03:59:59.999Z
1751342400000,107192.39000000,107203.11000000,106615.97000000,107178.99000000,1267.97836000,1751356799999,135558637.96495430,217668,561.02003000,59977395.89909550,0,2025-07-01T04:00:00.000Z,2025-07-01T07:59:59.999Z
1751356800000,107178.99000000,107178.99000000,106301.86000000,106605.80000000,1434.81634000,1751371199999,152936770.88797680,261927,624.47379000,66554371.16207100,0,2025-07-01T08:00:00.000Z,2025-07-01T11:59:59.999Z
1751371200000,106605.79000000,107179.99000000,105623.39000000,105955.18000000,3974.69567000,1751385599999,422558903.89205950,651087,1777.52682000,189036901.26781550,0,2025-07-01T12:00:00.000Z,2025-07-01T15:59:59.999Z
1751385600000,105955.19000000,106287.95000000,105387.68000000,105398.53000000,1690.90273000,1751399999999,179006382.37400850,401818,732.10060000,77522695.65930550,0,2025-07-01T16:00:00.000Z,2025-07-01T19:59:59.999Z
1751400000000,105398.52000000,106100.00000000,105250.85000000,105681.14000000,1163.77127000,1751414399999,122963866.35248760,251473,524.97324000,55467647.79834070,0,2025-07-01T20:00:00.000Z,2025-07-01T23:59:59.999Z
1751414400000,105681.13000000,106216.08000000,105100.19000000,106194.70000000,1453.64233000,1751428799999,153659545.16799640,278146,660.18040000,69811274.35029630,0,2025-07-02T00:00:00.000Z,2025-07-02T03:59:59.999Z
1751428800000,106194.70000000,107186.78000000,106131.55000000,107080.00000000,1903.51108000,1751443199999,203133552.79175810,227442,931.22914000,99363444.75634150,0,2025-07-02T04:00:00.000Z,2025-07-02T07:59:59.999Z
1751443200000,107080.00000000,107860.23000000,107080.00000000,107479.99000000,2147.68080000,1751457599999,231148508.86028080,251471,984.42993000,105944651.95856320,0,2025-07-02T08:00:00.000Z,2025-07-02T11:59:59.999Z
1751457600000,107479.98000000,108759.20000000,107186.10000000,108737.74000000,3227.14121000,1751471999999,348553235.48541150,567794,1759.59956000,190145339.28820830,0,2025-07-02T12:00:00.000Z,2025-07-02T15:59:59.999Z
1751472000000,108737.75000000,109730.00000000,108650.97000000,109676.14000000,5656.10907000,1751486399999,618402032.26598860,797725,3457.76322000,378067654.66991230,0,2025-07-02T16:00:00.000Z,2025-07-02T19:59:59.999Z
1751486400000,109676.14000000,109676.14000000,108720.00000000,108849.60000000,3303.81143000,1751500799999,360802131.30585430,322130,1455.22804000,158929373.18555360,0,2025-07-02T20:00:00.000Z,2025-07-02T23:59:59.999Z
1751500800000,108849.59000000,109115.03000000,108530.40000000,108628.21000000,1439.99562000,1751515199999,156735199.72887730,291274,704.80511000,76724063.58327510,0,2025-07-03T00:00:00.000Z,2025-07-03T03:59:59.999Z
1751515200000,108628.20000000,109548.00000000,108566.14000000,109280.00000000,1560.58968000,1751529599999,170410389.42009610,253465,827.35439000,90337396.43451380,0,2025-07-03T04:00:00.000Z,2025-07-03T07:59:59.999Z
1751529600000,109279.99000000,110273.21000000,109279.99000000,109599.19000000,3249.54880000,1751543999999,356863247.05121300,398776,2028.27393000,222780401.58549120,0,2025-07-03T08:00:00.000Z,2025-07-03T11:59:59.999Z
1751544000000,109599.18000000,110529.18000000,108749.99000000,109127.84000000,4201.72590000,1751558399999,461047557.45253790,1024223,2152.70217000,236318361.31644960,0,2025-07-03T12:00:00.000Z,2025-07-03T15:59:59.999Z
1751558400000,109127.85000000,109910.10000000,109020.80000000,109803.41000000,1688.44383000,1751572799999,184886197.64769670,409043,898.70790000,98436336.22757060,0,2025-07-03T16:00:00.000Z,2025-07-03T19:59:59.999Z
1751572800000,109803.41000000,110000.00000000,109510.00000000,109584.78000000,906.77842000,1751587199999,99516457.33790510,192163,350.05336000,38425588.76437670,0,2025-07-03T20:00:00.000Z,2025-07-03T23:59:59.999Z
1751587200000,109584.77000000,109767.59000000,109103.71000000,109235.57000000,1002.72236000,1751601599999,109696511.74335660,243872,440.34578000,48177788.83973200,0,2025-07-04T00:00:00.000Z,2025-07-04T03:59:59.999Z
1751601600000,109235.58000000,109329.60000000,108700.00000000,108700.00000000,1609.06105000,1751615999999,175331785.06255710,266587,602.65785000,65679935.08230490,0,2025-07-04T04:00:00.000Z,2025-07-04T07:59:59.999Z
1751616000000,108700.00000000,109111.00000000,108518.83000000,108888.00000000,1086.39121000,1751630399999,118286241.00178680,214025,508.73831000,55389545.45146210,0,2025-07-04T08:00:00.000Z,2025-07-04T11:59:59.999Z
1751630400000,108888.00000000,108978.64000000,107505.00000000,107573.29000000,3616.08946000,1751644799999,390584703.44582930,627971,1611.09807000,174018911.53787120,0,2025-07-04T12:00:00.000Z,2025-07-04T15:59:59.999Z
1751644800000,107573.29000000,107922.50000000,107245.00000000,107469.23000000,3431.70312000,1751659199999,369211260.11692200,450795,1028.28640000,110643824.99617490,0,2025-07-04T16:00:00.000Z,2025-07-04T19:59:59.999Z
1751659200000,107469.22000000,108279.33000000,107440.63000000,107984.24000000,1047.89895000,1751673599999,113104610.29791340,171962,596.67181000,64403221.05921090,0,2025-07-04T20:00:00.000Z,2025-07-04T23:59:59.999Z
1751673600000,107984.25000000,108259.99000000,107756.31000000,108154.72000000,766.63785000,1751687999999,82824719.45822160,146244,436.76307000,47195931.15543050,0,2025-07-05T00:00:00.000Z,2025-07-05T03:59:59.999Z
1751688000000,108154.72000000,108420.56000000,108000.00000000,108053.46000000,660.13042000,1751702399999,71391425.60862050,133005,241.61303000,26133771.68852270,0,2025-07-05T04:00:00.000Z,2025-07-05T07:59:59.999Z
1751702400000,108053.46000000,108219.19000000,107870.42000000,108112.21000000,675.37974000,1751716799999,72993635.39130500,114990,260.45259000,28152891.60560830,0,2025-07-05T08:00:00.000Z,2025-07-05T11:59:59.999Z
1751716800000,108112.20000000,108232.29000000,107971.00000000,108058.00000000,564.47080000,1751731199999,61036349.79563260,115622,287.59907000,31098920.29486070,0,2025-07-05T12:00:00.000Z,2025-07-05T15:59:59.999Z
1751731200000,108058.00000000,108167.23000000,107864.75000000,108141.78000000,586.19610000,1751745599999,63319613.83398290,113054,303.71947000,32807203.42599600,0,2025-07-05T16:00:00.000Z,2025-07-05T19:59:59.999Z
1751745600000,108141.78000000,108250.00000000,107993.39000000,108198.12000000,484.16079000,1751759999999,52362958.10898500,87105,273.53805000,29588089.19288290,0,2025-07-05T20:00:00.000Z,2025-07-05T23:59:59.999Z
1751760000000,108198.12000000,108268.35000000,108025.97000000,108050.49000000,397.25464000,1751774399999,42964165.07796160,76009,193.10968000,20887137.26292700,0,2025-07-06T00:00:00.000Z,2025-07-06T03:59:59.999Z
1751774400000,108050.49000000,108218.00000000,107930.45000000,108040.31000000,497.89684000,1751788799999,53800914.59920560,71517,236.68469000,25576783.94835300,0,2025-07-06T04:00:00.000Z,2025-07-06T07:59:59.999Z
1751788800000,108040.31000000,108111.00000000,107800.01000000,108076.01000000,740.99603000,1751803199999,80007500.67398270,89136,387.09387000,41797315.52804610,0,2025-07-06T08:00:00.000Z,2025-07-06T11:59:59.999Z
1751803200000,108076.00000000,109127.03000000,108045.76000000,108905.99000000,2193.35606000,1751817599999,238471695.56923850,349421,1061.54877000,115402701.66511220,0,2025-07-06T12:00:00.000Z,2025-07-06T15:59:59.999Z
1751817600000,108906.00000000,108966.62000000,108266.67000000,108538.46000000,922.00834000,1751831999999,100170930.28655010,217171,482.49821000,52423824.88145070,0,2025-07-06T16:00:00.000Z,2025-07-06T19:59:59.999Z
1751832000000,108538.45000000,109700.00000000,108536.86000000,109203.84000000,1696.09509000,1751846399999,185318093.30428140,453337,848.42380000,92692880.94728500,0,2025-07-06T20:00:00.000Z,2025-07-06T23:59:59.999Z
1751846400000,109203.85000000,109700.00000000,108679.75000000,109389.47000000,1313.66179000,1751860799999,143512006.16837440,302304,663.10006000,72450310.89074110,0,2025-07-07T00:00:00.000Z,2025-07-07T03:59:59.999Z
1751860800000,109389.46000000,109447.54000000,108654.94000000,109061.08000000,1068.89272000,1751875199999,116530792.49793170,171343,553.67363000,60349971.39399490,0,2025-07-07T04:00:00.000Z,2025-07-07T07:59:59.999Z
1751875200000,109061.07000000,109087.86000000,108572.52000000,108642.01000000,1793.43934000,1751889599999,195094169.81579340,215319,613.55730000,66755976.94983230,0,2025-07-07T08:00:00.000Z,2025-07-07T11:59:59.999Z
1751889600000,108642.01000000,108660.00000000,107970.00000000,108292.59000000,2516.39623000,1751903999999,272627274.04857640,542533,917.70866000,99403939.95983690,0,2025-07-07T12:00:00.000Z,2025-07-07T15:59:59.999Z
1751904000000,108292.59000000,108493.56000000,107513.20000000,108056.68000000,1826.11433000,1751918399999,197272803.91452030,527560,744.57614000,80438510.10014240,0,2025-07-07T16:00:00.000Z,2025-07-07T19:59:59.999Z
1751918400000,108056.67000000,108300.00000000,107800.01000000,108262.94000000,886.87160000,1751932799999,95811269.60850800,202881,428.30650000,46265392.50769110,0,2025-07-07T20:00:00.000Z,2025-07-07T23:59:59.999Z
1751932800000,108262.94000000,108525.00000000,107429.57000000,107901.52000000,2011.55999000,1751947199999,217015425.04383970,367410,761.90914000,82256206.37431040,0,2025-07-08T00:00:00.000Z,2025-07-08T03:59:59.999Z
1751947200000,107901.52000000,108499.00000000,107750.00000000,108484.61000000,1010.06569000,1751961599999,109318428.74606850,178868,501.95486000,54335837.79258970,0,2025-07-08T04:00:00.000Z,2025-07-08T07:59:59.999Z
1751961600000,108484.61000000,109005.00000000,108229.15000000,108756.37000000,1314.23794000,1751975999999,142839081.78838140,198105,618.57998000,67221448.14679980,0,2025-07-08T08:00:00.000Z,2025-07-08T11:59:59.999Z
1751976000000,108756.37000000,109216.56000000,108217.07000000,108268.35000000,1848.45054000,1751990399999,200911170.20029170,435650,927.66571000,100833301.18690410,0,2025-07-08T12:00:00.000Z,2025-07-08T15:59:59.999Z
1751990400000,108268.35000000,109147.56000000,108096.55000000,108771.88000000,2426.90745000,1752004799999,264207724.56502270,402396,1265.25230000,137752289.71688520,0,2025-07-08T16:00:00.000Z,2025-07-08T19:59:59.999Z
1752004800000,108771.87000000,108974.00000000,108624.00000000,108922.98000000,604.79919000,1752019199999,65820983.09629030,140815,296.62667000,32275275.78000070,0,2025-07-08T20:00:00.000Z,2025-07-08T23:59:59.999Z
1752019200000,108922.99000000,109136.00000000,108348.00000000,108376.41000000,994.80226000,1752033599999,108129357.01247230,179569,416.09357000,45234379.17678870,0,2025-07-09T00:00:00.000Z,2025-07-09T03:59:59.999Z
1752033600000,108376.41000000,108942.20000000,108324.53000000,108714.39000000,1001.59915000,1752047999999,108855052.31462690,175567,481.06080000,52272153.53616620,0,2025-07-09T04:00:00.000Z,2025-07-09T07:59:59.999Z
1752048000000,108714.39000000,109117.00000000,108553.18000000,109058.27000000,1275.99616000,1752062399999,138906971.65909840,161421,739.47097000,80490998.73564210,0,2025-07-09T08:00:00.000Z,2025-07-09T11:59:59.999Z
1752062400000,109058.27000000,109769.39000000,108503.00000000,109071.32000000,4108.39131000,1752076799999,448787915.99688690,585403,2058.33347000,224870102.05839090,0,2025-07-09T12:00:00.000Z,2025-07-09T15:59:59.999Z
1752076800000,109071.32000000,111999.79000000,109047.49000000,111750.00000000,6338.57455000,1752091199999,701110536.73209270,620663,3647.11819000,403300993.20691140,0,2025-07-09T16:00:00.000Z,2025-07-09T19:59:59.999Z
1752091200000,111749.99000000,111952.33000000,110559.40000000,111233.99000000,3562.92307000,1752105599999,396264910.47974680,605861,1593.62627000,177236882.03431450,0,2025-07-09T20:00:00.000Z,2025-07-09T23:59:59.999Z
1752105600000,111234.00000000,111581.00000000,110880.00000000,111074.51000000,1687.73466000,1752119999999,187676577.26531820,251716,853.18602000,94893770.16617240,0,2025-07-10T00:00:00.000Z,2025-07-10T03:59:59.999Z
1752120000000,111074.52000000,111432.46000000,110898.00000000,111230.00000000,1667.11413000,1752134399999,185317856.66679290,229139,735.43928000,81742525.27866190,0,2025-07-10T04:00:00.000Z,2025-07-10T07:59:59.999Z
1752134400000,111229.99000000,111398.96000000,110870.33000000,111019.99000000,1407.79297000,1752148799999,156429497.48280120,214415,644.67007000,71629181.21056960,0,2025-07-10T08:00:00.000Z,2025-07-10T11:59:59.999Z
1752148800000,111019.99000000,111408.41000000,110500.00000000,111408.40000000,2221.21737000,1752163199999,246563312.58575770,514879,1127.41131000,125154727.06342010,0,2025-07-10T12:00:00.000Z,2025-07-10T15:59:59.999Z
1752163200000,111408.40000000,113788.23000000,111322.32000000,113301.81000000,7461.03769100,1752177599999,842928067.82746394,888088,3928.98803300,443669386.05900934,0,2025-07-10T16:00:00.000Z,2025-07-10T19:59:59.999Z
1752177600000,113301.80000000,116868.00000000,113270.98000000,116010.00000000,10438.55384400,1752191999999,1207544968.61708940,1128780,5610.44075400,648687871.16324220,0,2025-07-10T20:00:00.000Z,2025-07-10T23:59:59.999Z
1752192000000,116010.01000000,116950.00000000,115222.22000000,116881.70000000,4456.67130100,1752206399999,517817095.40634845,584612,2592.16106100,301442246.88402145,0,2025-07-11T00:00:00.000Z,2025-07-11T03:59:59.999Z
1752206400000,116881.69000000,118404.22000000,116500.00000000,117526.88000000,7940.17337700,1752220799999,934425772.36826580,787849,3388.03749700,398590902.56364330,0,2025-07-11T04:00:00.000Z,2025-07-11T07:59:59.999Z
1752220800000,117526.88000000,118869.98000000,117526.88000000,117821.91000000,4664.06161000,1752235199999,550913325.52769840,524926,2223.75605000,262692364.35092250,0,2025-07-11T08:00:00.000Z,2025-07-11T11:59:59.999Z
1752235200000,117821.91000000,118259.24000000,116724.66000000,116902.59000000,4711.37408000,1752249599999,554423293.01593530,892240,2300.18312000,270759297.62945270,0,2025-07-11T12:00:00.000Z,2025-07-11T15:59:59.999Z
1752249600000,116902.58000000,118138.75000000,116604.87000000,118108.81000000,2754.72647000,1752263999999,323551279.15334210,544319,1405.70872000,165127567.07996550,0,2025-07-11T16:00:00.000Z,2025-07-11T19:59:59.999Z
1752264000000,118108.81000000,118108.81000000,117146.80000000,117527.66000000,1346.51431000,1752278399999,158391037.55565680,374248,593.08472000,69761955.44220690,0,2025-07-11T20:00:00.000Z,2025-07-11T23:59:59.999Z
1752278400000,117527.66000000,117847.66000000,117141.13000000,117774.42000000,1268.81982000,1752292799999,149190585.41903350,209393,618.48719000,72734857.69278360,0,2025-07-12T00:00:00.000Z,2025-07-12T03:59:59.999Z
1752292800000,117774.42000000,118054.79000000,117506.37000000,117731.99000000,1157.69575000,1752307199999,136356402.49260150,227920,523.17447000,61620095.99364700,0,2025-07-12T04:00:00.000Z,2025-07-12T07:59:59.999Z
1752307200000,117731.99000000,118200.00000000,117625.00000000,117810.00000000,1459.36466000,1752321599999,172133723.12861370,228003,632.04924000,74551651.85845790,0,2025-07-12T08:00:00.000Z,2025-07-12T11:59:59.999Z
1752321600000,117810.00000000,117861.19000000,116900.05000000,117100.01000000,2887.39027000,1752335999999,338989098.57959790,435095,1266.09087000,148672593.00694590,0,2025-07-12T12:00:00.000Z,2025-07-12T15:59:59.999Z
1752336000000,117100.00000000,117639.98000000,117045.86000000,117550.96000000,961.54328000,1752350399999,112885629.85420090,173387,422.75466000,49626641.38910800,0,2025-07-12T16:00:00.000Z,2025-07-12T19:59:59.999Z
1752350400000,117550.96000000,117563.75000000,117000.01000000,117420.00000000,711.79059000,1752364799999,83537913.93284290,168053,321.99576000,37790200.96503630,0,2025-07-12T20:00:00.000Z,2025-07-12T23:59:59.999Z
1752364800000,117420.00000000,117824.76000000,117224.79000000,117753.60000000,696.41148000,1752379199999,81839856.56308580,163715,344.93436000,40532868.04905540,0,2025-07-13T00:00:00.000Z,2025-07-13T03:59:59.999Z
1752379200000,117753.59000000,118054.79000000,117684.22000000,117999.00000000,867.97982000,1752393599999,102320232.37008670,117669,454.32543000,53564391.79262230,0,2025-07-13T04:00:00.000Z,2025-07-13T07:59:59.999Z
1752393600000,117998.99000000,118086.66000000,117689.63000000,118072.01000000,685.44893000,1752407999999,80800840.38643510,117587,334.25137000,39404685.56642250,0,2025-07-13T08:00:00.000Z,2025-07-13T11:59:59.999Z
1752408000000,118072.01000000,119376.00000000,117989.53000000,118672.24000000,3891.10431700,1752422399999,461985764.25957539,559913,2044.40768700,242755258.29286870,0,2025-07-13T12:00:00.000Z,2025-07-13T15:59:59.999Z
1752422400000,118672.23000000,119488.00000000,118382.56000000,118961.08000000,1749.40157000,1752436799999,207998810.90343780,328666,839.18767000,99793969.58379440,0,2025-07-13T16:00:00.000Z,2025-07-13T19:59:59.999Z
1752436800000,118961.09000000,119367.37000000,118243.68000000,119086.64000000,1660.44683000,1752451199999,197151352.52907080,362733,749.36779000,88973216.08762860,0,2025-07-13T20:00:00.000Z,2025-07-13T23:59:59.999Z
1752451200000,119086.65000000,121492.48000000,118905.18000000,120750.24000000,5418.53288600,1752465599999,651037132.71958980,692269,3363.42548600,404127178.56883350,0,2025-07-14T00:00:00.000Z,2025-07-14T03:59:59.999Z
1752465600000,120750.25000000,123218.00000000,120557.63000000,122736.04000000,6981.80022100,1752479999999,852109362.63775040,866474,3455.90310100,421830718.69687720,0,2025-07-14T04:00:00.000Z,2025-07-14T07:59:59.999Z
1752480000000,122736.04000000,122769.19000000,121355.55000000,121467.24000000,3279.33527000,1752494399999,400232242.22611610,503688,1482.12699000,180856114.83096960,0,2025-07-14T08:00:00.000Z,2025-07-14T11:59:59.999Z
1752494400000,121467.23000000,122120.00000000,119611.70000000,119878.23000000,6047.71252000,1752508799999,731816396.46387810,1066083,2835.01951000,343394817.52710690,0,2025-07-14T12:00:00.000Z,2025-07-14T15:59:59.999Z
1752508800000,119878.22000000,120526.03000000,119202.00000000,119939.41000000,4127.24496000,1752523199999,494761697.05182450,655701,2234.39394000,267831194.50973050,0,2025-07-14T16:00:00.000Z,2025-07-14T19:59:59.999Z
1752523200000,119939.42000000,120447.00000000,119522.72000000,119841.18000000,1414.72302000,1752537599999,169789349.97791450,291918,728.71172000,87465268.53120650,0,2025-07-14T20:00:00.000Z,2025-07-14T23:59:59.999Z
1752537600000,119841.17000000,119940.83000000,116840.01000000,117148.47000000,6623.40172000,1752551999999,783226916.45577870,874968,2909.62982000,344104984.51740380,0,2025-07-15T00:00:00.000Z,2025-07-15T03:59:59.999Z
1752552000000,117148.46000000,117765.40000000,116250.00000000,116779.12000000,5478.80575000,1752566399999,641355228.45018590,573273,2606.60779000,305212138.22520460,0,2025-07-15T04:00:00.000Z,2025-07-15T07:59:59.999Z
1752566400000,116779.13000000,117224.08000000,116300.00000000,117113.98000000,3612.34292000,1752580799999,422113509.94886870,364506,1891.80304000,221076991.91705750,0,2025-07-15T08:00:00.000Z,2025-07-15T11:59:59.999Z
1752580800000,117113.98000000,118490.71000000,115736.92000000,116391.43000000,8662.27705000,1752595199999,1013941396.81057640,1024457,4292.60749000,502708568.28735550,0,2025-07-15T12:00:00.000Z,2025-07-15T15:59:59.999Z
1752595200000,116391.43000000,117800.60000000,116019.05000000,116416.07000000,5395.39361000,1752609599999,631363247.88108890,657429,2647.41249000,309819865.56343160,0,2025-07-15T16:00:00.000Z,2025-07-15T19:59:59.999Z
1752609600000,116416.07000000,117972.86000000,116192.27000000,117758.09000000,2246.23978000,1752623999999,263258146.00677310,310741,1319.24445000,154655976.41341180,0,2025-07-15T20:00:00.000Z,2025-07-15T23:59:59.999Z
1752624000000,117758.08000000,118195.00000000,117017.29000000,117482.67000000,2060.70862000,1752638399999,242327967.01613220,313454,1088.31117000,127999499.09573860,0,2025-07-16T00:00:00.000Z,2025-07-16T03:59:59.999Z
1752638400000,117482.67000000,118300.00000000,117275.63000000,118189.25000000,1653.72862000,1752652799999,195026454.86122770,221969,835.49480000,98514735.99500100,0,2025-07-16T04:00:00.000Z,2025-07-16T07:59:59.999Z
1752652800000,118189.24000000,119310.75000000,118113.82000000,118769.06000000,2658.37376000,1752667199999,315801512.91012080,289446,1365.83595000,162230883.94535070,0,2025-07-16T08:00:00.000Z,2025-07-16T11:59:59.999Z
1752667200000,118769.06000000,119794.80000000,118181.14000000,119095.76000000,4851.16642000,1752681599999,576765577.03095750,803777,2197.79751000,261305746.87981340,0,2025-07-16T12:00:00.000Z,2025-07-16T15:59:59.999Z
1752681600000,119095.76000000,119904.13000000,118471.38000000,119230.16000000,2877.33424000,1752695999999,343157215.33891100,482305,1507.48779000,179817665.72969280,0,2025-07-16T16:00:00.000Z,2025-07-16T19:59:59.999Z
1752696000000,119230.16000000,120063.84000000,118420.00000000,118630.43000000,2938.59685000,1752710399999,350771656.56613810,318674,1361.04159000,162562439.72199380,0,2025-07-16T20:00:00.000Z,2025-07-16T23:59:59.999Z
1752710400000,118630.44000000,119158.28000000,117683.53000000,118128.80000000,2234.06203000,1752724799999,264299834.05314440,393078,1018.31516000,120468752.66279620,0,2025-07-17T00:00:00.000Z,2025-07-17T03:59:59.999Z
1752724800000,118128.80000000,118772.00000000,117857.03000000,118311.75000000,2080.63383000,1752739199999,246240844.72819140,284727,987.64960000,116904133.54169890,0,2025-07-17T04:00:00.000Z,2025-07-17T07:59:59.999Z
1752739200000,118311.75000000,119192.00000000,117974.99000000,117995.00000000,2041.88316000,1752753599999,241920625.35006650,320017,939.75934000,111363307.61370250,0,2025-07-17T08:00:00.000Z,2025-07-17T11:59:59.999Z
1752753600000,117995.00000000,119073.46000000,117453.57000000,118881.99000000,3175.79483000,1752767999999,375250071.44492860,478861,1643.04948000,194108780.78937470,0,2025-07-17T12:00:00.000Z,2025-07-17T15:59:59.999Z
1752768000000,118881.99000000,119880.13000000,118333.60000000,118959.66000000,2433.94045000,1752782399999,290063401.19462050,332236,1230.08260000,146594696.94043910,0,2025-07-17T16:00:00.000Z,2025-07-17T19:59:59.999Z
1752782400000,118959.66000000,120998.71000000,118383.97000000,119177.56000000,3762.26221000,1752796799999,451339578.35221290,539066,1877.32309000,225219536.02641640,0,2025-07-17T20:00:00.000Z,2025-07-17T23:59:59.999Z
1752796800000,119177.56000000,120785.49000000,119020.48000000,120223.09000000,2672.86935000,1752811199999,320929647.66417850,476279,1293.73414000,155336175.70892390,0,2025-07-18T00:00:00.000Z,2025-07-18T03:59:59.999Z
1752811200000,120223.08000000,120820.71000000,119287.72000000,119339.51000000,3649.17934000,1752825599999,438348974.83380560,440420,1546.94832000,185879918.73548840,0,2025-07-18T04:00:00.000Z,2025-07-18T07:59:59.999Z
1752825600000,119339.51000000,119469.21000000,118395.00000000,119171.34000000,3814.49483000,1752839999999,453518238.51943080,431697,1656.20451000,196890589.16283170,0,2025-07-18T08:00:00.000Z,2025-07-18T11:59:59.999Z
1752840000000,119171.35000000,119531.48000000,117315.69000000,117860.25000000,5020.77844000,1752854399999,594249403.09519530,671877,2313.38827000,273962356.06158550,0,2025-07-18T12:00:00.000Z,2025-07-18T15:59:59.999Z
1752854400000,117860.24000000,118054.92000000,117120.53000000,117374.76000000,2564.58563000,1752868799999,301567308.64915220,455524,1104.71325000,129929300.07305160,0,2025-07-18T16:00:00.000Z,2025-07-18T19:59:59.999Z
1752868800000,117374.75000000,118021.62000000,116812.76000000,117924.84000000,2202.75507000,1752883199999,258741945.70854550,329439,1036.39014000,121783717.73668150,0,2025-07-18T20:00:00.000Z,2025-07-18T23:59:59.999Z
1752883200000,117924.84000000,118371.42000000,117613.35000000,118322.54000000,1323.00452000,1752897599999,156191669.09037470,221012,591.90911000,69886042.58821790,0,2025-07-19T00:00:00.000Z,2025-07-19T03:59:59.999Z
1752897600000,118322.53000000,118364.00000000,118044.19000000,118163.06000000,828.72543000,1752911999999,97952430.20429080,142057,421.79748000,49850110.14075160,0,2025-07-19T04:00:00.000Z,2025-07-19T07:59:59.999Z
1752912000000,118163.07000000,118499.90000000,117943.25000000,118327.06000000,1123.42732000,1752926399999,132876627.02304460,159063,537.06846000,63536777.88626490,0,2025-07-19T08:00:00.000Z,2025-07-19T11:59:59.999Z
1752926400000,118327.05000000,118327.06000000,117627.71000000,118058.11000000,1656.66730000,1752940799999,195570823.89870700,240118,685.45418000,80917114.49793430,0,2025-07-19T12:00:00.000Z,2025-07-19T15:59:59.999Z
1752940800000,118058.10000000,118161.51000000,117605.26000000,118007.88000000,780.27633000,1752955199999,92001612.07539650,172263,339.14349000,39992479.58631790,0,2025-07-19T16:00:00.000Z,2025-07-19T19:59:59.999Z
1752955200000,118007.88000000,118141.00000000,117277.34000000,117840.00000000,923.70216000,1752969599999,108734736.20515600,198869,403.01048000,47443859.35080370,0,2025-07-19T20:00:00.000Z,2025-07-19T23:59:59.999Z
1752969600000,117840.01000000,118165.38000000,117650.00000000,117958.01000000,1216.03617000,1752983999999,143416026.28468390,201023,571.77170000,67436785.49268320,0,2025-07-20T00:00:00.000Z,2025-07-20T03:59:59.999Z
1752984000000,117958.00000000,118218.00000000,117760.67000000,118029.49000000,940.72723000,1752998399999,110956961.81347520,121825,466.49588000,55029163.59603270,0,2025-07-20T04:00:00.000Z,2025-07-20T07:59:59.999Z
1752998400000,118029.49000000,118277.17000000,117819.88000000,117878.46000000,1800.28230000,1753012799999,212528108.11990910,178466,862.69717000,101839447.39237580,0,2025-07-20T08:00:00.000Z,2025-07-20T11:59:59.999Z
1753012800000,117878.46000000,118799.80000000,117723.23000000,118671.11000000,3280.10469000,1753027199999,387792638.72320070,333805,1812.31454000,214303459.00022420,0,2025-07-20T12:00:00.000Z,2025-07-20T15:59:59.999Z
1753027200000,118671.12000000,118856.80000000,117960.00000000,118155.01000000,2119.12806000,1753041599999,250843704.65925590,294012,1206.32020000,142778040.30165680,0,2025-07-20T16:00:00.000Z,2025-07-20T19:59:59.999Z
1753041600000,118155.00000000,118263.00000000,116467.02000000,117265.12000000,3606.65044000,1753055999999,423327244.21555720,486804,1661.73422000,195070567.19885270,0,2025-07-20T20:00:00.000Z,2025-07-20T23:59:59.999Z
1753056000000,117265.11000000,118614.70000000,116515.00000000,118404.00000000,2794.62163000,1753070399999,328680140.23903040,445960,1274.97945000,149941878.14901270,0,2025-07-21T00:00:00.000Z,2025-07-21T03:59:59.999Z
1753070400000,118404.01000000,119676.73000000,118188.95000000,119362.67000000,2783.66639000,1753084799999,330931753.07277320,308494,1429.53030000,169894705.32448870,0,2025-07-21T04:00:00.000Z,2025-07-21T07:59:59.999Z
1753084800000,119364.18000000,119500.00000000,118070.16000000,118070.17000000,2511.88984000,1753099199999,298295891.03517740,304887,1209.85672000,143652888.60334130,0,2025-07-21T08:00:00.000Z,2025-07-21T11:59:59.999Z
1753099200000,118070.17000000,119233.71000000,117778.70000000,118313.16000000,3505.38294000,1753113599999,415708127.08311220,596880,1592.60231000,188791184.57870000,0,2025-07-21T12:00:00.000Z,2025-07-21T15:59:59.999Z
1753113600000,118313.16000000,118399.10000000,116666.00000000,116767.67000000,3816.98929000,1753127999999,448592450.75134980,589071,1952.48192000,229548894.51914090,0,2025-07-21T16:00:00.000Z,2025-07-21T19:59:59.999Z
1753128000000,116767.67000000,117633.66000000,116656.88000000,117380.36000000,1694.78119000,1753142399999,198574904.78192190,264251,966.86742000,113287690.49322580,0,2025-07-21T20:00:00.000Z,2025-07-21T23:59:59.999Z
1753142400000,117380.36000000,117950.00000000,116128.00000000,117210.00000000,3707.46413000,1753156799999,434283334.52935230,518326,1659.92611000,194464129.88163510,0,2025-07-22T00:00:00.000Z,2025-07-22T03:59:59.999Z
1753156800000,117210.00000000,118594.55000000,116552.18000000,117983.68000000,4279.84175000,1753171199999,503272541.91065420,478336,2449.44017000,288099364.10723740,0,2025-07-22T04:00:00.000Z,2025-07-22T07:59:59.999Z
1753171200000,117983.69000000,119188.30000000,117488.19000000,119154.99000000,3376.79135000,1753185599999,399923323.45088550,421770,1677.73342000,198740860.37965970,0,2025-07-22T08:00:00.000Z,2025-07-22T11:59:59.999Z
1753185600000,119154.99000000,119573.53000000,117550.00000000,118912.04000000,4597.23931000,1753199999999,546381636.16437150,662205,2219.70659000,263942435.04558780,0,2025-07-22T12:00:00.000Z,2025-07-22T15:59:59.999Z
1753200000000,118912.04000000,120183.96000000,118368.19000000,119282.10000000,3067.62854000,1753214399999,366136746.14849940,480155,1658.33367000,198022960.26844010,0,2025-07-22T16:00:00.000Z,2025-07-22T19:59:59.999Z
1753214400000,119282.11000000,120247.80000000,119203.20000000,119954.42000000,1930.16465000,1753228799999,231255181.44814770,217941,1146.31511000,137357464.94596230,0,2025-07-22T20:00:00.000Z,2025-07-22T23:59:59.999Z
1753228800000,119954.43000000,120090.00000000,118532.96000000,118614.17000000,2068.11927000,1753243199999,246670807.77752390,286430,983.43945000,117270405.44093250,0,2025-07-23T00:00:00.000Z,2025-07-23T03:59:59.999Z
1753243200000,118614.16000000,119006.05000000,118288.20000000,118350.35000000,1564.23355000,1753257599999,185581289.52336360,210026,740.28735000,87849403.83660910,0,2025-07-23T04:00:00.000Z,2025-07-23T07:59:59.999Z
1753257600000,118350.35000000,118619.79000000,117844.24000000,118538.46000000,1801.10341000,1753271999999,212956680.73594660,236080,840.04900000,99324819.02439240,0,2025-07-23T08:00:00.000Z,2025-07-23T11:59:59.999Z
1753272000000,118538.46000000,118708.24000000,117301.00000000,118567.39000000,4037.18842000,1753286399999,476107489.33420590,536893,1963.83915000,231631118.61981500,0,2025-07-23T12:00:00.000Z,2025-07-23T15:59:59.999Z
1753286400000,118567.39000000,118567.39000000,117331.63000000,118393.64000000,2651.82367000,1753300799999,312834285.25425980,465671,1269.23393000,149689458.95615790,0,2025-07-23T16:00:00.000Z,2025-07-23T19:59:59.999Z
1753300800000,118393.64000000,118756.00000000,117381.80000000,118755.99000000,2436.28251000,1753315199999,287976434.26136120,366304,1273.23813000,150501122.86677620,0,2025-07-23T20:00:00.000Z,2025-07-23T23:59:59.999Z
1753315200000,118756.00000000,119273.36000000,118466.71000000,118488.92000000,1878.28334000,1753329599999,223390146.97679550,262145,894.14417000,106359236.44299100,0,2025-07-24T00:00:00.000Z,2025-07-24T03:59:59.999Z
1753329600000,118488.92000000,118610.25000000,117103.10000000,118416.21000000,3786.93245000,1753343999999,446192759.36418650,463426,1886.33429000,222254409.89141130,0,2025-07-24T04:00:00.000Z,2025-07-24T07:59:59.999Z
1753344000000,118416.21000000,118814.47000000,117955.59000000,118600.00000000,2404.15809000,1753358399999,284956988.24205380,285251,1111.38254000,131716453.37183720,0,2025-07-24T08:00:00.000Z,2025-07-24T11:59:59.999Z
1753358400000,118600.00000000,119450.00000000,117832.32000000,119092.65000000,4139.29216000,1753372799999,491283511.04943310,499364,2136.93193000,253568859.68704480,0,2025-07-24T12:00:00.000Z,2025-07-24T15:59:59.999Z
1753372800000,119092.65000000,119395.81000000,118350.00000000,118943.42000000,2166.82662000,1753387199999,257751716.26355190,361734,906.57801000,107858838.68242440,0,2025-07-24T16:00:00.000Z,2025-07-24T19:59:59.999Z
1753387200000,118943.42000000,119010.64000000,118166.94000000,118340.99000000,1431.39777000,1753401599999,169606531.30578660,209515,716.36898000,84861286.52788440,0,2025-07-24T20:00:00.000Z,2025-07-24T23:59:59.999Z
1753401600000,118340.98000000,118451.57000000,115330.86000000,115419.66000000,11127.20493000,1753415999999,1298474353.40452260,739701,4416.98646000,515362738.63692700,0,2025-07-25T00:00:00.000Z,2025-07-25T03:59:59.999Z
1753416000000,115419.65000000,116144.63000000,114723.16000000,115320.01000000,8835.25163000,1753430399999,1019700087.71836450,741259,3725.58838000,430086009.36972880,0,2025-07-25T04:00:00.000Z,2025-07-25T07:59:59.999Z
1753430400000,115320.01000000,116782.13000000,115008.85000000,116543.58000000,7216.21136000,1753444799999,834883190.78143950,579645,3316.92189000,384050717.08869570,0,2025-07-25T08:00:00.000Z,2025-07-25T11:59:59.999Z
1753444800000,116543.59000000,116656.99000000,114908.00000000,115727.08000000,6361.79335000,1753459199999,736297597.76443080,692851,3050.58270000,353139174.23870190,0,2025-07-25T12:00:00.000Z,2025-07-25T15:59:59.999Z
1753459200000,115727.07000000,116997.21000000,115455.46000000,116688.60000000,3089.40882000,1753473599999,359266206.92258350,354424,1718.99538000,199877953.97637480,0,2025-07-25T16:00:00.000Z,2025-07-25T19:59:59.999Z
1753473600000,116688.60000000,117630.00000000,116578.02000000,117614.31000000,1776.47864000,1753487999999,208157350.02915320,174475,813.69874000,95357127.58604420,0,2025-07-25T20:00:00.000Z,2025-07-25T23:59:59.999Z
1753488000000,117614.31000000,117750.00000000,117138.38000000,117489.62000000,1222.24277000,1753502399999,143573522.92391580,170152,479.80654000,56369943.71460950,0,2025-07-26T00:00:00.000Z,2025-07-26T03:59:59.999Z
1753502400000,117489.61000000,117547.92000000,117304.46000000,117304.47000000,1006.48005000,1753516799999,118156813.37364540,92424,333.54040000,39159929.85089870,0,2025-07-26T04:00:00.000Z,2025-07-26T07:59:59.999Z
1753516800000,117304.47000000,118217.45000000,117304.46000000,117776.11000000,1549.30958000,1753531199999,182516444.84357960,153476,858.09409000,101082519.25000320,0,2025-07-26T08:00:00.000Z,2025-07-26T11:59:59.999Z
1753531200000,117776.10000000,118220.00000000,117772.13000000,118130.10000000,1303.59734000,1753545599999,153859195.95728980,155222,596.95661000,70460231.21172900,0,2025-07-26T12:00:00.000Z,2025-07-26T15:59:59.999Z
1753545600000,118130.10000000,118297.35000000,117941.96000000,118232.11000000,1051.39337000,1753559999999,124173515.19992870,110349,556.03714000,65676327.54099610,0,2025-07-26T16:00:00.000Z,2025-07-26T19:59:59.999Z
1753560000000,118232.11000000,118276.66000000,117883.86000000,117919.99000000,858.64895000,1753574399999,101349587.45095100,108749,343.44877000,40541358.64819870,0,2025-07-26T20:00:00.000Z,2025-07-26T23:59:59.999Z
1753574400000,117919.99000000,118358.18000000,117825.50000000,118182.83000000,1007.50696000,1753588799999,119027557.08593030,112389,575.64347000,68009812.95415000,0,2025-07-27T00:00:00.000Z,2025-07-27T03:59:59.999Z
1753588800000,118182.83000000,118438.83000000,118066.74000000,118095.95000000,808.21213000,1753603199999,95561585.86911340,104278,390.89967000,46221367.12602860,0,2025-07-27T04:00:00.000Z,2025-07-27T07:59:59.999Z
1753603200000,118095.95000000,118292.86000000,117859.98000000,118072.71000000,835.96960000,1753617599999,98708410.16136550,120595,388.89313000,45917656.82305550,0,2025-07-27T08:00:00.000Z,2025-07-27T11:59:59.999Z
1753617600000,118072.71000000,118588.00000000,117890.00000000,118585.74000000,1586.05165000,1753631999999,187626934.03330280,182821,894.22688000,105793419.62169720,0,2025-07-27T12:00:00.000Z,2025-07-27T15:59:59.999Z
1753632000000,118585.75000000,119540.01000000,118585.75000000,118960.00000000,3418.37234000,1753646399999,407360766.69086950,354026,2213.46507000,263777127.92719770,0,2025-07-27T16:00:00.000Z,2025-07-27T19:59:59.999Z
1753646400000,118960.01000000,119766.65000000,118713.74000000,119415.55000000,1672.19651000,1753660799999,199598288.32021670,220971,775.17536000,92542176.79859870,0,2025-07-27T20:00:00.000Z,2025-07-27T23:59:59.999Z
1753660800000,119415.56000000,119800.00000000,118960.50000000,119287.99000000,1824.53168000,1753675199999,217797781.98470390,289119,835.00751000,99693864.72561300,0,2025-07-28T00:00:00.000Z,2025-07-28T03:59:59.999Z
1753675200000,119287.99000000,119701.07000000,118774.31000000,118900.00000000,2360.06220000,1753689599999,281402696.38436020,233844,1325.92556000,158105257.64512300,0,2025-07-28T04:00:00.000Z,2025-07-28T07:59:59.999Z
1753689600000,118900.01000000,119102.69000000,118475.47000000,118827.49000000,2060.18220000,1753703999999,244734013.26132420,212608,1199.17319000,142442771.81538390,0,2025-07-28T08:00:00.000Z,2025-07-28T11:59:59.999Z
1753704000000,118827.49000000,119093.68000000,117895.73000000,118174.90000000,3792.61028000,1753718399999,449216545.14388690,519386,1973.63361000,233868099.64591840,0,2025-07-28T12:00:00.000Z,2025-07-28T15:59:59.999Z
1753718400000,118174.89000000,118376.61000000,117427.50000000,118068.73000000,2575.55527000,1753732799999,303595815.91548300,339420,1162.08076000,137000465.18141000,0,2025-07-28T16:00:00.000Z,2025-07-28T19:59:59.999Z
1753732800000,118068.73000000,118350.01000000,117500.09000000,118062.32000000,1348.80591000,1753747199999,159135383.20675980,230400,729.09711000,86017895.20996050,0,2025-07-28T20:00:00.000Z,2025-07-28T23:59:59.999Z
1753747200000,118062.32000000,118800.00000000,117450.00000000,118764.85000000,2242.87768000,1753761599999,264931696.50738920,338133,1064.89944000,125786428.91931720,0,2025-07-29T00:00:00.000Z,2025-07-29T03:59:59.999Z
1753761600000,118764.85000000,119273.36000000,118416.66000000,118882.37000000,2579.99271000,1753775999999,306618607.48295110,246815,1366.61947000,162425984.93775510,0,2025-07-29T04:00:00.000Z,2025-07-29T07:59:59.999Z
1753776000000,118882.37000000,119051.00000000,118160.87000000,118592.38000000,1962.95351000,1753790399999,232866007.20018230,254130,1149.33314000,136328523.16735520,0,2025-07-29T08:00:00.000Z,2025-07-29T11:59:59.999Z
1753790400000,118592.38000000,119080.81000000,117272.00000000,117400.01000000,4173.95638000,1753804799999,493253408.48979560,537143,2136.27132000,252608273.25779040,0,2025-07-29T12:00:00.000Z,2025-07-29T15:59:59.999Z
1753804800000,117400.02000000,118057.05000000,116950.75000000,117525.29000000,2441.06334000,1753819199999,286940381.00647480,348254,1310.73632000,154102943.12500350,0,2025-07-29T16:00:00.000Z,2025-07-29T19:59:59.999Z
1753819200000,117525.28000000,118000.00000000,117094.96000000,117950.76000000,1737.09083000,1753833599999,204071982.99885330,232219,961.07767000,112910646.66736600,0,2025-07-29T20:00:00.000Z,2025-07-29T23:59:59.999Z
1753833600000,117950.75000000,118250.00000000,117412.53000000,118161.87000000,1226.38506000,1753847999999,144627350.19250080,204212,577.29595000,68094460.43263800,0,2025-07-30T00:00:00.000Z,2025-07-30T03:59:59.999Z
1753848000000,118161.86000000,118412.11000000,117667.33000000,118123.01000000,1232.08963000,1753862399999,145539686.03839050,163007,584.57123000,69050731.03533750,0,2025-07-30T04:00:00.000Z,2025-07-30T07:59:59.999Z
1753862400000,118123.00000000,118481.81000000,117358.84000000,117579.99000000,2228.01795000,1753876799999,263126870.00675140,269076,1355.22594000,160120274.35017970,0,2025-07-30T08:00:00.000Z,2025-07-30T11:59:59.999Z
1753876800000,117579.99000000,118792.00000000,117358.84000000,118000.01000000,3794.91612000,1753891199999,447809337.55603830,531501,1801.39831000,212515821.49137400,0,2025-07-30T12:00:00.000Z,2025-07-30T15:59:59.999Z
1753891200000,118000.01000000,118037.18000000,115796.23000000,116916.73000000,5721.15052000,1753905599999,669195849.83574750,634913,2682.71622000,313703390.33402680,0,2025-07-30T16:00:00.000Z,2025-07-30T19:59:59.999Z
1753905600000,116916.73000000,117908.40000000,116880.64000000,117840.30000000,1384.17703000,1753919999999,162397784.59355740,194660,802.40669000,94148212.59009660,0,2025-07-30T20:00:00.000Z,2025-07-30T23:59:59.999Z
1753920000000,117840.29000000,118600.00000000,117781.87000000,118466.14000000,2307.57332000,1753934399999,273029834.87625920,229192,1101.81254000,130368526.60297830,0,2025-07-31T00:00:00.000Z,2025-07-31T03:59:59.999Z
1753934400000,118466.15000000,118922.45000000,118287.63000000,118665.97000000,1907.96734000,1753948799999,226269774.17070440,169906,993.07835000,117797073.44015820,0,2025-07-31T04:00:00.000Z,2025-07-31T07:59:59.999Z
1753948800000,118665.98000000,118770.07000000,118278.91000000,118371.25000000,1290.20631000,1753963199999,152936940.90352170,133783,621.28930000,73645567.11696990,0,2025-07-31T08:00:00.000Z,2025-07-31T11:59:59.999Z
1753963200000,118371.25000000,118702.10000000,117807.35000000,118306.18000000,3457.28095000,1753977599999,408607161.84151310,436764,1809.57930000,213890978.32444580,0,2025-07-31T12:00:00.000Z,2025-07-31T15:59:59.999Z
1753977600000,118306.18000000,118879.14000000,116763.43000000,116785.79000000,4228.22018000,1753991999999,497971783.61370450,468442,2111.35785000,248807747.26664130,0,2025-07-31T16:00:00.000Z,2025-07-31T19:59:59.999Z
1753992000000,116785.78000000,116990.04000000,115500.00000000,115764.08000000,3818.75920000,1754006399999,444054521.29653970,421445,1676.39882000,195009469.31734890,0,2025-07-31T20:00:00.000Z,2025-07-31T23:59:59.999Z
1754006400000,115764.07000000,116052.00000000,114313.13000000,115648.03000000,5440.32571000,1754020799999,627188117.32296190,650051,2522.97319000,290948735.01040860,0,2025-08-01T00:00:00.000Z,2025-08-01T03:59:59.999Z
1754020800000,115648.03000000,115916.43000000,114633.18000000,115081.77000000,2952.50734000,1754035199999,340199535.79870660,411115,1345.40877000,154984984.83842860,0,2025-08-01T04:00:00.000Z,2025-08-01T07:59:59.999Z
1754035200000,115081.76000000,115340.00000000,114116.00000000,115305.65000000,3338.52917000,1754049599999,383326052.96004840,463102,1553.96108000,178459723.08960990,0,2025-08-01T08:00:00.000Z,2025-08-01T11:59:59.999Z
1754049600000,115305.64000000,116019.30000000,113988.47000000,115357.82000000,5325.96286000,1754063999999,613558143.14864540,1084066,2524.83820000,291034014.42167780,0,2025-08-01T12:00:00.000Z,2025-08-01T15:59:59.999Z
1754064000000,115357.82000000,115695.52000000,113221.93000000,113328.68000000,4135.47502000,1754078399999,472437940.42125180,924319,1966.15620000,224637144.46577310,0,2025-08-01T16:00:00.000Z,2025-08-01T19:59:59.999Z
1754078400000,113328.67000000,114094.08000000,112722.58000000,113297.93000000,3294.30196000,1754092799999,373558787.49975580,628176,1573.88376000,178528816.23535680,0,2025-08-01T20:00:00.000Z,2025-08-01T23:59:59.999Z
1754092800000,113297.92000000,113921.94000000,113198.63000000,113909.86000000,1422.97261000,1754107199999,161699096.20081790,346530,710.60713000,80745020.26571740,0,2025-08-02T00:00:00.000Z,2025-08-02T03:59:59.999Z
1754107200000,113909.87000000,114063.49000000,113469.43000000,113982.49000000,1674.39001000,1754121599999,190562803.04439680,227553,838.67346000,95432539.11819060,0,2025-08-02T04:00:00.000Z,2025-08-02T07:59:59.999Z
1754121600000,113982.49000000,114040.29000000,113425.58000000,113787.12000000,1135.36227000,1754135999999,129100147.29776490,222031,456.36308000,51889678.52989690,0,2025-08-02T08:00:00.000Z,2025-08-02T11:59:59.999Z
1754136000000,113787.11000000,113787.12000000,112802.31000000,112840.71000000,1922.72871000,1754150399999,217838216.01231600,320277,761.89323000,86333566.24300680,0,2025-08-02T12:00:00.000Z,2025-08-02T15:59:59.999Z
1754150400000,112840.70000000,113420.00000000,112003.00000000,112229.42000000,3414.70659000,1754164799999,384611629.97070750,639368,1372.46140000,154627663.10634820,0,2025-08-02T16:00:00.000Z,2025-08-02T19:59:59.999Z
1754164800000,112229.42000000,113058.82000000,112069.86000000,112546.35000000,1937.17409000,1754179199999,218070844.80071890,409955,920.01005000,103557915.80857140,0,2025-08-02T20:00:00.000Z,2025-08-02T23:59:59.999Z
1754179200000,112546.35000000,113740.69000000,111920.00000000,113604.20000000,2106.54410000,1754193599999,237947445.47649270,418118,954.66072000,107943735.79204510,0,2025-08-03T00:00:00.000Z,2025-08-03T03:59:59.999Z
1754193600000,113604.20000000,113720.16000000,113341.06000000,113700.00000000,764.27697000,1754207999999,86778251.94677570,130998,368.11441000,41801748.61287170,0,2025-08-03T04:00:00.000Z,2025-08-03T07:59:59.999Z
1754208000000,113700.00000000,114260.31000000,113551.00000000,113862.18000000,1260.20877000,1754222399999,143489089.11397830,156276,725.50976000,82603501.58516330,0,2025-08-03T08:00:00.000Z,2025-08-03T11:59:59.999Z
1754222400000,113862.19000000,114098.45000000,113579.69000000,113959.06000000,1131.56686000,1754236799999,128830422.64836460,251886,558.89691000,63627834.54520130,0,2025-08-03T12:00:00.000Z,2025-08-03T15:59:59.999Z
1754236800000,113959.06000000,114799.97000000,113775.55000000,114313.19000000,1254.96509000,1754251199999,143410319.15863650,246789,702.85838000,80315428.02462050,0,2025-08-03T16:00:00.000Z,2025-08-03T19:59:59.999Z
1754251200000,114313.19000000,114612.24000000,114066.56000000,114208.80000000,880.19867000,1754265599999,100634505.81000630,215214,428.14313000,48953972.73562850,0,2025-08-03T20:00:00.000Z,2025-08-03T23:59:59.999Z
1754265600000,114208.81000000,115000.00000000,114107.60000000,114570.61000000,1525.00586000,1754279999999,174778603.67585500,304162,749.69907000,85930718.27213140,0,2025-08-04T00:00:00.000Z,2025-08-04T03:59:59.999Z
1754280000000,114570.61000000,114778.50000000,114148.58000000,114652.97000000,1221.27307000,1754294399999,139739546.26412080,197361,526.28258000,60226436.98126630,0,2025-08-04T04:00:00.000Z,2025-08-04T07:59:59.999Z
1754294400000,114652.98000000,114750.00000000,114217.97000000,114493.09000000,1188.64494000,1754308799999,136090921.96312800,247694,515.96378000,59076360.92978970,0,2025-08-04T08:00:00.000Z,2025-08-04T11:59:59.999Z
1754308800000,114493.09000000,115466.00000000,114121.00000000,114826.00000000,2885.46126000,1754323199999,331541729.67811560,530974,1497.28882000,172049625.15537430,0,2025-08-04T12:00:00.000Z,2025-08-04T15:59:59.999Z
1754323200000,114826.01000000,115720.00000000,114732.65000000,114777.62000000,1843.11618000,1754337599999,212273932.32412840,412414,942.51512000,108540416.74690340,0,2025-08-04T16:00:00.000Z,2025-08-04T19:59:59.999Z
1754337600000,114777.62000000,115340.00000000,114616.33000000,115055.03000000,1004.17785000,1754351999999,115514140.15762300,261625,483.54414000,55619716.72390960,0,2025-08-04T20:00:00.000Z,2025-08-04T23:59:59.999Z
1754352000000,115055.03000000,115127.81000000,114256.85000000,114256.85000000,1398.92395000,1754366399999,160455069.04299710,287638,652.16816000,74827506.76525640,0,2025-08-05T00:00:00.000Z,2025-08-05T03:59:59.999Z
1754366400000,114256.85000000,114500.66000000,113725.72000000,113969.70000000,2125.54323000,1754380799999,242804599.54892070,261124,882.25638000,100789177.32516810,0,2025-08-05T04:00:00.000Z,2025-08-05T07:59:59.999Z
1754380800000,113969.70000000,115096.73000000,113928.87000000,114827.07000000,1593.56232000,1754395199999,182617724.54586360,317175,877.52425000,100547792.88685630,0,2025-08-05T08:00:00.000Z,2025-08-05T11:59:59.999Z
1754395200000,114827.07000000,114893.13000000,112650.00000000,112934.00000000,4590.46840000,1754409599999,520992544.53318060,1006379,2107.07878000,239124723.51650150,0,2025-08-05T12:00:00.000Z,2025-08-05T15:59:59.999Z
1754409600000,112934.00000000,113763.27000000,112815.68000000,113616.52000000,1434.52074000,1754423999999,162586192.65822270,478510,673.47754000,76323722.19165300,0,2025-08-05T16:00:00.000Z,2025-08-05T19:59:59.999Z
1754424000000,113616.51000000,114228.88000000,113304.00000000,114129.75000000,899.77214000,1754438399999,102405616.81743190,230226,430.16243000,48957851.41563310,0,2025-08-05T20:00:00.000Z,2025-08-05T23:59:59.999Z
1754438400000,114129.75000000,114139.38000000,113400.00000000,113509.97000000,1061.53764000,1754452799999,120724616.06978040,286080,408.49037000,46459434.27880910,0,2025-08-06T00:00:00.000Z,2025-08-06T03:59:59.999Z
1754452800000,113509.98000000,114417.02000000,113355.13000000,114227.91000000,1437.03071000,1754467199999,163790419.89220040,302903,717.83329000,81849402.02118460,0,2025-08-06T04:00:00.000Z,2025-08-06T07:59:59.999Z
1754467200000,114227.90000000,114404.23000000,113727.57000000,114226.69000000,1280.29764000,1754481599999,146061959.12462190,269803,657.13818000,74963935.36910360,0,2025-08-06T08:00:00.000Z,2025-08-06T11:59:59.999Z
1754481600000,114226.68000000,115515.09000000,113579.90000000,115413.87000000,3509.68013000,1754495999999,402461313.76963260,704802,1966.03693000,225500696.20519320,0,2025-08-06T12:00:00.000Z,2025-08-06T15:59:59.999Z
1754496000000,115413.87000000,115716.00000000,114942.18000000,115259.99000000,1727.95909000,1754510399999,199297200.14588150,308639,796.77912000,91906515.33393940,0,2025-08-06T16:00:00.000Z,2025-08-06T19:59:59.999Z
1754510400000,115260.00000000,115260.00000000,114793.01000000,114992.27000000,744.64797000,1754524799999,85693223.85680160,154273,325.96959000,37513224.46884210,0,2025-08-06T20:00:00.000Z,2025-08-06T23:59:59.999Z
1754524800000,114992.27000000,115185.58000000,114404.22000000,114546.03000000,1192.91433000,1754539199999,136893563.39058050,198112,576.15563000,66121446.95062500,0,2025-08-07T00:00:00.000Z,2025-08-07T03:59:59.999Z
1754539200000,114546.03000000,114876.79000000,114259.00000000,114787.99000000,1290.96115000,1754553599999,147895974.17281160,209354,642.22974000,73587812.71544700,0,2025-08-07T04:00:00.000Z,2025-08-07T07:59:59.999Z
1754553600000,114787.99000000,116828.93000000,114787.98000000,116519.53000000,3698.10885000,1754567999999,428983588.28952740,492704,2172.12244000,251905570.66366380,0,2025-08-07T08:00:00.000Z,2025-08-07T11:59:59.999Z
1754568000000,116519.54000000,116791.11000000,116035.84000000,116689.81000000,2746.73177000,1754582399999,319832114.29082850,546103,1392.81119000,162191741.76677130,0,2025-08-07T12:00:00.000Z,2025-08-07T15:59:59.999Z
1754582400000,116689.80000000,117520.00000000,115632.31000000,117461.98000000,2735.62556000,1754596799999,319105083.73857840,558042,1355.20075000,158156893.97553170,0,2025-08-07T16:00:00.000Z,2025-08-07T19:59:59.999Z
1754596800000,117461.99000000,117621.00000000,117012.00000000,117472.01000000,1804.22097000,1754611199999,211743973.95460060,310356,870.21778000,102125404.37259320,0,2025-08-07T20:00:00.000Z,2025-08-07T23:59:59.999Z
1754611200000,117472.02000000,117630.00000000,116694.28000000,116737.35000000,2393.91974000,1754625599999,280094573.21877490,511625,1027.18014000,120182644.98185050,0,2025-08-08T00:00:00.000Z,2025-08-08T03:59:59.999Z
1754625600000,116737.34000000,116973.30000000,116401.00000000,116817.19000000,1456.27491000,1754639999999,169950858.20349400,224401,651.58146000,76032292.33163510,0,2025-08-08T04:00:00.000Z,2025-08-08T07:59:59.999Z
1754640000000,116817.20000000,116914.60000000,116317.08000000,116891.51000000,1108.98011000,1754654399999,129319112.12395610,268792,500.07248000,58317543.84967950,0,2025-08-08T08:00:00.000Z,2025-08-08T11:59:59.999Z
1754654400000,116891.51000000,117271.73000000,115878.71000000,116207.69000000,2540.81848000,1754668799999,296106840.90685470,544209,1165.72876000,135864534.51828190,0,2025-08-08T12:00:00.000Z,2025-08-08T15:59:59.999Z
1754668800000,116207.70000000,116900.00000000,116006.14000000,116453.41000000,1690.79713000,1754683199999,196921937.46157410,394422,897.94096000,104583069.38222230,0,2025-08-08T16:00:00.000Z,2025-08-08T19:59:59.999Z
1754683200000,116453.41000000,116980.00000000,116319.06000000,116674.74000000,854.52241000,1754697599999,99806456.80960090,151855,342.40194000,39990513.40508090,0,2025-08-08T20:00:00.000Z,2025-08-08T23:59:59.999Z
1754697600000,116674.74000000,116750.00000000,116299.13000000,116384.01000000,971.89236000,1754711999999,113203432.96729540,135431,363.74375000,42373446.36462610,0,2025-08-09T00:00:00.000Z,2025-08-09T03:59:59.999Z
1754712000000,116384.01000000,116980.00000000,116339.45000000,116756.01000000,2021.01259000,1754726399999,235841895.56564860,278492,1064.09266000,124184023.88844800,0,2025-08-09T04:00:00.000Z,2025-08-09T07:59:59.999Z
1754726400000,116756.00000000,117944.05000000,116756.00000000,117110.00000000,2353.37140000,1754740799999,276230205.14161790,354468,1301.13377000,152715702.36481770,0,2025-08-09T08:00:00.000Z,2025-08-09T11:59:59.999Z
1754740800000,117110.00000000,117238.04000000,116700.01000000,116892.47000000,1382.66437000,1754755199999,161718872.45679210,247175,725.15110000,84820284.11578380,0,2025-08-09T12:00:00.000Z,2025-08-09T15:59:59.999Z
1754755200000,116892.48000000,116947.16000000,116500.00000000,116535.69000000,1202.78039000,1754769599999,140321045.55335640,167656,648.16143000,75620589.85457250,0,2025-08-09T16:00:00.000Z,2025-08-09T19:59:59.999Z
1754769600000,116535.68000000,117021.16000000,116359.89000000,116462.25000000,1582.41033000,1754783999999,184522150.01766180,207729,767.57145000,89514254.52874650,0,2025-08-09T20:00:00.000Z,2025-08-09T23:59:59.999Z
1754784000000,116462.25000000,118500.00000000,116460.63000000,118500.00000000,3892.68324000,1754798399999,458141314.95796170,470884,2375.20894000,279581483.76813730,0,2025-08-10T00:00:00.000Z,2025-08-10T03:59:59.999Z
1754798400000,118500.00000000,118741.77000000,117466.34000000,117808.30000000,2444.08380000,1754812799999,288972231.84477770,431454,1147.37239000,135694183.56681510,0,2025-08-10T04:00:00.000Z,2025-08-10T07:59:59.999Z
1754812800000,117808.29000000,118500.00000000,117608.01000000,118330.58000000,1506.32503000,1754827199999,178057964.90205020,346119,810.23724000,95770671.91276980,0,2025-08-10T08:00:00.000Z,2025-08-10T11:59:59.999Z
1754827200000,118330.58000000,119113.94000000,118232.00000000,118815.00000000,2809.22760000,1754841599999,333423155.38639830,437945,1512.40831000,179523977.42781020,0,2025-08-10T12:00:00.000Z,2025-08-10T15:59:59.999Z
1754841600000,118815.00000000,118944.24000000,118433.80000000,118663.08000000,995.85812000,1754855999999,118153752.24991770,213690,508.95628000,60381942.81299010,0,2025-08-10T16:00:00.000Z,2025-08-10T19:59:59.999Z
1754856000000,118663.09000000,119311.11000000,118074.99000000,119294.01000000,2674.59294000,1754870399999,317450328.53076520,416973,1669.25197000,198130214.23279950,0,2025-08-10T20:00:00.000Z,2025-08-10T23:59:59.999Z
1754870400000,119294.27000000,122164.07000000,118972.59000000,121728.99000000,7626.19257000,1754884799999,921251175.81507960,1013671,4168.58541000,503187520.39857680,0,2025-08-11T00:00:00.000Z,2025-08-11T03:59:59.999Z
1754884800000,121729.00000000,122335.16000000,121466.08000000,121537.15000000,4279.88790000,1754899199999,521892702.93019280,571340,1995.64419000,243413431.60808960,0,2025-08-11T04:00:00.000Z,2025-08-11T07:59:59.999Z
1754899200000,121537.14000000,121823.00000000,120286.40000000,120561.54000000,4216.26732000,1754913599999,510604967.33673560,566188,2009.30795000,243363090.73219670,0,2025-08-11T08:00:00.000Z,2025-08-11T11:59:59.999Z
1754913600000,120561.53000000,120667.54000000,119382.91000000,120314.40000000,5236.26223000,1754927999999,628472627.86360910,907593,2755.26055000,330700606.76292750,0,2025-08-11T12:00:00.000Z,2025-08-11T15:59:59.999Z
1754928000000,120314.40000000,120794.05000000,118604.17000000,119089.30000000,2812.92272000,1754942399999,336787744.58204000,546834,1178.39313000,141139661.18345410,0,2025-08-11T16:00:00.000Z,2025-08-11T19:59:59.999Z
1754942400000,119089.30000000,119172.63000000,118050.11000000,118686.00000000,2322.80155000,1754956799999,275602312.01341220,416117,1136.23823000,134836150.95783210,0,2025-08-11T20:00:00.000Z,2025-08-11T23:59:59.999Z
1754956800000,118686.00000000,119275.46000000,118593.39000000,118857.70000000,1894.63528000,1754971199999,225356508.46322640,299409,991.91785000,117983741.14562760,0,2025-08-12T00:00:00.000Z,2025-08-12T03:59:59.999Z
1754971200000,118857.70000000,119158.06000000,118424.86000000,118986.72000000,3135.38397000,1754985599999,372768949.64902420,286057,1943.73871000,231145984.33742430,0,2025-08-12T04:00:00.000Z,2025-08-12T07:59:59.999Z
1754985600000,118986.73000000,119058.43000000,118207.47000000,118522.22000000,2346.37900000,1754999999999,278386557.94518650,313590,1302.79783000,154614971.11551760,0,2025-08-12T08:00:00.000Z,2025-08-12T11:59:59.999Z
1755000000000,118522.22000000,119960.00000000,118285.00000000,119933.00000000,4914.05441000,1755014399999,585444041.27978050,916587,2630.84115000,313496129.45013710,0,2025-08-12T12:00:00.000Z,2025-08-12T15:59:59.999Z
1755014400000,119933.00000000,120192.10000000,119172.62000000,119665.27000000,2309.07117000,1755028799999,276328760.25884310,537021,1187.53513000,142136568.06655550,0,2025-08-12T16:00:00.000Z,2025-08-12T19:59:59.999Z
1755028800000,119665.27000000,120324.43000000,119485.84000000,120134.08000000,2120.58510000,1755043199999,254477655.98919700,385177,1208.22895000,144990604.08090950,0,2025-08-12T20:00:00.000Z,2025-08-12T23:59:59.999Z
1755043200000,120134.09000000,120192.10000000,119094.28000000,119482.01000000,2361.00135000,1755057599999,282270802.47443370,373931,993.87621000,118817933.77903870,0,2025-08-13T00:00:00.000Z,2025-08-13T03:59:59.999Z
1755057600000,119482.01000000,119820.18000000,118920.92000000,119580.40000000,2324.10298000,1755071999999,277456148.01295650,346612,1164.99875000,139112413.80885710,0,2025-08-13T04:00:00.000Z,2025-08-13T07:59:59.999Z
1755072000000,119580.40000000,120732.94000000,119446.22000000,120570.41000000,3213.18528000,1755086399999,386212646.90826060,414155,1742.78544000,209457283.68930130,0,2025-08-13T08:00:00.000Z,2025-08-13T11:59:59.999Z
1755086400000,120570.41000000,122200.00000000,120106.02000000,120920.62000000,7228.67197000,1755100799999,876073760.93010120,1223418,3448.06635000,417943044.85693230,0,2025-08-13T12:00:00.000Z,2025-08-13T15:59:59.999Z
1755100800000,120920.61000000,122839.47000000,120920.61000000,122744.21000000,4167.90157000,1755115199999,508080168.05941110,716576,2589.17326000,315617346.50495580,0,2025-08-13T16:00:00.000Z,2025-08-13T19:59:59.999Z
1755115200000,122744.22000000,123667.79000000,122298.20000000,123306.43000000,3915.20787000,1755129599999,481487822.00229430,638125,1992.36824000,245097965.40922940,0,2025-08-13T20:00:00.000Z,2025-08-13T23:59:59.999Z
1755129600000,123306.44000000,124474.00000000,123250.50000000,123337.14000000,3481.67631600,1755143999999,430716617.87809690,617531,1608.17731600,198973024.48032700,0,2025-08-14T00:00:00.000Z,2025-08-14T03:59:59.999Z
1755144000000,123337.14000000,123428.60000000,121313.86000000,121725.31000000,3755.65744000,1755158399999,458788510.16118820,539320,1768.22072000,215899266.56434690,0,2025-08-14T04:00:00.000Z,2025-08-14T07:59:59.999Z
1755158400000,121725.31000000,122045.90000000,120694.00000000,120949.67000000,3456.28874000,1755172799999,419594475.26750270,441000,1710.19796000,207713575.62730400,0,2025-08-14T08:00:00.000Z,2025-08-14T11:59:59.999Z
1755172800000,120949.66000000,121183.06000000,117632.00000000,118257.25000000,11617.06761000,1755187199999,1381540969.81337900,1687597,5493.20366000,653319261.60213050,0,2025-08-14T12:00:00.000Z,2025-08-14T15:59:59.999Z
1755187200000,118257.26000000,118535.00000000,117180.00000000,117945.92000000,3545.40524000,1755201599999,417837878.03212400,703952,1709.97434000,201572968.09206640,0,2025-08-14T16:00:00.000Z,2025-08-14T19:59:59.999Z
1755201600000,117945.92000000,118516.81000000,117302.33000000,118295.09000000,2124.85224000,1755215999999,250649939.95623300,361049,1112.30448000,131241488.50355880,0,2025-08-14T20:00:00.000Z,2025-08-14T23:59:59.999Z
1755216000000,118295.09000000,119077.71000000,118032.32000000,118968.91000000,1883.55436000,1755230399999,223413129.69180380,427333,862.49336000,102299646.53472930,0,2025-08-15T00:00:00.000Z,2025-08-15T03:59:59.999Z
1755230400000,118968.91000000,119216.82000000,118629.58000000,118956.45000000,1732.90691000,1755244799999,206149632.50697560,314291,769.91399000,91583236.49876010,0,2025-08-15T04:00:00.000Z,2025-08-15T07:59:59.999Z
1755244800000,118956.45000000,119144.50000000,118600.00000000,119006.01000000,1129.82607000,1755259199999,134389731.26065360,277559,554.91425000,66017792.30555360,0,2025-08-15T08:00:00.000Z,2025-08-15T11:59:59.999Z
1755259200000,119006.01000000,119130.77000000,116827.29000000,117275.22000000,5128.89360000,1755273599999,604073837.83902830,1056138,2121.84638000,249971034.61203400,0,2025-08-15T12:00:00.000Z,2025-08-15T15:59:59.999Z
1755273600000,117275.23000000,117882.35000000,116803.99000000,116936.27000000,2393.46089000,1755287999999,280682572.64475020,597487,1156.02326000,135609226.00175510,0,2025-08-15T16:00:00.000Z,2025-08-15T19:59:59.999Z
1755288000000,116936.28000000,117761.88000000,116862.50000000,117342.05000000,1354.69691000,1755302399999,158900425.74188960,222208,676.22584000,79318699.86441460,0,2025-08-15T20:00:00.000Z,2025-08-15T23:59:59.999Z
1755302400000,117342.04000000,117898.99000000,117231.14000000,117429.63000000,1420.52550000,1755316799999,167039941.70739580,275371,694.26476000,81634732.56507140,0,2025-08-16T00:00:00.000Z,2025-08-16T03:59:59.999Z
1755316800000,117429.63000000,117884.00000000,117278.00000000,117596.07000000,925.25596000,1755331199999,108775709.73159160,203205,487.86019000,57355488.27601250,0,2025-08-16T04:00:00.000Z,2025-08-16T07:59:59.999Z
1755331200000,117596.07000000,117703.92000000,117143.98000000,117378.52000000,1206.04130000,1755345599999,141632924.33217130,223925,555.80229000,65262409.11239150,0,2025-08-16T08:00:00.000Z,2025-08-16T11:59:59.999Z
1755345600000,117378.52000000,117825.00000000,117327.63000000,117676.70000000,1191.50027000,1755359999999,140188940.06324620,209982,581.96097000,68475509.59156970,0,2025-08-16T12:00:00.000Z,2025-08-16T15:59:59.999Z
1755360000000,117676.70000000,117817.65000000,117629.94000000,117672.12000000,817.42683000,1755374399999,96233958.53678290,121434,386.26416000,45473516.04058040,0,2025-08-16T16:00:00.000Z,2025-08-16T19:59:59.999Z
1755374400000,117672.13000000,117713.51000000,117219.34000000,117380.66000000,832.93131000,1755388799999,97847917.40117600,145925,289.07628000,33957125.51082960,0,2025-08-16T20:00:00.000Z,2025-08-16T23:59:59.999Z
1755388800000,117380.66000000,117771.37000000,117172.21000000,117684.95000000,770.53091000,1755403199999,90497907.75013060,177443,366.14855000,43006974.08611990,0,2025-08-17T00:00:00.000Z,2025-08-17T03:59:59.999Z
1755403200000,117684.96000000,118230.82000000,117684.95000000,118005.98000000,1109.68335000,1755417599999,130931507.91083150,177443,590.28392000,69648555.70073640,0,2025-08-17T04:00:00.000Z,2025-08-17T07:59:59.999Z
1755417600000,118005.98000000,118484.00000000,117922.00000000,118308.01000000,1007.67549000,1755431999999,119183257.33457440,197461,550.06661000,65051754.07597330,0,2025-08-17T08:00:00.000Z,2025-08-17T11:59:59.999Z
1755432000000,118308.00000000,118575.00000000,118059.12000000,118246.16000000,974.27271000,1755446399999,115208961.89534390,178505,420.11469000,49689616.72569290,0,2025-08-17T12:00:00.000Z,2025-08-17T15:59:59.999Z
1755446400000,118246.15000000,118316.01000000,117321.53000000,117570.07000000,1326.17558000,1755460799999,156204693.65765280,270938,570.31811000,67171534.11733170,0,2025-08-17T16:00:00.000Z,2025-08-17T19:59:59.999Z
1755460800000,117570.07000000,117995.37000000,117371.65000000,117405.01000000,710.30388000,1755475199999,83602869.35527410,175773,307.79925000,36231013.38451120,0,2025-08-17T20:00:00.000Z,2025-08-17T23:59:59.999Z
1755475200000,117405.01000000,117543.75000000,115000.00000000,115319.00000000,5801.42298000,1755489599999,673780931.17651780,973728,2456.39552000,285283810.78122810,0,2025-08-18T00:00:00.000Z,2025-08-18T03:59:59.999Z
1755489600000,115319.00000000,115712.49000000,114878.71000000,115205.98000000,3433.42415000,1755503999999,395866077.87857660,570851,1405.82751000,162118689.09352320,0,2025-08-18T04:00:00.000Z,2025-08-18T07:59:59.999Z
1755504000000,115205.99000000,115402.51000000,114640.14000000,114947.27000000,2793.98984000,1755518399999,321376818.73935550,485363,1159.25007000,133348030.77238320,0,2025-08-18T08:00:00.000Z,2025-08-18T11:59:59.999Z
1755518400000,114947.27000000,116186.97000000,114825.00000000,116145.34000000,2772.17945000,1755532799999,319990073.13056000,650916,1456.17184000,168133589.66489520,0,2025-08-18T12:00:00.000Z,2025-08-18T15:59:59.999Z
1755532800000,116145.34000000,116800.00000000,115818.86000000,116313.99000000,1731.37273000,1755547199999,201448268.70422980,418825,715.63515000,83277668.62901580,0,2025-08-18T16:00:00.000Z,2025-08-18T19:59:59.999Z
1755547200000,116314.00000000,116980.00000000,115980.32000000,116227.05000000,1213.55039000,1755561599999,141351915.84253780,246597,454.42658000,52947190.54770300,0,2025-08-18T20:00:00.000Z,2025-08-18T23:59:59.999Z
1755561600000,116227.05000000,116725.69000000,114787.23000000,114810.00000000,2390.89748000,1755575999999,276523497.66327090,629615,974.28091000,112696255.70555230,0,2025-08-19T00:00:00.000Z,2025-08-19T03:59:59.999Z
1755576000000,114810.01000000,115483.24000000,114366.00000000,114978.14000000,2499.12321000,1755590399999,287170834.57208710,563407,1161.24152000,133455731.77954870,0,2025-08-19T04:00:00.000Z,2025-08-19T07:59:59.999Z
1755590400000,114978.15000000,115650.00000000,114804.00000000,115508.71000000,1471.04277000,1755604799999,169605923.13183090,298029,843.37696000,97223158.10172680,0,2025-08-19T08:00:00.000Z,2025-08-19T11:59:59.999Z
1755604800000,115508.71000000,115875.84000000,113587.68000000,113786.38000000,5294.46316000,1755619199999,605597290.21785770,857149,2543.82655000,291010341.64676160,0,2025-08-19T12:00:00.000Z,2025-08-19T15:59:59.999Z
1755619200000,113786.39000000,113897.58000000,112767.06000000,113132.48000000,3784.35052000,1755633599999,428905575.20465540,591076,2018.11062000,228747669.66903240,0,2025-08-19T16:00:00.000Z,2025-08-19T19:59:59.999Z
1755633600000,113132.49000000,113589.48000000,112732.58000000,112872.94000000,2625.59710000,1755647999999,297207775.06876440,351906,1068.57714000,120960388.69180030,0,2025-08-19T20:00:00.000Z,2025-08-19T23:59:59.999Z
1755648000000,112872.95000000,113636.13000000,112566.01000000,113525.91000000,3116.70576000,1755662399999,352631514.87738570,510162,1164.01315000,131714471.25126240,0,2025-08-20T00:00:00.000Z,2025-08-20T03:59:59.999Z
1755662400000,113525.90000000,113837.93000000,113432.00000000,113490.13000000,1367.41482000,1755676799999,155379967.26592940,226386,683.43432000,77663127.05745590,0,2025-08-20T04:00:00.000Z,2025-08-20T07:59:59.999Z
1755676800000,113490.14000000,114016.77000000,113060.08000000,113666.68000000,2352.50644000,1755691199999,267518086.25844220,377977,1066.60404000,121301550.14080420,0,2025-08-20T08:00:00.000Z,2025-08-20T11:59:59.999Z
1755691200000,113666.69000000,114326.35000000,112380.00000000,113353.94000000,4605.43198000,1755705599999,522278044.57226530,980643,2123.07459000,240877531.68571480,0,2025-08-20T12:00:00.000Z,2025-08-20T15:59:59.999Z
1755705600000,113353.94000000,114444.00000000,113264.01000000,114276.66000000,2624.00614000,1755719999999,298829017.13062470,634049,1342.66385000,152899931.09307650,0,2025-08-20T16:00:00.000Z,2025-08-20T19:59:59.999Z
1755720000000,114276.66000000,114615.38000000,114000.00000000,114271.24000000,1570.27680000,1755734399999,179512936.02012630,269153,829.79580000,94874358.98754810,0,2025-08-20T20:00:00.000Z,2025-08-20T23:59:59.999Z
1755734400000,114271.23000000,114821.76000000,113906.01000000,113954.62000000,1626.72781000,1755748799999,185841315.90159620,376353,808.20883000,92356069.79020040,0,2025-08-21T00:00:00.000Z,2025-08-21T03:59:59.999Z
1755748800000,113954.62000000,114033.84000000,113582.43000000,113896.03000000,1612.36321000,1755763199999,183481882.07337650,278315,870.46157000,99045269.10060130,0,2025-08-21T04:00:00.000Z,2025-08-21T07:59:59.999Z
1755763200000,113896.03000000,113990.00000000,113000.00000000,113148.66000000,1509.65106000,1755777599999,171287136.95961630,338663,634.87235000,72052473.70516610,0,2025-08-21T08:00:00.000Z,2025-08-21T11:59:59.999Z
1755777600000,113148.65000000,113995.11000000,112608.64000000,112792.08000000,2521.11028000,1755791999999,285394179.23457840,562395,1189.66013000,134689675.90509470,0,2025-08-21T12:00:00.000Z,2025-08-21T15:59:59.999Z
1755792000000,112792.08000000,112969.47000000,112015.67000000,112193.71000000,2468.80417000,1755806399999,277549685.11226940,499262,1258.41931000,141481694.24451910,0,2025-08-21T16:00:00.000Z,2025-08-21T19:59:59.999Z
1755806400000,112193.71000000,112870.94000000,112067.46000000,112500.00000000,1101.03582000,1755820799999,123819589.33412610,302392,584.85788000,65775158.70891120,0,2025-08-21T20:00:00.000Z,2025-08-21T23:59:59.999Z
1755820800000,112500.00000000,113525.00000000,112335.60000000,112929.24000000,1610.19525000,1755835199999,182026286.43214790,367861,995.49538000,112552643.57663110,0,2025-08-22T00:00:00.000Z,2025-08-22T03:59:59.999Z
1755835200000,112929.24000000,113394.76000000,112708.81000000,113094.83000000,1656.25720000,1755849599999,187332321.37900830,331580,887.04271000,100334516.09173060,0,2025-08-22T04:00:00.000Z,2025-08-22T07:59:59.999Z
1755849600000,113094.83000000,113319.30000000,112177.27000000,112320.00000000,1932.43574000,1755863999999,217921342.75416910,317304,924.65796000,104288496.33898460,0,2025-08-22T08:00:00.000Z,2025-08-22T11:59:59.999Z
1755864000000,112320.01000000,117296.12000000,111684.79000000,116370.75000000,11505.26127000,1755878399999,1319396835.13821840,1584774,6041.80772000,693092581.05100730,0,2025-08-22T12:00:00.000Z,2025-08-22T15:59:59.999Z
1755878400000,116370.75000000,117429.05000000,116116.00000000,116655.79000000,4307.94644000,1755892799999,502648352.26454390,577064,2128.81326000,248441571.90658640,0,2025-08-22T16:00:00.000Z,2025-08-22T19:59:59.999Z
1755892800000,116655.79000000,117174.43000000,116550.96000000,116935.99000000,2115.99447000,1755907199999,247299984.30969890,259935,865.78008000,101197902.90772930,0,2025-08-22T20:00:00.000Z,2025-08-22T23:59:59.999Z
1755907200000,116936.00000000,117030.00000000,115458.20000000,115568.77000000,2647.58419000,1755921599999,307518062.91591250,507557,1007.23464000,117041716.91650450,0,2025-08-23T00:00:00.000Z,2025-08-23T03:59:59.999Z
1755921600000,115568.77000000,116034.53000000,115551.20000000,115799.47000000,2258.18362000,1755935999999,261617133.78858280,247598,1110.53791000,128658846.83235600,0,2025-08-23T04:00:00.000Z,2025-08-23T07:59:59.999Z
1755936000000,115799.46000000,115861.80000000,115223.43000000,115310.13000000,1313.89391000,1755950399999,151932657.12032250,171068,625.01231000,72288422.77567940,0,2025-08-23T08:00:00.000Z,2025-08-23T11:59:59.999Z
1755950400000,115310.13000000,115486.97000000,114560.00000000,114812.87000000,3027.56166000,1755964799999,348062480.90316210,373481,1303.05919000,149801287.58571390,0,2025-08-23T12:00:00.000Z,2025-08-23T15:59:59.999Z
1755964800000,114812.88000000,115190.74000000,114684.11000000,115133.91000000,1105.55067000,1755979199999,127121304.50689660,151735,446.56857000,51348035.30536820,0,2025-08-23T16:00:00.000Z,2025-08-23T19:59:59.999Z
1755979200000,115133.92000000,115454.12000000,115001.88000000,115438.05000000,976.58792000,1755993599999,112573788.77948210,108130,590.93752000,68135583.71582130,0,2025-08-23T20:00:00.000Z,2025-08-23T23:59:59.999Z
1755993600000,115438.06000000,115666.68000000,114934.21000000,115036.00000000,1995.92433000,1756007999999,230109582.59534010,291862,1007.06495000,116114555.08681210,0,2025-08-24T00:00:00.000Z,2025-08-24T03:59:59.999Z
1756008000000,115036.01000000,115283.21000000,114846.14000000,114888.19000000,1715.68730000,1756022399999,197387179.73029000,205688,587.93262000,67632167.10410240,0,2025-08-24T04:00:00.000Z,2025-08-24T07:59:59.999Z
1756022400000,114888.19000000,115060.99000000,114600.00000000,114730.22000000,2223.47925000,1756036799999,255263363.45455190,267625,995.18062000,114257369.62055180,0,2025-08-24T08:00:00.000Z,2025-08-24T11:59:59.999Z
1756036800000,114730.22000000,114869.41000000,114350.57000000,114400.00000000,2662.01905000,1756051199999,305089212.15292840,339333,1116.24094000,127945653.39436890,0,2025-08-24T12:00:00.000Z,2025-08-24T15:59:59.999Z
1756051200000,114400.01000000,114917.10000000,110680.00000000,112600.00000000,8322.01988000,1756065599999,943283691.76260140,791837,3650.90078000,413888935.50766550,0,2025-08-24T16:00:00.000Z,2025-08-24T19:59:59.999Z
1756065600000,112600.00000000,113692.97000000,111632.85000000,113493.59000000,4256.85481000,1756079999999,480151576.49346460,677561,1967.74719000,222016520.62081160,0,2025-08-24T20:00:00.000Z,2025-08-24T23:59:59.999Z
1756080000000,113493.59000000,113667.28000000,112159.00000000,112916.84000000,2384.97290000,1756094399999,269655699.25748960,665721,1121.82787000,126832729.81323790,0,2025-08-25T00:00:00.000Z,2025-08-25T03:59:59.999Z
1756094400000,112916.84000000,113059.52000000,111284.05000000,111511.55000000,4054.02521000,1756108799999,454597068.91029520,667424,1925.81482000,215964679.10904130,0,2025-08-25T04:00:00.000Z,2025-08-25T07:59:59.999Z
1756108800000,111511.56000000,111850.13000000,110929.48000000,111214.97000000,4028.25788000,1756123199999,448564942.27145510,624668,1929.68354000,214949901.61912730,0,2025-08-25T08:00:00.000Z,2025-08-25T11:59:59.999Z
1756123200000,111214.97000000,112580.00000000,110588.00000000,112200.64000000,4593.32060000,1756137599999,513032034.67396390,914685,2398.82756000,267986773.11341450,0,2025-08-25T12:00:00.000Z,2025-08-25T15:59:59.999Z
1756137600000,112200.65000000,112937.26000000,110655.01000000,110716.13000000,3109.40411000,1756151999999,348208706.36696460,685712,1261.82967000,141419773.48185360,0,2025-08-25T16:00:00.000Z,2025-08-25T19:59:59.999Z
1756152000000,110716.13000000,111092.54000000,109274.10000000,110111.98000000,7012.81309000,1756166399999,771512202.15085460,1137508,2749.59824000,302509128.20750530,0,2025-08-25T20:00:00.000Z,2025-08-25T23:59:59.999Z
1756166400000,110111.98000000,110111.98000000,108666.66000000,109879.56000000,4155.39206000,1756180799999,455011698.22493690,1097720,1983.06646000,217185031.08963400,0,2025-08-26T00:00:00.000Z,2025-08-26T03:59:59.999Z
1756180800000,109879.57000000,110547.31000000,109765.93000000,110303.20000000,1910.05232000,1756195199999,210359826.37700550,624551,1025.54731000,112960716.09120120,0,2025-08-26T04:00:00.000Z,2025-08-26T07:59:59.999Z
1756195200000,110303.20000000,110455.13000000,109570.34000000,109876.52000000,1852.10166000,1756209599999,203892967.45228500,344139,870.12354000,95800304.58410740,0,2025-08-26T08:00:00.000Z,2025-08-26T11:59:59.999Z
1756209600000,109876.53000000,110818.60000000,109393.93000000,109666.33000000,4559.68511000,1756223999999,501940355.73113050,1065558,2450.01989000,269746462.00346270,0,2025-08-26T12:00:00.000Z,2025-08-26T15:59:59.999Z
1756224000000,109666.34000000,111162.59000000,109450.00000000,111116.03000000,3548.51055000,1756238399999,391349262.89399800,569890,2212.50107000,244219208.03903890,0,2025-08-26T16:00:00.000Z,2025-08-26T19:59:59.999Z
1756238400000,111116.03000000,112371.00000000,110918.26000000,111763.22000000,2426.69707000,1756252799999,270883236.82058330,375616,1322.17330000,147556771.78951970,0,2025-08-26T20:00:00.000Z,2025-08-26T23:59:59.999Z
1756252800000,111763.22000000,111825.16000000,110918.26000000,111418.15000000,2172.27313000,1756267199999,241949639.30677750,410582,925.30522000,103068605.98792800,0,2025-08-27T00:00:00.000Z,2025-08-27T03:59:59.999Z
1756267200000,111418.15000000,111737.26000000,110622.50000000,110725.18000000,1809.80294000,1756281599999,201194156.60015460,370060,762.79756000,84846421.76324390,0,2025-08-27T04:00:00.000Z,2025-08-27T07:59:59.999Z
1756281600000,110725.19000000,111374.45000000,110345.42000000,111322.07000000,1594.26753000,1756295999999,176776430.32148620,317061,785.60547000,87145518.07569220,0,2025-08-27T08:00:00.000Z,2025-08-27T11:59:59.999Z
1756296000000,111322.07000000,112625.00000000,111019.02000000,112000.00000000,3310.10060000,1756310399999,369950416.97553700,824967,1672.05486000,186863860.89385300,0,2025-08-27T12:00:00.000Z,2025-08-27T15:59:59.999Z
1756310400000,111999.99000000,112600.00000000,111541.23000000,112080.69000000,1902.42552000,1756324799999,213222697.39975690,506775,907.01397000,101668324.69289520,0,2025-08-27T16:00:00.000Z,2025-08-27T19:59:59.999Z
1756324800000,112080.68000000,112452.05000000,110921.79000000,111262.01000000,2603.73903000,1756339199999,290681586.58711960,682051,1209.06842000,134993612.76386730,0,2025-08-27T20:00:00.000Z,2025-08-27T23:59:59.999Z
1756339200000,111262.01000000,112042.04000000,110862.42000000,112000.01000000,1203.77782000,1756353599999,134253218.26864630,375072,597.52028000,66649542.65631200,0,2025-08-28T00:00:00.000Z,2025-08-28T03:59:59.999Z
1756353600000,112000.00000000,113360.00000000,111945.07000000,113114.11000000,2481.91862000,1756367999999,280232965.37310330,395525,1238.58901000,139818288.77542760,0,2025-08-28T04:00:00.000Z,2025-08-28T07:59:59.999Z
1756368000000,113114.11000000,113351.51000000,112826.22000000,112909.18000000,1419.04336000,1756382399999,160395511.26407400,164734,540.02909000,61048034.11729170,0,2025-08-28T08:00:00.000Z,2025-08-28T11:59:59.999Z
1756382400000,112909.18000000,113485.90000000,112391.56000000,112678.53000000,3088.93350000,1756396799999,348792906.07042900,597709,1381.73513000,156076823.95085140,0,2025-08-28T12:00:00.000Z,2025-08-28T15:59:59.999Z
1756396800000,112678.53000000,113186.56000000,111901.35000000,111901.36000000,1813.29699000,1756411199999,203973679.42619300,360972,798.74966000,89870954.53001890,0,2025-08-28T16:00:00.000Z,2025-08-28T19:59:59.999Z
1756411200000,111901.36000000,112575.98000000,111872.06000000,112566.90000000,1097.30715000,1756425599999,123140201.54287620,172768,582.84192000,65402359.65391320,0,2025-08-28T20:00:00.000Z,2025-08-28T23:59:59.999Z
1756425600000,112566.90000000,112638.64000000,111302.27000000,111704.23000000,2123.00621000,1756439999999,237282218.20052350,405287,965.39965000,107902817.37234550,0,2025-08-29T00:00:00.000Z,2025-08-29T03:59:59.999Z
1756440000000,111704.24000000,111850.56000000,109899.99000000,110019.38000000,4260.97180000,1756454399999,472460597.88746470,499168,1929.05760000,213853323.43897240,0,2025-08-29T04:00:00.000Z,2025-08-29T07:59:59.999Z
1756454400000,110019.38000000,110270.30000000,109414.18000000,110098.81000000,2848.31026000,1756468799999,313002938.91835020,448903,1604.11242000,176286557.33932710,0,2025-08-29T08:00:00.000Z,2025-08-29T11:59:59.999Z
1756468800000,110098.81000000,111517.07000000,108103.00000000,108386.23000000,7729.28040000,1756483199999,845034516.96281830,1246052,3797.67907000,415295549.56517970,0,2025-08-29T12:00:00.000Z,2025-08-29T15:59:59.999Z
1756483200000,108386.23000000,108832.00000000,107934.24000000,108212.01000000,2605.64538000,1756497599999,282494047.12716180,591209,1064.08261000,115386931.30598950,0,2025-08-29T16:00:00.000Z,2025-08-29T19:59:59.999Z
1756497600000,108212.01000000,108549.99000000,107463.90000000,108377.40000000,3013.09640000,1756511999999,325218173.48121120,416340,1256.02509000,135596334.08264290,0,2025-08-29T20:00:00.000Z,2025-08-29T23:59:59.999Z
1756512000000,108377.40000000,108436.21000000,107350.10000000,108436.20000000,3244.13736000,1756526399999,350563966.56231610,430111,1572.81933000,169958646.69980130,0,2025-08-30T00:00:00.000Z,2025-08-30T03:59:59.999Z
1756526400000,108436.21000000,108697.28000000,108120.00000000,108524.26000000,3052.32523000,1756540799999,330960187.67573420,285923,1928.41443000,209129100.05219530,0,2025-08-30T04:00:00.000Z,2025-08-30T07:59:59.999Z
1756540800000,108524.26000000,108777.43000000,108400.00000000,108680.01000000,1416.95390000,1756555199999,153824302.46667540,167658,803.45769000,87222342.94688020,0,2025-08-30T08:00:00.000Z,2025-08-30T11:59:59.999Z
1756555200000,108680.01000000,108926.15000000,108190.52000000,108869.98000000,1540.53972000,1756569599999,167213327.05550190,272361,744.34436000,80816639.28406480,0,2025-08-30T12:00:00.000Z,2025-08-30T15:59:59.999Z
1756569600000,108869.98000000,108900.00000000,108625.46000000,108828.33000000,677.58629000,1756583999999,73708948.90090160,133138,358.75258000,39025143.87433790,0,2025-08-30T16:00:00.000Z,2025-08-30T19:59:59.999Z
1756584000000,108828.32000000,108838.27000000,108468.77000000,108816.33000000,776.84909000,1756598399999,84396040.07762310,121849,389.38944000,42305921.98612150,0,2025-08-30T20:00:00.000Z,2025-08-30T23:59:59.999Z
1756598400000,108816.33000000,109480.02000000,108801.35000000,109223.84000000,1756.83146000,1756612799999,191851864.51821470,262048,907.25205000,99101944.62700990,0,2025-08-31T00:00:00.000Z,2025-08-31T03:59:59.999Z
1756612800000,109223.84000000,109231.41000000,108523.49000000,108708.26000000,1177.25929000,1756627199999,128038261.11718590,168415,433.77972000,47170551.15249270,0,2025-08-31T04:00:00.000Z,2025-08-31T07:59:59.999Z
1756627200000,108708.25000000,109100.00000000,108303.21000000,108389.76000000,1590.89462000,1756641599999,172733411.24566250,234357,619.64134000,67289247.58149260,0,2025-08-31T08:00:00.000Z,2025-08-31T11:59:59.999Z
1756641600000,108389.77000000,108858.43000000,108191.29000000,108818.69000000,2441.88905000,1756655999999,264753055.11295950,277584,1270.38908000,137781179.95396140,0,2025-08-31T12:00:00.000Z,2025-08-31T15:59:59.999Z
1756656000000,108818.69000000,109237.51000000,108555.00000000,108930.00000000,1232.50315000,1756670399999,134226505.07892460,189011,701.32991000,76368930.44484660,0,2025-08-31T16:00:00.000Z,2025-08-31T19:59:59.999Z
1756670400000,108930.00000000,109230.00000000,108076.93000000,108246.35000000,1290.13839000,1756684799999,140203797.27838460,235218,641.21848000,69695034.40938510,0,2025-08-31T20:00:00.000Z,2025-08-31T23:59:59.999Z
1756684800000,108246.36000000,108482.98000000,107393.00000000,107660.01000000,3206.34097000,1756699199999,345784012.64506980,678736,1375.11859000,148293046.64138160,0,2025-09-01T00:00:00.000Z,2025-09-01T03:59:59.999Z
1756699200000,107660.00000000,109432.99000000,107255.00000000,109432.99000000,2904.17280000,1756713599999,314052268.67128990,493783,1561.84645000,169036237.61859190,0,2025-09-01T04:00:00.000Z,2025-09-01T07:59:59.999Z
1756713600000,109432.99000000,109912.40000000,108186.41000000,108782.88000000,3111.29125000,1756727999999,339723577.21505800,498993,1419.73877000,155028031.51873520,0,2025-09-01T08:00:00.000Z,2025-09-01T11:59:59.999Z
1756728000000,108782.89000000,109520.00000000,108566.00000000,108784.33000000,2266.34513000,1756742399999,247152798.24657160,411529,1002.90732000,109391704.18917580,0,2025-09-01T12:00:00.000Z,2025-09-01T15:59:59.999Z
1756742400000,108784.33000000,109329.65000000,108391.30000000,109217.64000000,1553.15049000,1756756799999,169171627.41311090,266402,729.82289000,79485942.09904600,0,2025-09-01T16:00:00.000Z,2025-09-01T19:59:59.999Z
1756756800000,109217.65000000,109442.95000000,107459.49000000,109237.42000000,3012.30155000,1756771199999,326632354.59003500,379941,1443.55699000,156495986.91750290,0,2025-09-01T20:00:00.000Z,2025-09-01T23:59:59.999Z
1756771200000,109237.43000000,110623.97000000,108883.80000000,110322.18000000,3166.02008000,1756785599999,347302857.09203740,400395,1758.40749000,192932933.82073590,0,2025-09-02T00:00:00.000Z,2025-09-02T03:59:59.999Z
1756785600000,110322.19000000,110610.50000000,110000.00000000,110233.92000000,1952.71608000,1756799999999,215347311.92848680,328089,994.93733000,109733095.59170230,0,2025-09-02T04:00:00.000Z,2025-09-02T07:59:59.999Z
1756800000000,110233.91000000,110711.10000000,109563.87000000,109733.34000000,2462.01591000,1756814399999,271307194.73283180,361037,1048.27551000,115579298.95149500,0,2025-09-02T08:00:00.000Z,2025-09-02T11:59:59.999Z
1756814400000,109733.33000000,111771.52000000,108393.39000000,110829.17000000,6768.89317000,1756828799999,747343925.58072980,880798,3315.12492000,366060490.73815770,0,2025-09-02T12:00:00.000Z,2025-09-02T15:59:59.999Z
1756828800000,110829.16000000,111119.58000000,110200.00000000,110806.00000000,2585.23037000,1756843199999,286198581.18941530,430929,1163.37175000,128803940.00837420,0,2025-09-02T16:00:00.000Z,2025-09-02T19:59:59.999Z
1756843200000,110806.01000000,111538.17000000,110716.77000000,111240.01000000,1575.41195000,1756857599999,175181581.37813730,195080,808.60027000,89923046.42633440,0,2025-09-02T20:00:00.000Z,2025-09-02T23:59:59.999Z
1756857600000,111240.01000000,111782.21000000,110892.14000000,111054.01000000,2263.61693000,1756871999999,251962277.51238080,400128,1035.13985000,115264434.13091300,0,2025-09-03T00:00:00.000Z,2025-09-03T03:59:59.999Z
1756872000000,111054.00000000,111151.99000000,110528.71000000,111099.88000000,1539.69973000,1756886399999,170595738.50876580,260732,572.85090000,63480328.84472480,0,2025-09-03T04:00:00.000Z,2025-09-03T07:59:59.999Z
1756886400000,111099.87000000,111708.00000000,110889.29000000,111437.77000000,1514.83708000,1756900799999,168636555.41170260,286651,811.07758000,90303943.38083840,0,2025-09-03T08:00:00.000Z,2025-09-03T11:59:59.999Z
1756900800000,111437.77000000,112500.00000000,111031.61000000,112222.74000000,3550.00487000,1756915199999,396916280.07101570,746472,1807.53585000,202109934.96599240,0,2025-09-03T12:00:00.000Z,2025-09-03T15:59:59.999Z
1756915200000,112222.73000000,112575.27000000,111686.24000000,112193.74000000,1957.30873000,1756929599999,219492588.71274140,351115,913.79838000,102476028.15755290,0,2025-09-03T16:00:00.000Z,2025-09-03T19:59:59.999Z
1756929600000,112193.74000000,112250.00000000,111613.98000000,111705.71000000,948.25350000,1756943999999,106159177.12705820,169151,398.89206000,44659007.02749640,0,2025-09-03T20:00:00.000Z,2025-09-03T23:59:59.999Z
1756944000000,111705.72000000,112180.00000000,111136.00000000,111148.97000000,1484.75903000,1756958399999,165748620.00623790,303729,652.02619000,72804148.40546280,0,2025-09-04T00:00:00.000Z,2025-09-04T03:59:59.999Z
1756958400000,111148.97000000,111318.84000000,110279.68000000,110463.36000000,2293.72804000,1756972799999,253892672.88128080,341359,895.54519000,99123553.26362450,0,2025-09-04T04:00:00.000Z,2025-09-04T07:59:59.999Z
1756972800000,110463.36000000,111154.93000000,110415.72000000,110810.00000000,1251.00126000,1756987199999,138632770.05667890,246423,668.87931000,74125292.96236330,0,2025-09-04T08:00:00.000Z,2025-09-04T11:59:59.999Z
1756987200000,110810.00000000,111123.99000000,109329.12000000,109510.31000000,3057.95062000,1757001599999,336674953.01896190,635685,1500.41170000,165173050.41215980,0,2025-09-04T12:00:00.000Z,2025-09-04T15:59:59.999Z
1757001600000,109510.32000000,110218.39000000,109363.26000000,109799.99000000,2124.63495000,1757015999999,233220356.07925450,376615,1370.88022000,150452129.13521630,0,2025-09-04T16:00:00.000Z,2025-09-04T19:59:59.999Z
1757016000000,109800.00000000,111765.31000000,109755.59000000,110730.87000000,1991.06146000,1757030399999,220861953.48967060,326444,983.03890000,109003011.64688340,0,2025-09-04T20:00:00.000Z,2025-09-04T23:59:59.999Z
1757030400000,110730.87000000,111482.09000000,110435.75000000,111311.77000000,1665.57580000,1757044799999,184903566.38100620,310264,896.56239000,99523095.37650180,0,2025-09-05T00:00:00.000Z,2025-09-05T03:59:59.999Z
1757044800000,111311.78000000,112999.00000000,111144.51000000,112954.32000000,3481.17531000,1757059199999,390189332.51001230,410628,1791.39517000,200892965.23502570,0,2025-09-05T04:00:00.000Z,2025-09-05T07:59:59.999Z
1757059200000,112954.32000000,112985.00000000,112131.02000000,112354.00000000,1956.82884000,1757073599999,220089308.29147490,280041,945.71148000,106345395.03086400,0,2025-09-05T08:00:00.000Z,2025-09-05T11:59:59.999Z
1757073600000,112354.00000000,113384.62000000,110286.91000000,110716.82000000,9805.88987000,1757087999999,1098894219.30964330,1310302,5024.28213000,563019857.17222220,0,2025-09-05T12:00:00.000Z,2025-09-05T15:59:59.999Z
1757088000000,110716.82000000,111627.51000000,110206.96000000,111614.54000000,2167.09419000,1757102399999,240396957.97819890,350335,1005.04190000,111487864.14964540,0,2025-09-05T16:00:00.000Z,2025-09-05T19:59:59.999Z
1757102400000,111614.54000000,111700.00000000,110375.60000000,110659.99000000,2510.84487000,1757116799999,278658816.15298940,308849,1124.81820000,124797084.26294190,0,2025-09-05T20:00:00.000Z,2025-09-05T23:59:59.999Z
1757116800000,110660.00000000,111307.70000000,110552.56000000,111082.22000000,800.18218000,1757131199999,88738263.42799800,140100,353.50927000,39209399.27270470,0,2025-09-06T00:00:00.000Z,2025-09-06T03:59:59.999Z
1757131200000,111082.23000000,111082.23000000,110687.69000000,110825.60000000,687.98406000,1757145599999,76249293.02100220,94842,247.55686000,27432976.90144220,0,2025-09-06T04:00:00.000Z,2025-09-06T07:59:59.999Z
1757145600000,110825.59000000,110968.00000000,110675.58000000,110781.02000000,621.90211000,1757159999999,68882709.44001820,93699,313.76931000,34752578.20476860,0,2025-09-06T08:00:00.000Z,2025-09-06T11:59:59.999Z
1757160000000,110781.03000000,110999.83000000,110358.11000000,110384.15000000,886.00942000,1757174399999,98108968.71789900,142658,460.89526000,51042181.36652530,0,2025-09-06T12:00:00.000Z,2025-09-06T15:59:59.999Z
1757174400000,110384.16000000,110402.00000000,109977.00000000,110038.41000000,1391.66059000,1757188799999,153326892.03409560,233868,605.91642000,66759272.27371200,0,2025-09-06T16:00:00.000Z,2025-09-06T19:59:59.999Z
1757188800000,110038.42000000,110282.82000000,110034.44000000,110187.97000000,612.56061000,1757203199999,67479809.90245690,90034,327.18585000,36041018.92685820,0,2025-09-06T20:00:00.000Z,2025-09-06T23:59:59.999Z
1757203200000,110187.98000000,110733.12000000,110180.00000000,110629.15000000,948.63792000,1757217599999,104787931.40718370,116828,389.49018000,43022071.94874020,0,2025-09-07T00:00:00.000Z,2025-09-07T03:59:59.999Z
1757217600000,110629.15000000,110911.42000000,110463.10000000,110753.42000000,872.74711000,1757231999999,96571750.76981000,108685,381.50211000,42229956.33231190,0,2025-09-07T04:00:00.000Z,2025-09-07T07:59:59.999Z
1757232000000,110753.41000000,111377.19000000,110720.01000000,111292.13000000,1214.41306000,1757246399999,134950562.86242730,190930,552.37185000,61369941.35678530,0,2025-09-07T08:00:00.000Z,2025-09-07T11:59:59.999Z
1757246400000,111292.12000000,111412.00000000,111042.60000000,111329.99000000,837.52385000,1757260799999,93137851.40595570,142417,344.09796000,38265361.05512750,0,2025-09-07T12:00:00.000Z,2025-09-07T15:59:59.999Z
1757260800000,111329.99000000,111371.35000000,110861.20000000,111259.99000000,940.48526000,1757275199999,104481951.63920650,147101,469.78447000,52170540.84610150,0,2025-09-07T16:00:00.000Z,2025-09-07T19:59:59.999Z
1757275200000,111259.99000000,111600.00000000,111001.45000000,111137.34000000,867.49224000,1757289599999,96517902.07428570,169000,433.60542000,48246052.00139590,0,2025-09-07T20:00:00.000Z,2025-09-07T23:59:59.999Z
1757289600000,111137.35000000,111372.00000000,110621.78000000,111052.11000000,1701.47085000,1757303999999,188935229.57061340,308906,836.79910000,92904009.12259770,0,2025-09-08T00:00:00.000Z,2025-09-08T03:59:59.999Z
1757304000000,111052.11000000,111609.04000000,110899.69000000,111280.39000000,1330.12513000,1757318399999,147913206.12595220,184140,701.81909000,78044546.82714720,0,2025-09-08T04:00:00.000Z,2025-09-08T07:59:59.999Z
1757318400000,111280.40000000,112186.98000000,111252.90000000,112052.43000000,2723.68786000,1757332799999,304673937.23712620,309105,1317.82578000,147374478.79212260,0,2025-09-08T08:00:00.000Z,2025-09-08T11:59:59.999Z
1757332800000,112052.43000000,112924.37000000,111877.64000000,112631.75000000,3018.22348000,1757347199999,339071513.52155890,466756,1572.71776000,176693309.59464820,0,2025-09-08T12:00:00.000Z,2025-09-08T15:59:59.999Z
1757347200000,112631.74000000,112670.06000000,111978.67000000,112097.31000000,1681.81458000,1757361599999,188910893.98617280,316939,615.64599000,69157804.79041590,0,2025-09-08T16:00:00.000Z,2025-09-08T19:59:59.999Z
1757361600000,112097.31000000,112512.71000000,111896.00000000,112065.23000000,1127.08021000,1757375999999,126399082.02353680,158752,486.85197000,54599126.23069910,0,2025-09-08T20:00:00.000Z,2025-09-08T23:59:59.999Z
1757376000000,112065.23000000,112104.41000000,111111.00000000,111708.00000000,2091.77038000,1757390399999,233281366.99759270,364708,1119.70716000,124850202.96638540,0,2025-09-09T00:00:00.000Z,2025-09-09T03:59:59.999Z
1757390400000,111708.01000000,113293.29000000,111624.12000000,112991.11000000,2906.59440000,1757404799999,327413687.28500880,352029,1393.69534000,156948740.48939340,0,2025-09-09T04:00:00.000Z,2025-09-09T07:59:59.999Z
1757404800000,112991.11000000,113176.51000000,112403.91000000,112433.59000000,1848.92022000,1757419199999,208676364.39617630,210918,778.05933000,87830424.61282960,0,2025-09-09T08:00:00.000Z,2025-09-09T11:59:59.999Z
1757419200000,112433.59000000,112950.00000000,110766.66000000,110880.76000000,4662.13241000,1757433599999,521744273.15140730,742791,2061.34504000,230751567.39885640,0,2025-09-09T12:00:00.000Z,2025-09-09T15:59:59.999Z
1757433600000,110880.76000000,111388.04000000,110788.00000000,111301.53000000,2121.49527000,1757447999999,235604707.70760970,252884,1219.72460000,135439035.79615950,0,2025-09-09T16:00:00.000Z,2025-09-09T19:59:59.999Z
1757448000000,111301.53000000,111745.69000000,111090.07000000,111546.39000000,1748.36980000,1757462399999,194745598.36857120,219912,1024.84891000,114153204.91394410,0,2025-09-09T20:00:00.000Z,2025-09-09T23:59:59.999Z
1757462400000,111546.38000000,111586.26000000,110917.45000000,111545.88000000,1667.04272000,1757476799999,185465386.61559640,285335,805.56444000,89625575.41568200,0,2025-09-10T00:00:00.000Z,2025-09-10T03:59:59.999Z
1757476800000,111545.88000000,112602.35000000,111372.42000000,112553.65000000,2477.25860000,1757491199999,277249952.52496740,275054,1291.20908000,144582430.69017270,0,2025-09-10T04:00:00.000Z,2025-09-10T07:59:59.999Z
1757491200000,112553.65000000,112859.80000000,112097.20000000,112299.99000000,2579.59736000,1757505599999,290014477.68668190,286707,1008.77698000,113415730.16324630,0,2025-09-10T08:00:00.000Z,2025-09-10T11:59:59.999Z
1757505600000,112300.00000000,114313.13000000,112299.99000000,113853.99000000,6630.72074000,1757519999999,752976102.98552950,774516,3390.81038000,384880932.48969830,0,2025-09-10T12:00:00.000Z,2025-09-10T15:59:59.999Z
1757520000000,113853.99000000,114074.46000000,113155.03000000,113574.52000000,2628.46871000,1757534399999,298513456.48038900,357649,953.94643000,108328664.73569500,0,2025-09-10T16:00:00.000Z,2025-09-10T19:59:59.999Z
1757534400000,113574.53000000,114025.78000000,113528.01000000,113960.00000000,1534.33010000,1757548799999,174615373.92914730,203273,824.33267000,93813363.98783810,0,2025-09-10T20:00:00.000Z,2025-09-10T23:59:59.999Z
1757548800000,113960.00000000,114434.23000000,113669.82000000,114400.01000000,1596.62879000,1757563199999,182015809.94844740,263136,961.52159000,109618338.08634040,0,2025-09-11T00:00:00.000Z,2025-09-11T03:59:59.999Z
1757563200000,114400.01000000,114459.65000000,113957.20000000,114083.58000000,1954.14285000,1757577599999,223126882.04170470,250844,925.38594000,105675000.56733420,0,2025-09-11T04:00:00.000Z,2025-09-11T07:59:59.999Z
1757577600000,114083.58000000,114200.00000000,113776.00000000,113999.99000000,1512.60333000,1757591999999,172426276.75729320,230229,687.23071000,78339092.89556980,0,2025-09-11T08:00:00.000Z,2025-09-11T11:59:59.999Z
1757592000000,113999.99000000,114715.02000000,113430.00000000,114180.31000000,5143.69337000,1757606399999,586732694.63006630,862926,2412.18460000,275257309.96635390,0,2025-09-11T12:00:00.000Z,2025-09-11T15:59:59.999Z
1757606400000,114180.32000000,114605.54000000,114102.00000000,114419.99000000,1437.71411000,1757620799999,164436578.72479370,279325,662.48431000,75761951.15958420,0,2025-09-11T16:00:00.000Z,2025-09-11T19:59:59.999Z
1757620800000,114420.00000000,115488.09000000,114246.04000000,115482.69000000,2031.94874000,1757635199999,233502902.85423570,279899,1095.49278000,125943730.01533880,0,2025-09-11T20:00:00.000Z,2025-09-11T23:59:59.999Z
1757635200000,115482.69000000,116331.81000000,115045.45000000,115194.14000000,3703.00155000,1757649599999,428356309.20896320,563995,1926.14769000,222855145.58434580,0,2025-09-12T00:00:00.000Z,2025-09-12T03:59:59.999Z
1757649600000,115194.14000000,115656.87000000,115086.70000000,115086.70000000,1630.41759000,1757663999999,188078296.73253520,252459,713.19737000,82280586.33433440,0,2025-09-12T04:00:00.000Z,2025-09-12T07:59:59.999Z
1757664000000,115086.70000000,115273.12000000,114888.01000000,114913.45000000,1958.78975000,1757678399999,225295701.80976550,242507,1059.45555000,121850301.85111830,0,2025-09-12T08:00:00.000Z,2025-09-12T11:59:59.999Z
1757678400000,114913.45000000,115500.95000000,114740.99000000,115121.18000000,2042.13901000,1757692799999,235016851.08326300,545024,1043.10430000,120057659.02116840,0,2025-09-12T12:00:00.000Z,2025-09-12T15:59:59.999Z
1757692800000,115121.18000000,116665.63000000,115030.30000000,116632.51000000,3863.84437000,1757707199999,448507362.63907920,485400,2325.63773000,269971516.79455820,0,2025-09-12T16:00:00.000Z,2025-09-12T19:59:59.999Z
1757707200000,116632.51000000,116632.51000000,115752.68000000,116029.42000000,2125.91492000,1757721599999,246867748.02825740,392106,928.03012000,107760180.27141450,0,2025-09-12T20:00:00.000Z,2025-09-12T23:59:59.999Z
1757721600000,116029.41000000,116298.78000000,115576.26000000,115957.00000000,2254.31226000,1757735999999,261424386.40744380,283017,797.29772000,92472022.51640340,0,2025-09-13T00:00:00.000Z,2025-09-13T03:59:59.999Z
1757736000000,115957.00000000,115957.01000000,115657.81000000,115778.71000000,1062.20470000,1757750399999,122972028.19498550,141293,452.32207000,52362368.88514660,0,2025-09-13T04:00:00.000Z,2025-09-13T07:59:59.999Z
1757750400000,115778.72000000,116166.71000000,115767.33000000,115974.11000000,1228.90503000,1757764799999,142484356.35699640,143877,653.86468000,75813012.04637850,0,2025-09-13T08:00:00.000Z,2025-09-13T11:59:59.999Z
1757764800000,115974.11000000,116060.00000000,115603.98000000,115768.68000000,1373.33567000,1757779199999,159057213.32081700,243380,622.10718000,72047224.87732550,0,2025-09-13T12:00:00.000Z,2025-09-13T15:59:59.999Z
1757779200000,115768.68000000,115817.37000000,115127.27000000,115797.12000000,1589.96184000,1757793599999,183620137.42837770,291478,742.20207000,85724072.03629970,0,2025-09-13T16:00:00.000Z,2025-09-13T19:59:59.999Z
1757793600000,115797.12000000,115991.29000000,115797.11000000,115918.29000000,760.68444000,1757807999999,88166098.94114070,120590,322.29987000,37354329.07779900,0,2025-09-13T20:00:00.000Z,2025-09-13T23:59:59.999Z
1757808000000,115918.29000000,116109.00000000,115651.99000000,115679.98000000,879.64203000,1757822399999,101912530.94192830,182719,448.54268000,51966994.55571050,0,2025-09-14T00:00:00.000Z,2025-09-14T03:59:59.999Z
1757822400000,115679.99000000,115936.00000000,115449.59000000,115805.39000000,914.78349000,1757836799999,105892525.68561350,131190,504.47234000,58398068.43394520,0,2025-09-14T04:00:00.000Z,2025-09-14T07:59:59.999Z
1757836800000,115805.39000000,116165.19000000,115748.78000000,115794.91000000,840.40714000,1757851199999,97461407.15320890,148132,364.91910000,42315741.29929630,0,2025-09-14T08:00:00.000Z,2025-09-14T11:59:59.999Z
1757851200000,115794.92000000,115878.49000000,115141.80000000,115224.01000000,2036.51269000,1757865599999,235055297.99864420,365569,1029.19419000,118798605.60387380,0,2025-09-14T12:00:00.000Z,2025-09-14T15:59:59.999Z
1757865600000,115224.01000000,115657.50000000,115193.90000000,115634.99000000,869.12927000,1757879999999,100365108.81303440,166241,529.68951000,61162930.28544920,0,2025-09-14T16:00:00.000Z,2025-09-14T19:59:59.999Z
1757880000000,115634.99000000,116087.35000000,115135.00000000,115268.01000000,1167.12735000,1757894399999,135075494.37616980,243367,530.08995000,61334719.12526710,0,2025-09-14T20:00:00.000Z,2025-09-14T23:59:59.999Z
1757894400000,115268.01000000,115594.90000000,114825.00000000,115445.45000000,1291.49944000,1757908799999,148755333.59167810,309719,645.87650000,74396767.24585490,0,2025-09-15T00:00:00.000Z,2025-09-15T03:59:59.999Z
1757908800000,115445.46000000,116757.99000000,115400.00000000,115806.62000000,2645.45158000,1757923199999,307301863.21300750,460919,1400.41903000,162689713.37340390,0,2025-09-15T04:00:00.000Z,2025-09-15T07:59:59.999Z
1757923200000,115806.62000000,115806.62000000,114625.87000000,115070.00000000,3497.27876000,1757937599999,402341170.19463320,597624,1627.73693000,187272169.64518180,0,2025-09-15T08:00:00.000Z,2025-09-15T11:59:59.999Z
1757937600000,115070.01000000,115099.00000000,114384.00000000,114842.90000000,2995.41636000,1757951999999,343782363.52896000,770538,1546.13431000,177457203.01098530,0,2025-09-15T12:00:00.000Z,2025-09-15T15:59:59.999Z
1757952000000,114842.90000000,115570.00000000,114600.00000000,115307.78000000,1872.69025000,1757966399999,215446534.44747110,524766,1032.15362000,118739803.15764560,0,2025-09-15T16:00:00.000Z,2025-09-15T19:59:59.999Z
1757966400000,115307.78000000,115605.07000000,115200.07000000,115349.71000000,910.17510000,1757980799999,105020970.24776540,194423,369.04321000,42582929.25195340,0,2025-09-15T20:00:00.000Z,2025-09-15T23:59:59.999Z
1757980800000,115349.71000000,115520.00000000,114945.01000000,115307.25000000,864.47636000,1757995199999,99591672.05962510,245700,315.94643000,36392856.36049060,0,2025-09-16T00:00:00.000Z,2025-09-16T03:59:59.999Z
1757995200000,115307.26000000,116009.62000000,114930.00000000,115840.00000000,1899.99942000,1758009599999,219806608.63743820,299283,925.54470000,107072896.84875460,0,2025-09-16T04:00:00.000Z,2025-09-16T07:59:59.999Z
1758009600000,115839.99000000,115981.17000000,115206.15000000,115287.83000000,1345.53241000,1758023999999,155508383.82022350,239032,642.66269000,74263269.63666950,0,2025-09-16T08:00:00.000Z,2025-09-16T11:59:59.999Z
1758024000000,115287.84000000,115905.89000000,114737.11000000,115905.88000000,2622.65829000,1758038399999,302186446.59042710,530203,1256.64052000,144829750.86593250,0,2025-09-16T12:00:00.000Z,2025-09-16T15:59:59.999Z
1758038400000,115905.88000000,116870.76000000,115608.28000000,116800.12000000,2955.38019000,1758052799999,343968787.58147110,534667,1561.23821000,181675574.32735700,0,2025-09-16T16:00:00.000Z,2025-09-16T19:59:59.999Z
1758052800000,116800.13000000,116964.27000000,116584.45000000,116788.96000000,1238.86273000,1758067199999,144717388.82774170,198173,590.15110000,68948220.95271430,0,2025-09-16T20:00:00.000Z,2025-09-16T23:59:59.999Z
1758067200000,116788.96000000,117077.16000000,116371.81000000,116372.04000000,1657.75299000,1758081599999,193491339.81008770,290146,815.63490000,95235176.22922890,0,2025-09-17T00:00:00.000Z,2025-09-17T03:59:59.999Z
1758081600000,116372.05000000,117286.73000000,116160.22000000,117162.48000000,2485.03317000,1758095999999,290584490.39789000,331949,1244.97129000,145570415.80491210,0,2025-09-17T04:00:00.000Z,2025-09-17T07:59:59.999Z
1758096000000,117162.48000000,117189.86000000,116253.27000000,116258.13000000,1655.08810000,1758110399999,193052633.85378710,275626,616.39614000,71876604.82226690,0,2025-09-17T08:00:00.000Z,2025-09-17T11:59:59.999Z
1758110400000,116258.12000000,116516.93000000,115432.00000000,115875.32000000,2848.33061000,1758124799999,330110290.72195140,580758,1431.82591000,165929205.94850880,0,2025-09-17T12:00:00.000Z,2025-09-17T15:59:59.999Z
1758124800000,115875.33000000,116333.33000000,114720.81000000,115652.02000000,5738.81221000,1758139199999,663313189.17896010,1271634,2797.54671000,323392837.82956480,0,2025-09-17T16:00:00.000Z,2025-09-17T19:59:59.999Z
1758139200000,115652.02000000,116990.68000000,115307.33000000,116447.59000000,2369.22832000,1758153599999,275531760.65906940,477305,1068.62695000,124277870.19859750,0,2025-09-17T20:00:00.000Z,2025-09-17T23:59:59.999Z
1758153600000,116447.60000000,117896.00000000,116092.76000000,117581.66000000,3081.68078000,1758167999999,360962395.08196600,545534,1552.10912000,181734851.19817400,0,2025-09-18T00:00:00.000Z,2025-09-18T03:59:59.999Z
1758168000000,117581.67000000,117750.00000000,116888.02000000,117086.01000000,1789.62789000,1758182399999,209885864.13961750,336315,688.09658000,80699444.82398450,0,2025-09-18T04:00:00.000Z,2025-09-18T07:59:59.999Z
1758182400000,117086.01000000,117413.04000000,117010.59000000,117063.40000000,1165.75229000,1758196799999,136644267.16767080,265319,615.10674000,72102169.69079360,0,2025-09-18T08:00:00.000Z,2025-09-18T11:59:59.999Z
1758196800000,117063.41000000,117843.83000000,116977.59000000,117583.56000000,2416.33194000,1758211199999,283846467.09226430,482957,1302.94828000,153061674.61871160,0,2025-09-18T12:00:00.000Z,2025-09-18T15:59:59.999Z
1758211200000,117583.56000000,117900.00000000,117196.33000000,117450.21000000,1828.62350000,1758225599999,215116042.78037830,374290,981.62432000,115472670.55768360,0,2025-09-18T16:00:00.000Z,2025-09-18T19:59:59.999Z
1758225600000,117450.21000000,117657.17000000,116612.03000000,117073.53000000,1375.21725000,1758239999999,161058311.22461250,248239,577.46034000,67629742.04538040,0,2025-09-18T20:00:00.000Z,2025-09-18T23:59:59.999Z
1758240000000,117073.53000000,117459.99000000,116871.61000000,116977.58000000,1326.38784000,1758254399999,155402024.03295700,312981,533.62089000,62517867.86585390,0,2025-09-19T00:00:00.000Z,2025-09-19T03:59:59.999Z
1758254400000,116977.58000000,117100.00000000,116633.86000000,116909.97000000,1538.09106000,1758268799999,179715411.02232820,281722,576.66272000,67382362.12074040,0,2025-09-19T04:00:00.000Z,2025-09-19T07:59:59.999Z
1758268800000,116909.98000000,117090.36000000,116300.00000000,116394.72000000,1243.82831000,1758283199999,145090230.80511020,210628,486.01225000,56690954.63572180,0,2025-09-19T08:00:00.000Z,2025-09-19T11:59:59.999Z
1758283200000,116394.72000000,116529.08000000,115464.19000000,115884.03000000,2657.87565000,1758297599999,308378000.22729850,466145,1293.13634000,150024130.86997050,0,2025-09-19T12:00:00.000Z,2025-09-19T15:59:59.999Z
1758297600000,115884.03000000,116136.00000000,115112.58000000,115125.12000000,1413.65495000,1758311999999,163452273.25479540,290425,676.66257000,78251783.94873560,0,2025-09-19T16:00:00.000Z,2025-09-19T19:59:59.999Z
1758312000000,115125.13000000,115657.28000000,115100.00000000,115632.38000000,812.25284000,1758326399999,93754462.11074960,170570,454.72006000,52478883.63765770,0,2025-09-19T20:00:00.000Z,2025-09-19T23:59:59.999Z
1758326400000,115632.39000000,115730.41000000,115408.47000000,115445.00000000,717.06298000,1758340799999,82888500.38146520,124296,346.11885000,40008333.14995570,0,2025-09-20T00:00:00.000Z,2025-09-20T03:59:59.999Z
1758340800000,115445.00000000,115985.20000000,115409.08000000,115968.56000000,759.46126000,1758355199999,87855071.45374150,110606,467.47497000,54074433.54654270,0,2025-09-20T04:00:00.000Z,2025-09-20T07:59:59.999Z
1758355200000,115968.56000000,115968.57000000,115664.11000000,115894.06000000,793.04586000,1758369599999,91828050.91084840,136003,360.32496000,41724695.46654950,0,2025-09-20T08:00:00.000Z,2025-09-20T11:59:59.999Z
1758369600000,115894.05000000,116121.81000000,115804.47000000,115986.69000000,836.91424000,1758383999999,97054572.13504620,133819,365.84809000,42427792.07254300,0,2025-09-20T12:00:00.000Z,2025-09-20T15:59:59.999Z
1758384000000,115986.70000000,116079.46000000,115698.08000000,115702.00000000,898.20806000,1758398399999,104049061.31061800,121605,392.98161000,45522079.38976900,0,2025-09-20T16:00:00.000Z,2025-09-20T19:59:59.999Z
1758398400000,115702.00000000,115944.70000000,115603.42000000,115685.63000000,670.23512000,1758412799999,77589017.04997010,114122,343.41635000,39754136.21789890,0,2025-09-20T20:00:00.000Z,2025-09-20T23:59:59.999Z
1758412800000,115685.63000000,115732.94000000,115441.83000000,115669.41000000,919.05922000,1758427199999,106244847.86826770,138632,382.21256000,44187619.19627150,0,2025-09-21T00:00:00.000Z,2025-09-21T03:59:59.999Z
1758427200000,115669.42000000,115815.98000000,115487.56000000,115815.97000000,806.93980000,1758441599999,93317224.35886330,135618,396.77304000,45885341.45019600,0,2025-09-21T04:00:00.000Z,2025-09-21T07:59:59.999Z
1758441600000,115815.98000000,115819.06000000,115329.03000000,115603.45000000,786.85295000,1758455999999,90947602.10522750,168670,343.18454000,39664581.11508440,0,2025-09-21T08:00:00.000Z,2025-09-21T11:59:59.999Z
1758456000000,115603.45000000,115747.23000000,115473.19000000,115531.61000000,671.32040000,1758470399999,77628802.41639730,148679,286.47799000,33124406.79987650,0,2025-09-21T12:00:00.000Z,2025-09-21T15:59:59.999Z
1758470400000,115531.62000000,115665.52000000,115209.02000000,115480.05000000,781.11646000,1758484799999,90162089.93084310,192628,363.97115000,42014901.11311980,0,2025-09-21T16:00:00.000Z,2025-09-21T19:59:59.999Z
1758484800000,115480.05000000,115545.43000000,115188.00000000,115232.29000000,546.23336000,1758499199999,62999184.47081070,161738,244.10561000,28154689.07244490,0,2025-09-21T20:00:00.000Z,2025-09-21T23:59:59.999Z
1758499200000,115232.29000000,115379.25000000,114150.00000000,114649.89000000,3078.59053000,1758513599999,352684754.11777710,736906,1425.26822000,163246716.89603170,0,2025-09-22T00:00:00.000Z,2025-09-22T03:59:59.999Z
1758513600000,114649.89000000,114649.90000000,111800.00000000,112519.99000000,7290.80289000,1758527999999,823530281.51200680,728222,3253.38510000,367502330.86163850,0,2025-09-22T04:00:00.000Z,2025-09-22T07:59:59.999Z
1758528000000,112520.00000000,112976.02000000,112173.52000000,112876.97000000,3052.23045000,1758542399999,343444834.82094120,432429,1529.16275000,172070503.33346660,0,2025-09-22T08:00:00.000Z,2025-09-22T11:59:59.999Z
1758542400000,112876.97000000,113432.76000000,112380.00000000,112815.50000000,3313.50245000,1758556799999,374108351.03113050,540240,1462.92194000,165183779.00933880,0,2025-09-22T12:00:00.000Z,2025-09-22T15:59:59.999Z
1758556800000,112815.50000000,112888.00000000,111936.40000000,112122.90000000,2731.51753000,1758571199999,307062428.91799760,394676,1008.47504000,113372531.37514730,0,2025-09-22T16:00:00.000Z,2025-09-22T19:59:59.999Z
1758571200000,112122.90000000,112977.41000000,111975.28000000,112650.99000000,1315.06971000,1758585599999,148041861.29902190,213403,633.14472000,71308405.42256470,0,2025-09-22T20:00:00.000Z,2025-09-22T23:59:59.999Z
1758585600000,112650.99000000,112833.09000000,111478.00000000,112339.99000000,2398.09582000,1758599999999,269043870.04109740,423585,1029.92621000,115566420.27788150,0,2025-09-23T00:00:00.000Z,2025-09-23T03:59:59.999Z
1758600000000,112339.99000000,113114.01000000,111876.15000000,113090.13000000,2504.81638000,1758614399999,282369160.46170410,475088,1192.47496000,134434490.33527400,0,2025-09-23T04:00:00.000Z,2025-09-23T07:59:59.999Z
1758614400000,113090.13000000,113281.50000000,112683.33000000,112975.99000000,1814.57634000,1758628799999,205068866.18582340,305733,821.37518000,92832278.57402130,0,2025-09-23T08:00:00.000Z,2025-09-23T11:59:59.999Z
1758628800000,112975.99000000,113290.50000000,112496.61000000,112882.19000000,1948.83266000,1758643199999,219993237.52754170,451279,823.53111000,92978126.21790460,0,2025-09-23T12:00:00.000Z,2025-09-23T15:59:59.999Z
1758643200000,112882.20000000,112958.58000000,111540.20000000,111655.29000000,2394.18192000,1758657599999,268491504.71853940,575584,1073.49522000,120384847.72395070,0,2025-09-23T16:00:00.000Z,2025-09-23T19:59:59.999Z
1758657600000,111655.29000000,112220.54000000,111458.73000000,111998.80000000,1240.81718000,1758671999999,138903161.33899710,224460,602.55822000,67469495.59100070,0,2025-09-23T20:00:00.000Z,2025-09-23T23:59:59.999Z
1758672000000,111998.80000000,112500.00000000,111683.09000000,111683.09000000,2848.03309000,1758686399999,319231715.78306920,450413,1269.95521000,142335429.33395300,0,2025-09-24T00:00:00.000Z,2025-09-24T03:59:59.999Z
1758686400000,111683.10000000,112779.37000000,111042.66000000,112583.54000000,2905.68984000,1758700799999,325878156.69843920,422986,1541.70360000,172928360.70714090,0,2025-09-24T04:00:00.000Z,2025-09-24T07:59:59.999Z
1758700800000,112583.54000000,113162.17000000,112405.62000000,113029.46000000,1567.72874000,1758715199999,176833681.46212980,250830,860.06127000,97021284.84561540,0,2025-09-24T08:00:00.000Z,2025-09-24T11:59:59.999Z
1758715200000,113029.45000000,113890.00000000,112808.00000000,113346.41000000,2535.05067000,1758729599999,287303312.80478710,552852,1318.87422000,149507527.40252870,0,2025-09-24T12:00:00.000Z,2025-09-24T15:59:59.999Z
1758729600000,113346.40000000,113940.00000000,113163.21000000,113420.01000000,1318.69585000,1758743999999,149795073.91134420,322583,604.02160000,68627497.35902840,0,2025-09-24T16:00:00.000Z,2025-09-24T19:59:59.999Z
1758744000000,113420.00000000,113647.58000000,113204.71000000,113307.00000000,1194.06148000,1758758399999,135428687.84281250,230173,506.07897000,57406181.57221060,0,2025-09-24T20:00:00.000Z,2025-09-24T23:59:59.999Z
1758758400000,113307.01000000,113510.23000000,112214.74000000,112546.21000000,3049.61418000,1758772799999,344005575.81568140,658203,1427.22747000,160957165.18388540,0,2025-09-25T00:00:00.000Z,2025-09-25T03:59:59.999Z
1758772800000,112546.22000000,112614.43000000,111450.42000000,111766.72000000,2930.20950000,1758787199999,327663142.00683150,596111,1372.57018000,153492918.47400550,0,2025-09-25T04:00:00.000Z,2025-09-25T07:59:59.999Z
1758787200000,111766.73000000,112246.46000000,111283.63000000,111348.00000000,2287.76235000,1758801599999,255646380.39669940,406141,980.94778000,109635663.45243120,0,2025-09-25T08:00:00.000Z,2025-09-25T11:59:59.999Z
1758801600000,111347.99000000,111729.52000000,110629.99000000,111580.77000000,4734.75828000,1758815999999,527008326.88953170,1120064,2052.45708000,228443277.30341460,0,2025-09-25T12:00:00.000Z,2025-09-25T15:59:59.999Z
1758816000000,111580.77000000,111672.58000000,108631.51000000,109360.00000000,6129.42446000,1758830399999,672975159.27256590,1060870,2585.28818000,283641411.30006550,0,2025-09-25T16:00:00.000Z,2025-09-25T19:59:59.999Z
1758830400000,109360.00000000,109685.72000000,108765.00000000,108994.49000000,2099.38080000,1758844799999,229341105.54390470,568564,1092.58868000,119357100.05464250,0,2025-09-25T20:00:00.000Z,2025-09-25T23:59:59.999Z
1758844800000,108994.49000000,109798.84000000,108809.24000000,109580.01000000,2323.19574000,1758859199999,254245438.68470750,534083,1052.66880000,115195891.11143690,0,2025-09-26T00:00:00.000Z,2025-09-26T03:59:59.999Z
1758859200000,109580.00000000,109625.94000000,108913.00000000,109320.02000000,3055.89804000,1758873599999,333796210.85090300,475637,1727.78782000,188665223.80385670,0,2025-09-26T04:00:00.000Z,2025-09-26T07:59:59.999Z
1758873600000,109320.02000000,109690.98000000,108620.07000000,109133.50000000,2675.46214000,1758887999999,291980121.86979700,532784,991.18565000,108189935.86158570,0,2025-09-26T08:00:00.000Z,2025-09-26T11:59:59.999Z
1758888000000,109133.50000000,109779.73000000,108764.76000000,109027.78000000,3241.92440000,1758902399999,354169754.92829400,961751,1645.14827000,179782119.84430670,0,2025-09-26T12:00:00.000Z,2025-09-26T15:59:59.999Z
1758902400000,109027.79000000,110300.00000000,109027.78000000,109172.20000000,2093.42859000,1758916799999,229566570.70964500,543828,1090.71555000,119610460.27671280,0,2025-09-26T16:00:00.000Z,2025-09-26T19:59:59.999Z
1758916800000,109172.21000000,109687.69000000,109087.57000000,109643.46000000,853.10700000,1758931199999,93340818.89591310,209072,470.78424000,51511811.85450120,0,2025-09-26T20:00:00.000Z,2025-09-26T23:59:59.999Z
1758931200000,109643.46000000,109743.91000000,109324.42000000,109553.77000000,1041.65919000,1758945599999,114071463.21404600,170335,510.68488000,55917374.07404540,0,2025-09-27T00:00:00.000Z,2025-09-27T03:59:59.999Z
1758945600000,109553.77000000,109742.27000000,109332.02000000,109411.20000000,908.84116000,1758959999999,99561610.80098340,118897,406.08444000,44487440.48758670,0,2025-09-27T04:00:00.000Z,2025-09-27T07:59:59.999Z
1758960000000,109411.19000000,109477.69000000,109064.40000000,109310.21000000,1356.29029000,1758974399999,148229649.56176290,194483,596.20681000,65164372.50049190,0,2025-09-27T08:00:00.000Z,2025-09-27T11:59:59.999Z
1758974400000,109310.22000000,109477.59000000,109193.00000000,109402.24000000,1151.38343000,1758988799999,125875777.06509470,178012,511.03924000,55871636.53244890,0,2025-09-27T12:00:00.000Z,2025-09-27T15:59:59.999Z
1758988800000,109402.25000000,109440.00000000,109243.89000000,109424.20000000,590.81859000,1759003199999,64619444.69863240,145696,234.92135000,25691898.22871310,0,2025-09-27T16:00:00.000Z,2025-09-27T19:59:59.999Z
1759003200000,109424.21000000,109699.98000000,109362.72000000,109635.85000000,452.79377000,1759017599999,49589643.65655710,112171,264.32214000,28947779.17090940,0,2025-09-27T20:00:00.000Z,2025-09-27T23:59:59.999Z
1759017600000,109635.85000000,109787.75000000,109325.05000000,109436.00000000,822.14827000,1759031999999,90044713.87016250,223878,412.28027000,45150225.50851850,0,2025-09-28T00:00:00.000Z,2025-09-28T03:59:59.999Z
1759032000000,109436.00000000,109537.80000000,109260.00000000,109513.06000000,569.05076000,1759046399999,62257046.29739510,92356,294.31340000,32198424.27673750,0,2025-09-28T04:00:00.000Z,2025-09-28T07:59:59.999Z
1759046400000,109513.06000000,109585.39000000,109250.00000000,109369.02000000,862.93461000,1759060799999,94420289.04633350,183426,420.99379000,46061702.51652680,0,2025-09-28T08:00:00.000Z,2025-09-28T11:59:59.999Z
1759060800000,109369.02000000,110037.93000000,109189.99000000,110037.93000000,1349.20291000,1759075199999,147898941.38906380,288876,555.96741000,60956478.86828100,0,2025-09-28T12:00:00.000Z,2025-09-28T15:59:59.999Z
1759075200000,110037.92000000,110393.63000000,110008.54000000,110337.60000000,1215.77694000,1759089599999,134010225.16023950,241509,612.71660000,67540466.26410240,0,2025-09-28T16:00:00.000Z,2025-09-28T19:59:59.999Z
1759089600000,110337.61000000,112350.00000000,110294.78000000,112163.95000000,2723.21811000,1759103999999,303623728.55714090,454821,1485.60459000,165588459.73518380,0,2025-09-28T20:00:00.000Z,2025-09-28T23:59:59.999Z
1759104000000,112163.96000000,112310.00000000,111588.07000000,111857.51000000,2297.47362000,1759118399999,257214538.02497690,442060,1048.98960000,117456642.63784110,0,2025-09-29T00:00:00.000Z,2025-09-29T03:59:59.999Z
1759118400000,111857.51000000,111904.34000000,111560.65000000,111865.95000000,1831.36016000,1759132799999,204592458.62763950,299499,1004.26408000,112180456.46137010,0,2025-09-29T04:00:00.000Z,2025-09-29T07:59:59.999Z
1759132800000,111865.96000000,112421.99000000,111865.95000000,112100.00000000,2126.24195000,1759147199999,238342829.85522600,324984,1077.07667000,120736060.17852760,0,2025-09-29T08:00:00.000Z,2025-09-29T11:59:59.999Z
1759147200000,112100.00000000,114231.56000000,111901.26000000,113815.57000000,5064.79852000,1759161599999,573716293.18183780,789340,2663.77606000,301574004.71322660,0,2025-09-29T12:00:00.000Z,2025-09-29T15:59:59.999Z
1759161600000,113815.57000000,114390.93000000,113449.74000000,114265.55000000,2716.40525000,1759175999999,309483410.94878900,354517,1227.93720000,139934824.24231550,0,2025-09-29T16:00:00.000Z,2025-09-29T19:59:59.999Z
1759176000000,114265.56000000,114400.00000000,114020.00000000,114311.96000000,1504.84055000,1759190399999,171898105.23266680,232253,814.64407000,93052999.33547210,0,2025-09-29T20:00:00.000Z,2025-09-29T23:59:59.999Z
1759190400000,114311.97000000,114792.00000000,114040.35000000,114376.39000000,2494.38118000,1759204799999,285442214.86781880,444227,1122.69104000,128499719.71322000,0,2025-09-30T00:00:00.000Z,2025-09-30T03:59:59.999Z
1759204800000,114376.39000000,114376.40000000,113585.00000000,113699.23000000,2326.82117000,1759219199999,265116049.17012070,334134,947.88151000,107991936.52511960,0,2025-09-30T04:00:00.000Z,2025-09-30T07:59:59.999Z
1759219200000,113699.24000000,113741.37000000,112656.27000000,113055.01000000,2869.29172000,1759233599999,324570286.34938870,462307,1534.32514000,173519351.10107890,0,2025-09-30T08:00:00.000Z,2025-09-30T11:59:59.999Z
1759233600000,113055.00000000,113677.23000000,112866.11000000,113106.16000000,2840.28661000,1759247999999,321540741.98797550,878794,1300.30916000,147218631.20985640,0,2025-09-30T12:00:00.000Z,2025-09-30T15:59:59.999Z
1759248000000,113106.15000000,114563.46000000,112800.00000000,114359.99000000,2535.88761000,1759262399999,288029255.11497640,512164,1287.09650000,146251134.04037590,0,2025-09-30T16:00:00.000Z,2025-09-30T19:59:59.999Z
1759262400000,114359.99000000,114754.87000000,113765.42000000,114048.93000000,1977.48804000,1759276799999,226014719.63981540,386705,993.41819000,113563688.68053070,0,2025-09-30T20:00:00.000Z,2025-09-30T23:59:59.999Z
1759276800000,114048.94000000,114551.76000000,113966.67000000,114176.92000000,2042.57116000,1759291199999,233499606.04922240,365189,973.35718000,111273026.30331280,0,2025-10-01T00:00:00.000Z,2025-10-01T03:59:59.999Z
1759291200000,114176.93000000,114740.00000000,114151.00000000,114539.02000000,1996.43364000,1759305599999,228584340.51596940,453781,805.82104000,92262770.03152040,0,2025-10-01T04:00:00.000Z,2025-10-01T07:59:59.999Z
1759305600000,114539.02000000,116795.85000000,114484.43000000,116789.58000000,5217.93036000,1759319999999,604751911.29038270,730334,2969.42682000,343980662.63906420,0,2025-10-01T08:00:00.000Z,2025-10-01T11:59:59.999Z
1759320000000,116789.57000000,117649.99000000,116363.38000000,117423.73000000,4518.34600000,1759334399999,528495971.58234100,849968,2190.22932000,256223578.84746030,0,2025-10-01T12:00:00.000Z,2025-10-01T15:59:59.999Z
1759334400000,117423.73000000,118199.00000000,116724.56000000,117439.53000000,3814.32316000,1759348799999,448255889.93332880,583662,1823.08956000,214253035.20857870,0,2025-10-01T16:00:00.000Z,2025-10-01T19:59:59.999Z
1759348800000,117439.53000000,118649.10000000,117163.25000000,118594.99000000,2446.79084000,1759363199999,288509261.89468920,447409,1309.11700000,154429584.37658100,0,2025-10-01T20:00:00.000Z,2025-10-01T23:59:59.999Z
1759363200000,118594.99000000,119456.92000000,118368.05000000,118733.99000000,4187.34775000,1759377599999,497627797.11437860,736652,2192.53340000,260588560.74015300,0,2025-10-02T00:00:00.000Z,2025-10-02T03:59:59.999Z
1759377600000,118733.99000000,118930.29000000,118279.31000000,118489.76000000,1772.36438000,1759391999999,210107178.01584700,347710,665.88412000,78943010.65534770,0,2025-10-02T04:00:00.000Z,2025-10-02T07:59:59.999Z
1759392000000,118489.76000000,118926.49000000,118354.61000000,118765.73000000,1460.00845000,1759406399999,173263672.07406360,264264,747.60980000,88726117.37654980,0,2025-10-02T08:00:00.000Z,2025-10-02T11:59:59.999Z
1759406400000,118765.72000000,119910.79000000,118516.39000000,119910.78000000,5099.16626000,1759420799999,608427409.90587330,967574,2836.67768000,338496859.04429270,0,2025-10-02T12:00:00.000Z,2025-10-02T15:59:59.999Z
1759420800000,119910.78000000,121022.07000000,119359.63000000,120836.49000000,4869.11141000,1759435199999,585412473.74573860,780175,2457.56897000,295486797.20501880,0,2025-10-02T16:00:00.000Z,2025-10-02T19:59:59.999Z
1759435200000,120836.49000000,120914.00000000,120072.46000000,120529.35000000,2282.83678000,1759449599999,275022596.48867940,375698,852.80451000,102745078.96844550,0,2025-10-02T20:00:00.000Z,2025-10-02T23:59:59.999Z
1759449600000,120529.35000000,120550.90000000,119820.00000000,120225.89000000,2268.65523000,1759463999999,272710904.27956340,425555,853.57434000,102601163.44525290,0,2025-10-03T00:00:00.000Z,2025-10-03T03:59:59.999Z
1759464000000,120225.88000000,120324.53000000,119610.59000000,119640.21000000,2293.91523000,1759478399999,274941005.21233860,319426,763.91801000,91596948.73996820,0,2025-10-03T04:00:00.000Z,2025-10-03T07:59:59.999Z
1759478400000,119640.22000000,120515.89000000,119248.30000000,120334.50000000,3467.40526000,1759492799999,416272468.78557710,428903,1447.39533000,173798057.30156550,0,2025-10-03T08:00:00.000Z,2025-10-03T11:59:59.999Z
1759492800000,120334.51000000,122366.00000000,119881.24000000,122258.05000000,4929.42106000,1759507199999,596531230.46443710,1074937,2734.65596000,331036842.48699540,0,2025-10-03T12:00:00.000Z,2025-10-03T15:59:59.999Z
1759507200000,122258.04000000,123894.99000000,121466.25000000,122660.99000000,9447.66952000,1759521599999,1159833334.65435830,1647932,4768.99657000,585662876.94861530,0,2025-10-03T16:00:00.000Z,2025-10-03T19:59:59.999Z
1759521600000,122661.00000000,122734.92000000,121999.33000000,122232.00000000,1529.26170000,1759535999999,187092133.28504430,350067,720.08334000,88096718.69122410,0,2025-10-03T20:00:00.000Z,2025-10-03T23:59:59.999Z
1759536000000,122232.21000000,122325.60000000,121684.97000000,122243.99000000,1730.57720000,1759550399999,211099963.95431260,424870,816.50953000,99613426.53432030,0,2025-10-04T00:00:00.000Z,2025-10-04T03:59:59.999Z
1759550400000,122243.99000000,122800.00000000,122219.30000000,122324.08000000,1516.17531000,1759564799999,185707032.54270780,298681,710.92006000,87079947.34376070,0,2025-10-04T04:00:00.000Z,2025-10-04T07:59:59.999Z
1759564800000,122324.08000000,122539.83000000,121962.81000000,121973.26000000,1268.73633000,1759579199999,155133843.53270200,219801,623.33043000,76223673.62505060,0,2025-10-04T08:00:00.000Z,2025-10-04T11:59:59.999Z
1759579200000,121973.26000000,122509.52000000,121698.88000000,121791.31000000,1464.05666000,1759593599999,178686185.50319400,361807,623.71437000,76136650.14428400,0,2025-10-04T12:00:00.000Z,2025-10-04T15:59:59.999Z
1759593600000,121791.31000000,121964.95000000,121510.00000000,121959.25000000,1443.23464000,1759607999999,175708446.32154880,245128,615.43498000,74935077.83484410,0,2025-10-04T16:00:00.000Z,2025-10-04T19:59:59.999Z
1759608000000,121959.25000000,122410.00000000,121871.01000000,122391.00000000,785.38664000,1759622399999,95937431.49018200,153303,377.89398000,46165657.64140220,0,2025-10-04T20:00:00.000Z,2025-10-04T23:59:59.999Z
1759622400000,122390.99000000,124362.28000000,122136.00000000,123776.22000000,4212.02615000,1759636799999,520334194.48993320,691499,2464.54974000,304379319.50981660,0,2025-10-05T00:00:00.000Z,2025-10-05T03:59:59.999Z
1759636800000,123776.23000000,125708.42000000,123734.00000000,124713.63000000,7342.54920300,1759651199999,918195583.57300200,999184,4023.05115300,503093246.96551080,0,2025-10-05T04:00:00.000Z,2025-10-05T07:59:59.999Z
1759651200000,124713.63000000,124838.37000000,122520.24000000,123464.64000000,4455.30964000,1759665599999,550076667.52752170,798480,2105.16480000,259759835.85968740,0,2025-10-05T08:00:00.000Z,2025-10-05T11:59:59.999Z
1759665600000,123464.64000000,123464.65000000,122675.00000000,122803.17000000,2233.09004000,1759679999999,274872969.06457120,362179,1132.83436000,139463431.11552050,0,2025-10-05T12:00:00.000Z,2025-10-05T15:59:59.999Z
1759680000000,122803.17000000,123464.00000000,122301.63000000,122591.79000000,2386.16050000,1759694399999,293327214.60724370,500385,1262.23472000,155197705.07311310,0,2025-10-05T16:00:00.000Z,2025-10-05T19:59:59.999Z
1759694400000,122591.80000000,123548.83000000,122473.62000000,123482.31000000,1413.96202000,1759708799999,174010841.67729220,338943,792.83763000,97584862.38734790,0,2025-10-05T20:00:00.000Z,2025-10-05T23:59:59.999Z
1759708800000,123482.32000000,124358.46000000,123084.00000000,123839.09000000,3025.28443000,1759723199999,374435028.79986240,822567,1514.54440000,187472078.53372990,0,2025-10-06T00:00:00.000Z,2025-10-06T03:59:59.999Z
1759723200000,123839.09000000,124165.56000000,123280.49000000,123390.47000000,2210.62835000,1759737599999,273410254.40127530,473306,912.42819000,112855684.84648900,0,2025-10-06T04:00:00.000Z,2025-10-06T07:59:59.999Z
1759737600000,123390.47000000,124531.66000000,123390.46000000,124215.00000000,2768.21181000,1759751999999,343203564.65059130,423106,1659.13306000,205727617.78519450,0,2025-10-06T08:00:00.000Z,2025-10-06T11:59:59.999Z
1759752000000,124215.00000000,125408.29000000,124178.00000000,125000.00000000,4567.69480000,1759766399999,570039253.68215230,1183562,2348.48905000,293097929.81617900,0,2025-10-06T12:00:00.000Z,2025-10-06T15:59:59.999Z
1759766400000,125000.00000000,126199.63000000,124800.00000000,125410.81000000,4722.17235300,1759780799999,592646648.27343420,853093,2580.04856300,323906136.90161590,0,2025-10-06T16:00:00.000Z,2025-10-06T19:59:59.999Z
1759780800000,125410.80000000,125534.00000000,124511.15000000,124658.54000000,2200.63705000,1759795199999,275094202.45800280,450533,948.36489000,118565681.83451000,0,2025-10-06T20:00:00.000Z,2025-10-06T23:59:59.999Z
1759795200000,124658.54000000,125082.27000000,124101.26000000,124329.74000000,1773.60979000,1759809599999,220920573.76823910,491779,864.88818000,107758799.10802200,0,2025-10-07T00:00:00.000Z,2025-10-07T03:59:59.999Z
1759809600000,124329.74000000,124654.47000000,123567.60000000,123667.99000000,2455.22590000,1759823999999,304622336.04908810,470777,978.62711000,121447489.71830410,0,2025-10-07T04:00:00.000Z,2025-10-07T07:59:59.999Z
1759824000000,123668.00000000,124509.60000000,123322.90000000,124453.38000000,2444.73415000,1759838399999,303046034.76347480,452817,1222.21828000,151582526.91055010,0,2025-10-07T08:00:00.000Z,2025-10-07T11:59:59.999Z
1759838400000,124453.37000000,125126.00000000,121172.89000000,121846.01000000,7360.01455000,1759852799999,905286859.80157790,1464124,3253.15942000,400336339.53722110,0,2025-10-07T12:00:00.000Z,2025-10-07T15:59:59.999Z
1759852800000,121846.01000000,122084.14000000,120574.94000000,121637.17000000,5726.89600000,1759867199999,695188027.58233990,1000405,2550.82405000,309673616.05836590,0,2025-10-07T16:00:00.000Z,2025-10-07T19:59:59.999Z
1759867200000,121637.18000000,122292.62000000,121258.08000000,121332.95000000,1873.51346000,1759881599999,228341967.90582880,510883,829.63395000,101148970.36644260,0,2025-10-07T20:00:00.000Z,2025-10-07T23:59:59.999Z
1759881600000,121332.96000000,122229.66000000,121200.00000000,121374.75000000,2406.76826000,1759895999999,293072607.11187850,691439,1164.40966000,141825662.06698160,0,2025-10-08T00:00:00.000Z,2025-10-08T03:59:59.999Z
1759896000000,121374.76000000,121910.24000000,121066.14000000,121597.06000000,2670.85944000,1759910399999,324564761.87183740,585514,1288.46007000,156576311.28406210,0,2025-10-08T04:00:00.000Z,2025-10-08T07:59:59.999Z
1759910400000,121597.05000000,123200.00000000,121524.01000000,122884.14000000,3408.74044000,1759924799999,417698564.08653910,681423,2059.58628000,252263865.08248720,0,2025-10-08T08:00:00.000Z,2025-10-08T11:59:59.999Z
1759924800000,122884.14000000,123350.00000000,121649.68000000,122189.72000000,3373.36830000,1759939199999,413472933.84703670,1039222,1761.36381000,215957082.10997720,0,2025-10-08T12:00:00.000Z,2025-10-08T15:59:59.999Z
1759939200000,122189.72000000,124197.25000000,122110.08000000,123450.00000000,3795.53021000,1759953599999,468725361.06308990,896830,2110.11538000,260570178.91050690,0,2025-10-08T16:00:00.000Z,2025-10-08T19:59:59.999Z
1759953600000,123450.01000000,123737.00000000,122794.40000000,123306.00000000,1357.35135000,1759967999999,167308614.46123530,290569,655.12702000,80783165.24084460,0,2025-10-08T20:00:00.000Z,2025-10-08T23:59:59.999Z
1759968000000,123306.01000000,123348.32000000,121475.98000000,122038.01000000,2319.17839000,1759982399999,283578287.06055600,548381,1061.61448000,129742045.29798820,0,2025-10-09T00:00:00.000Z,2025-10-09T03:59:59.999Z
1759982400000,122038.01000000,122264.00000000,121724.71000000,121906.10000000,1451.14790000,1759996799999,177032613.48002480,351374,678.82991000,82810764.94710660,0,2025-10-09T04:00:00.000Z,2025-10-09T07:59:59.999Z
1759996800000,121906.09000000,122833.02000000,121145.49000000,122737.57000000,2689.44106000,1760011199999,327913491.37966740,614086,1321.39836000,161086013.21581150,0,2025-10-09T08:00:00.000Z,2025-10-09T11:59:59.999Z
1760011200000,122737.56000000,123762.94000000,120673.99000000,121147.14000000,6566.06200000,1760025599999,802158864.04645970,1257871,3132.48226000,382886650.71182700,0,2025-10-09T12:00:00.000Z,2025-10-09T15:59:59.999Z
1760025600000,121147.15000000,121481.90000000,119651.47000000,120951.72000000,6174.05969000,1760039999999,744428050.47005680,1020022,2595.55881000,312958583.58452960,0,2025-10-09T16:00:00.000Z,2025-10-09T19:59:59.999Z
1760040000000,120951.72000000,121900.00000000,120838.00000000,121662.40000000,2359.47103000,1760054399999,286326781.12996840,439433,1354.26982000,164398775.80697600,0,2025-10-09T20:00:00.000Z,2025-10-09T23:59:59.999Z
1760054400000,121662.41000000,121874.13000000,120900.00000000,121026.01000000,2094.68145000,1760068799999,254275035.70168650,516650,955.65412000,116026684.80004380,0,2025-10-10T00:00:00.000Z,2025-10-10T03:59:59.999Z
1760068800000,121026.00000000,121754.34000000,120855.41000000,120932.05000000,2566.54979000,1760083199999,311351111.01304550,596873,1052.11332000,127707284.61349640,0,2025-10-10T04:00:00.000Z,2025-10-10T07:59:59.999Z
1760083200000,120932.05000000,121777.07000000,120916.44000000,121554.55000000,1553.83694000,1760097599999,188695320.93428830,445775,835.88684000,101510363.65615800,0,2025-10-10T08:00:00.000Z,2025-10-10T11:59:59.999Z
1760097600000,121554.55000000,122550.00000000,118500.00000000,119018.98000000,7767.59253000,1760111999999,934592515.31947690,1732958,3669.89821000,441938383.39794500,0,2025-10-10T12:00:00.000Z,2025-10-10T15:59:59.999Z
1760112000000,119018.99000000,119456.28000000,115952.47000000,116661.50000000,8454.54427000,1760126399999,994807629.57088090,2022673,3793.97209000,446619279.93523020,0,2025-10-10T16:00:00.000Z,2025-10-10T19:59:59.999Z
1760126400000,116661.50000000,117214.64000000,102000.00000000,112774.50000000,41734.73429000,1760140799999,4666029292.50177920,6089593,20194.61839000,2259496456.44313430,0,2025-10-10T20:00:00.000Z,2025-10-10T23:59:59.999Z
1760140800000,112774.49000000,113322.39000000,111019.43000000,112300.01000000,11533.52669000,1760155199999,1293681040.67509890,2026502,5110.80551000,573335130.39242580,0,2025-10-11T00:00:00.000Z,2025-10-11T03:59:59.999Z
1760155200000,112300.00000000,112991.16000000,110090.29000000,110384.61000000,7142.76272000,1760169599999,797960337.70062370,1228503,3044.40272000,340310800.09882880,0,2025-10-11T04:00:00.000Z,2025-10-11T07:59:59.999Z
1760169600000,110384.60000000,112359.67000000,110162.23000000,112280.00000000,5929.13992000,1760183999999,661351285.92256900,1017523,2692.80191000,300419021.08388840,0,2025-10-11T08:00:00.000Z,2025-10-11T11:59:59.999Z
1760184000000,112280.01000000,112500.00000000,111793.20000000,111793.20000000,3681.24351000,1760198399999,412916020.17511150,650037,1364.49025000,153067514.69771550,0,2025-10-11T12:00:00.000Z,2025-10-11T15:59:59.999Z
1760198400000,111793.21000000,112185.53000000,110865.82000000,111178.31000000,3138.91159000,1760212799999,350434516.21946350,678020,1392.25845000,155445077.55367720,0,2025-10-11T16:00:00.000Z,2025-10-11T19:59:59.999Z
1760212800000,111178.30000000,111368.29000000,109561.59000000,110644.40000000,4022.93209000,1760227199999,444726272.53826970,1061344,1771.18912000,195852055.74041650,0,2025-10-11T20:00:00.000Z,2025-10-11T23:59:59.999Z
1760227200000,110644.40000000,111368.14000000,109565.06000000,110676.00000000,4785.58424000,1760241599999,527734464.99480780,1108600,2476.96052000,273173790.56971350,0,2025-10-12T00:00:00.000Z,2025-10-12T03:59:59.999Z
1760241600000,110676.00000000,112125.51000000,110617.10000000,111525.20000000,2731.29761000,1760255999999,304716749.81612510,607932,1477.25750000,164825649.67710120,0,2025-10-12T04:00:00.000Z,2025-10-12T07:59:59.999Z
1760256000000,111525.19000000,112133.33000000,111139.87000000,111848.36000000,2810.82095000,1760270399999,313927758.07705480,603209,1642.22975000,183428181.66277760,0,2025-10-12T08:00:00.000Z,2025-10-12T11:59:59.999Z
1760270400000,111848.35000000,113745.84000000,111177.75000000,113198.20000000,9020.41664000,1760284799999,1014104335.29719340,1362515,4653.69522000,523225849.13482730,0,2025-10-12T12:00:00.000Z,2025-10-12T15:59:59.999Z
1760284800000,113198.20000000,114700.00000000,113198.20000000,114342.28000000,6635.34892000,1760299199999,756389128.24520870,1144133,3685.75078000,420151541.27759350,0,2025-10-12T16:00:00.000Z,2025-10-12T19:59:59.999Z
1760299200000,114342.28000000,115770.00000000,114217.75000000,114958.80000000,6271.83436000,1760313599999,721674092.30976600,1222186,2979.55156000,342871466.85523780,0,2025-10-12T20:00:00.000Z,2025-10-12T23:59:59.999Z
1760313600000,114958.81000000,115963.81000000,114619.45000000,114821.12000000,4123.60858000,1760327999999,475323620.27149950,1164854,2174.32736000,250632301.02132630,0,2025-10-13T00:00:00.000Z,2025-10-13T03:59:59.999Z
1760328000000,114821.13000000,115554.83000000,114398.24000000,115399.67000000,3437.01313000,1760342399999,394916947.33842730,736105,1463.28676000,168265163.29489260,0,2025-10-13T04:00:00.000Z,2025-10-13T07:59:59.999Z
1760342400000,115399.66000000,115438.17000000,113616.50000000,114180.00000000,4560.86246000,1760356799999,523095735.56426370,873810,1919.26850000,220015762.35308800,0,2025-10-13T08:00:00.000Z,2025-10-13T11:59:59.999Z
1760356800000,114180.00000000,115530.00000000,113800.01000000,114312.10000000,5538.12887000,1760371199999,634545221.89615510,1607879,2528.50751000,289748367.09501470,0,2025-10-13T12:00:00.000Z,2025-10-13T15:59:59.999Z
1760371200000,114312.09000000,115891.30000000,114215.79000000,115792.84000000,3368.92301000,1760385599999,387384812.75319190,929742,1926.78270000,221567028.23752510,0,2025-10-13T16:00:00.000Z,2025-10-13T19:59:59.999Z
1760385600000,115792.84000000,115868.00000000,115005.44000000,115166.00000000,1528.70428000,1760399999999,176565323.16221170,426962,698.72440000,80721961.84061980,0,2025-10-13T20:00:00.000Z,2025-10-13T23:59:59.999Z
1760400000000,115166.00000000,115409.96000000,113279.76000000,113500.00000000,3456.84461000,1760414399999,394674575.75338980,805132,1323.21364000,150943873.64252020,0,2025-10-14T00:00:00.000Z,2025-10-14T03:59:59.999Z
1760414400000,113500.00000000,113691.00000000,111355.01000000,111724.41000000,6286.29915000,1760428799999,707088652.31309020,1394120,2719.93617000,305898644.00992760,0,2025-10-14T04:00:00.000Z,2025-10-14T07:59:59.999Z
1760428800000,111724.41000000,112140.00000000,110012.24000000,111313.98000000,5281.83478000,1760443199999,587216179.59909420,1285881,2512.77526000,279377550.88687940,0,2025-10-14T08:00:00.000Z,2025-10-14T11:59:59.999Z
1760443200000,111313.98000000,112943.82000000,109866.00000000,112900.43000000,7186.98731000,1760457599999,799750593.43009110,1807844,3813.50177000,424684587.78846380,0,2025-10-14T12:00:00.000Z,2025-10-14T15:59:59.999Z
1760457600000,112900.44000000,113544.53000000,111692.31000000,112613.70000000,7436.01163000,1760471999999,838223618.24299450,1608065,3642.46928000,410719177.73103840,0,2025-10-14T16:00:00.000Z,2025-10-14T19:59:59.999Z
1760472000000,112613.69000000,113577.00000000,112230.46000000,113028.14000000,2222.35226000,1760486399999,251187159.46983890,524600,932.29585000,105387558.57555130,0,2025-10-14T20:00:00.000Z,2025-10-14T23:59:59.999Z
1760486400000,113028.13000000,113612.35000000,111825.93000000,112024.29000000,3526.54912000,1760500799999,397532853.03578300,952530,1322.04541000,149048214.45436080,0,2025-10-15T00:00:00.000Z,2025-10-15T03:59:59.999Z
1760500800000,112024.30000000,112680.00000000,111746.76000000,112584.50000000,3442.20374000,1760515199999,386508741.52025990,684213,1626.18854000,182636474.79341180,0,2025-10-15T04:00:00.000Z,2025-10-15T07:59:59.999Z
1760515200000,112584.49000000,113520.88000000,111693.26000000,111905.73000000,3699.08334000,1760529599999,416606520.08440720,682792,1814.49868000,204405905.07585880,0,2025-10-15T08:00:00.000Z,2025-10-15T11:59:59.999Z
1760529600000,111905.72000000,112238.41000000,110400.00000000,110798.01000000,6590.50038000,1760543999999,733692945.28886140,1400159,3070.62390000,341849663.57600090,0,2025-10-15T12:00:00.000Z,2025-10-15T15:59:59.999Z
1760544000000,110798.01000000,111557.70000000,110164.00000000,111271.73000000,3317.74779000,1760558399999,367768608.86049960,900352,1590.42532000,176349438.25173040,0,2025-10-15T16:00:00.000Z,2025-10-15T19:59:59.999Z
1760558400000,111271.73000000,111556.27000000,110500.00000000,110763.28000000,2410.40374000,1760572799999,267529972.56295750,623095,1075.53646000,119389098.76941120,0,2025-10-15T20:00:00.000Z,2025-10-15T23:59:59.999Z
1760572800000,110763.28000000,111867.17000000,110361.00000000,111329.48000000,2715.42468000,1760587199999,301615168.74998910,687631,1221.15877000,135759727.12809650,0,2025-10-16T00:00:00.000Z,2025-10-16T03:59:59.999Z
1760587200000,111329.48000000,111773.70000000,110553.19000000,110584.20000000,3097.14260000,1760601599999,344138789.93560110,607552,1467.52379000,163043206.55192590,0,2025-10-16T04:00:00.000Z,2025-10-16T07:59:59.999Z
1760601600000,110584.21000000,111728.70000000,109635.15000000,111404.72000000,5282.11808000,1760615999999,585711124.99510880,846206,2170.84547000,240725496.97367200,0,2025-10-16T08:00:00.000Z,2025-10-16T11:59:59.999Z
1760616000000,111404.73000000,111982.45000000,108361.69000000,108549.21000000,8252.81169000,1760630399999,908795953.14954920,1477274,3577.93392000,394363524.07099250,0,2025-10-16T12:00:00.000Z,2025-10-16T15:59:59.999Z
1760630400000,108549.21000000,109254.00000000,107577.57000000,108197.66000000,8255.26892000,1760644799999,893885761.44353560,1758203,3666.66106000,397060507.69159610,0,2025-10-16T16:00:00.000Z,2025-10-16T19:59:59.999Z
1760644800000,108197.67000000,108500.00000000,107427.00000000,108194.28000000,2254.40655000,1760659199999,243449696.48813560,750228,1022.82818000,110464412.71009410,0,2025-10-16T20:00:00.000Z,2025-10-16T23:59:59.999Z
1760659200000,108194.27000000,109240.00000000,107934.40000000,109176.74000000,2417.89309000,1760673599999,262915949.64678930,657181,1309.43949000,142426417.46825860,0,2025-10-17T00:00:00.000Z,2025-10-17T03:59:59.999Z
1760673600000,109176.74000000,109236.01000000,105542.09000000,105633.75000000,8020.07533000,1760687999999,857923296.86673990,1248905,3466.17504000,370683205.32271730,0,2025-10-17T04:00:00.000Z,2025-10-17T07:59:59.999Z
1760688000000,105633.75000000,106651.22000000,103528.23000000,105683.72000000,13908.33322000,1760702399999,1461210664.78745070,2109169,6475.98178000,680680009.37603140,0,2025-10-17T08:00:00.000Z,2025-10-17T11:59:59.999Z
1760702400000,105683.71000000,106852.14000000,104533.21000000,106803.53000000,7847.34313000,1760716799999,828727762.14203950,1868165,3982.71375000,420695579.78051330,0,2025-10-17T12:00:00.000Z,2025-10-17T15:59:59.999Z
1760716800000,106803.52000000,107575.60000000,106071.42000000,106454.72000000,3916.46744000,1760731199999,418155597.41056440,1193604,1951.77304000,208397224.00649760,0,2025-10-17T16:00:00.000Z,2025-10-17T19:59:59.999Z
1760731200000,106457.24000000,107440.02000000,106342.47000000,106431.68000000,1810.55617000,1760745599999,193712364.36761810,493661,810.91636000,86772051.50220260,0,2025-10-17T20:00:00.000Z,2025-10-17T23:59:59.999Z
1760745600000,106431.68000000,107306.06000000,106322.20000000,107070.40000000,2668.30340000,1760759999999,285143227.21919690,488768,1167.19239000,124722456.75520810,0,2025-10-18T00:00:00.000Z,2025-10-18T03:59:59.999Z
1760760000000,107070.41000000,107499.00000000,106439.38000000,106665.00000000,2976.33507000,1760774399999,318150467.67952250,378449,1207.02099000,129059224.78808610,0,2025-10-18T04:00:00.000Z,2025-10-18T07:59:59.999Z
1760774400000,106665.01000000,107222.00000000,106605.93000000,107208.60000000,2336.72819000,1760788799999,249659994.42995920,363923,996.76784000,106514411.98271140,0,2025-10-18T08:00:00.000Z,2025-10-18T11:59:59.999Z
1760788800000,107208.61000000,107300.00000000,106739.33000000,106948.75000000,1425.61863000,1760803199999,152511346.81025600,365786,659.35452000,70540224.50488860,0,2025-10-18T12:00:00.000Z,2025-10-18T15:59:59.999Z
1760803200000,106948.75000000,107091.87000000,106484.00000000,107080.14000000,911.25891000,1760817599999,97309012.85446310,268451,409.53078000,43731737.45734410,0,2025-10-18T16:00:00.000Z,2025-10-18T19:59:59.999Z
1760817600000,107080.14000000,107339.03000000,106851.84000000,107185.01000000,804.94346000,1760831999999,86228950.14971530,240073,405.98989000,43497661.17357460,0,2025-10-18T20:00:00.000Z,2025-10-18T23:59:59.999Z
1760832000000,107185.00000000,107367.16000000,106734.17000000,107275.78000000,1058.11210000,1760846399999,113246566.50249440,305193,572.41603000,61273472.66982330,0,2025-10-19T00:00:00.000Z,2025-10-19T03:59:59.999Z
1760846400000,107275.79000000,107290.00000000,106558.61000000,106786.00000000,1247.19589000,1760860799999,133330673.61976110,272779,361.59131000,38656942.27153640,0,2025-10-19T04:00:00.000Z,2025-10-19T07:59:59.999Z
1760860800000,106786.00000000,108260.50000000,106103.36000000,107783.47000000,5059.55867000,1760875199999,542791265.76612820,948083,2432.26809000,261073470.30236680,0,2025-10-19T08:00:00.000Z,2025-10-19T11:59:59.999Z
1760875200000,107783.47000000,108621.68000000,107355.02000000,108486.70000000,3636.47308000,1760889599999,392685804.18583840,731160,1585.52233000,171308469.11391470,0,2025-10-19T12:00:00.000Z,2025-10-19T15:59:59.999Z
1760889600000,108486.71000000,109450.07000000,108240.00000000,108908.43000000,2430.56297000,1760903999999,264893608.88442130,535349,1325.22838000,144435789.74854060,0,2025-10-19T16:00:00.000Z,2025-10-19T19:59:59.999Z
1760904000000,108908.43000000,109370.99000000,108471.10000000,108642.78000000,2048.76152000,1760918399999,223126160.62159090,413076,823.28399000,89675391.71155600,0,2025-10-19T20:00:00.000Z,2025-10-19T23:59:59.999Z
1760918400000,108642.77000000,110427.86000000,107402.52000000,110145.44000000,3683.55508000,1760932799999,400176360.51037360,862320,1992.32352000,216654841.64830770,0,2025-10-20T00:00:00.000Z,2025-10-20T03:59:59.999Z
1760932800000,110145.45000000,111445.67000000,109951.96000000,111169.92000000,3967.97672000,1760947199999,439977425.89974130,790304,1907.72918000,211492108.07026680,0,2025-10-20T04:00:00.000Z,2025-10-20T07:59:59.999Z
1760947200000,111169.91000000,111679.25000000,110608.27000000,111016.75000000,3452.86704000,1760961599999,383080871.95537960,590987,1486.07636000,164926436.98444480,0,2025-10-20T08:00:00.000Z,2025-10-20T11:59:59.999Z
1760961600000,111016.75000000,111705.56000000,110588.23000000,111144.55000000,3006.20504000,1760975999999,334068083.14582060,771423,1648.65176000,183249326.62701760,0,2025-10-20T12:00:00.000Z,2025-10-20T15:59:59.999Z
1760976000000,111144.55000000,111303.05000000,109855.83000000,110803.22000000,3716.65669000,1760990399999,411207595.25859160,889862,1643.19253000,181822061.23186200,0,2025-10-20T16:00:00.000Z,2025-10-20T19:59:59.999Z
1760990400000,110803.22000000,111272.00000000,110418.25000000,110532.09000000,1366.18103000,1761004799999,151401848.82356160,378646,602.52740000,66781014.15980020,0,2025-10-20T20:00:00.000Z,2025-10-20T23:59:59.999Z
1761004800000,110532.09000000,110532.09000000,109052.09000000,109059.22000000,2405.81342000,1761019199999,264127437.21169580,608324,963.84762000,105811746.73016580,0,2025-10-21T00:00:00.000Z,2025-10-21T03:59:59.999Z
1761019200000,109059.23000000,109059.23000000,107473.72000000,108086.37000000,4930.32680000,1761033599999,532321148.44264440,940512,2446.76182000,264160920.63192270,0,2025-10-21T04:00:00.000Z,2025-10-21T07:59:59.999Z
1761033600000,108086.38000000,108811.47000000,107484.22000000,108580.01000000,2989.72657000,1761047999999,322984406.77116010,559059,1544.84835000,166933622.99076850,0,2025-10-21T08:00:00.000Z,2025-10-21T11:59:59.999Z
1761048000000,108580.00000000,113557.62000000,107922.06000000,113422.61000000,10002.10737000,1761062399999,1110813673.19708970,1543981,5298.66251000,588737592.25422460,0,2025-10-21T12:00:00.000Z,2025-10-21T15:59:59.999Z
1761062400000,113422.60000000,114000.00000000,111324.29000000,111780.39000000,10731.47816000,1761076799999,1207361848.57936080,1252490,4129.02854000,464925674.40134800,0,2025-10-21T16:00:00.000Z,2025-10-21T19:59:59.999Z
1761076800000,111780.40000000,111801.41000000,108045.81000000,108297.67000000,6168.56427000,1761091199999,676869335.73010330,1099697,2650.92271000,290758194.32618320,0,2025-10-21T20:00:00.000Z,2025-10-21T23:59:59.999Z
1761091200000,108297.66000000,108678.21000000,107841.20000000,108216.02000000,4851.56459000,1761105599999,524908590.84702240,840507,2194.03944000,237412756.45514790,0,2025-10-22T00:00:00.000Z,2025-10-22T03:59:59.999Z
1761105600000,108216.03000000,108638.99000000,107610.00000000,108321.63000000,3883.15964000,1761119999999,419961683.11696630,613952,1887.78021000,204123537.55507380,0,2025-10-22T04:00:00.000Z,2025-10-22T07:59:59.999Z
1761120000000,108321.64000000,108358.76000000,106708.18000000,107555.05000000,4012.65986000,1761134399999,432338324.06202630,727719,1930.54933000,208061542.90295110,0,2025-10-22T08:00:00.000Z,2025-10-22T11:59:59.999Z
1761134400000,107555.04000000,109163.88000000,107443.01000000,108416.50000000,7925.67327000,1761148799999,857769493.46711660,1583429,4129.73038000,447004110.56004140,0,2025-10-22T12:00:00.000Z,2025-10-22T15:59:59.999Z
1761148800000,108416.50000000,108796.42000000,107463.29000000,107870.35000000,4008.05438000,1761163199999,433349013.24843580,1045907,1834.81673000,198388126.94250520,0,2025-10-22T16:00:00.000Z,2025-10-22T19:59:59.999Z
1761163200000,107870.35000000,108069.93000000,106666.69000000,107567.44000000,3929.67277000,1761177599999,421964601.70241430,736389,1789.67252000,192189829.18425940,0,2025-10-22T20:00:00.000Z,2025-10-22T23:59:59.999Z
1761177600000,107567.45000000,108720.39000000,107500.00000000,108377.96000000,2373.50317000,1761191999999,256864135.28960750,464589,1373.58763000,148679711.22645820,0,2025-10-23T00:00:00.000Z,2025-10-23T03:59:59.999Z
1761192000000,108377.96000000,110298.29000000,108350.36000000,109269.90000000,3314.78585000,1761206399999,362892986.84639030,570401,1722.12985000,188470327.31864090,0,2025-10-23T04:00:00.000Z,2025-10-23T07:59:59.999Z
1761206400000,109269.90000000,109903.83000000,109100.40000000,109253.89000000,2204.01103000,1761220799999,241264711.48125920,502649,923.15956000,101051716.92231110,0,2025-10-23T08:00:00.000Z,2025-10-23T11:59:59.999Z
1761220800000,109253.88000000,110109.99000000,108685.72000000,109908.28000000,4284.59025000,1761235199999,468467126.05045160,1007719,2008.23313000,219658516.82841870,0,2025-10-23T12:00:00.000Z,2025-10-23T15:59:59.999Z
1761235200000,109908.29000000,111293.61000000,109647.34000000,110200.00000000,3640.32069000,1761249599999,402236205.45681640,768104,1754.75645000,193897589.02789710,0,2025-10-23T16:00:00.000Z,2025-10-23T19:59:59.999Z
1761249600000,110200.01000000,110200.01000000,109341.28000000,110078.18000000,1755.88195000,1761263999999,192857124.28686880,408152,793.47054000,87147456.37968470,0,2025-10-23T20:00:00.000Z,2025-10-23T23:59:59.999Z
1761264000000,110078.19000000,110829.67000000,109983.93000000,110441.46000000,1538.88446000,1761278399999,169931815.11104180,426487,769.67825000,84994925.61602570,0,2025-10-24T00:00:00.000Z,2025-10-24T03:59:59.999Z
1761278400000,110441.46000000,111522.30000000,110332.00000000,111054.61000000,2705.19443000,1761292799999,300689589.96854450,509244,1279.54685000,142216068.54217700,0,2025-10-24T04:00:00.000Z,2025-10-24T07:59:59.999Z
1761292800000,111054.61000000,111482.99000000,110600.00000000,111066.29000000,1981.64658000,1761307199999,220141112.18637800,471346,923.35826000,102590422.05462070,0,2025-10-24T08:00:00.000Z,2025-10-24T11:59:59.999Z
1761307200000,111066.29000000,112104.98000000,109700.01000000,110046.91000000,5533.12257000,1761321599999,612803819.68739330,1129774,2878.10124000,318815710.87111490,0,2025-10-24T12:00:00.000Z,2025-10-24T15:59:59.999Z
1761321600000,110046.92000000,110945.39000000,109797.13000000,110615.07000000,1470.06782000,1761335999999,162275454.82058950,449401,724.51583000,79977673.90280560,0,2025-10-24T16:00:00.000Z,2025-10-24T19:59:59.999Z
1761336000000,110615.07000000,111138.62000000,110478.00000000,111004.89000000,1776.25327000,1761350399999,196964973.17938530,254770,936.04297000,103795653.82087870,0,2025-10-24T20:00:00.000Z,2025-10-24T23:59:59.999Z
1761350400000,111004.90000000,111226.67000000,110672.86000000,111029.99000000,829.34913000,1761364799999,92046527.25413000,194895,367.77401000,40820815.41895470,0,2025-10-25T00:00:00.000Z,2025-10-25T03:59:59.999Z
1761364800000,111029.99000000,111820.87000000,111029.99000000,111489.60000000,1417.09029000,1761379199999,157850455.66227980,227170,724.70347000,80727189.87474580,0,2025-10-25T04:00:00.000Z,2025-10-25T07:59:59.999Z
1761379200000,111489.59000000,111850.13000000,111375.81000000,111563.81000000,1378.18654000,1761393599999,153829671.01956260,266206,653.34634000,72934111.00710620,0,2025-10-25T08:00:00.000Z,2025-10-25T11:59:59.999Z
1761393600000,111563.81000000,111943.19000000,111311.19000000,111385.18000000,1254.08497000,1761407999999,140016832.32685150,244526,638.99355000,71348352.93527360,0,2025-10-25T12:00:00.000Z,2025-10-25T15:59:59.999Z
1761408000000,111385.18000000,111731.78000000,111164.39000000,111623.45000000,963.51944000,1761422399999,107373824.60536790,163190,469.08267000,52279905.65885200,0,2025-10-25T16:00:00.000Z,2025-10-25T19:59:59.999Z
1761422400000,111623.46000000,111683.64000000,111342.25000000,111646.27000000,565.73827000,1761436799999,63084022.10693060,142212,233.18656000,26003556.90501290,0,2025-10-25T20:00:00.000Z,2025-10-25T23:59:59.999Z
1761436800000,111646.27000000,111899.56000000,111260.45000000,111260.46000000,1026.78183000,1761451199999,114618902.34025810,243633,493.56294000,55102642.18806540,0,2025-10-26T00:00:00.000Z,2025-10-26T03:59:59.999Z
1761451200000,111260.46000000,111724.96000000,111260.46000000,111723.98000000,665.50994000,1761465599999,74245097.48287320,135224,295.10796000,32917227.94134560,0,2025-10-26T04:00:00.000Z,2025-10-26T07:59:59.999Z
1761465600000,111723.98000000,113466.23000000,111708.63000000,113286.09000000,2987.57218000,1761479999999,336251998.90545930,530342,1692.61555000,190470997.02635120,0,2025-10-26T08:00:00.000Z,2025-10-26T11:59:59.999Z
1761480000000,113286.09000000,114000.00000000,113279.85000000,113694.97000000,3506.31151000,1761494399999,398495383.47311540,638258,1810.59530000,205784535.04910010,0,2025-10-26T12:00:00.000Z,2025-10-26T15:59:59.999Z
1761494400000,113694.97000000,113793.93000000,113290.62000000,113585.99000000,1360.11589000,1761508799999,154479293.13946870,264232,700.62746000,79576417.30422390,0,2025-10-26T16:00:00.000Z,2025-10-26T19:59:59.999Z
1761508800000,113585.98000000,115466.80000000,112901.00000000,114559.40000000,3908.18602000,1761523199999,447017960.53365430,652262,1989.67233000,227610529.84251940,0,2025-10-26T20:00:00.000Z,2025-10-26T23:59:59.999Z
1761523200000,114559.41000000,115445.39000000,114362.26000000,114958.51000000,3281.65267000,1761537599999,377376939.95511680,577231,1589.72571000,182815398.58710630,0,2025-10-27T00:00:00.000Z,2025-10-27T03:59:59.999Z
1761537600000,114958.52000000,116400.00000000,114938.01000000,115554.60000000,5478.94550000,1761551999999,633955282.06237310,586816,2646.60413000,306259140.24850200,0,2025-10-27T04:00:00.000Z,2025-10-27T07:59:59.999Z
1761552000000,115554.59000000,115607.48000000,114814.69000000,115362.02000000,3701.92326000,1761566399999,426625263.46932380,613711,1915.00076000,220708684.50489810,0,2025-10-27T08:00:00.000Z,2025-10-27T11:59:59.999Z
1761566400000,115362.02000000,115437.48000000,114503.99000000,114969.68000000,4493.43933000,1761580799999,516855472.91437840,851039,2572.36483000,295949796.01883060,0,2025-10-27T12:00:00.000Z,2025-10-27T15:59:59.999Z
1761580800000,114969.68000000,115790.00000000,114790.81000000,114942.64000000,2258.20754000,1761595199999,260415633.17640470,566697,1231.23640000,141982997.80594250,0,2025-10-27T16:00:00.000Z,2025-10-27T19:59:59.999Z
1761595200000,114942.64000000,114942.64000000,113830.01000000,114107.65000000,2236.06411000,1761609599999,255644152.97137130,464994,1014.76999000,116037519.83211030,0,2025-10-27T20:00:00.000Z,2025-10-27T23:59:59.999Z
1761609600000,114107.65000000,114547.20000000,113569.91000000,113908.24000000,2184.14279000,1761623999999,249078499.17575480,534662,1062.96518000,121263244.50565580,0,2025-10-28T00:00:00.000Z,2025-10-28T03:59:59.999Z
1761624000000,113908.25000000,114364.99000000,113483.30000000,114188.37000000,2190.67870000,1761638399999,249610851.30832060,440948,1177.15207000,134176578.42595450,0,2025-10-28T04:00:00.000Z,2025-10-28T07:59:59.999Z
1761638400000,114188.38000000,114673.68000000,114113.30000000,114357.73000000,1236.93368000,1761652799999,141553113.37531410,319441,693.52322000,79367303.02501140,0,2025-10-28T08:00:00.000Z,2025-10-28T11:59:59.999Z
1761652800000,114357.72000000,116086.00000000,114138.06000000,114641.38000000,4008.51256000,1761667199999,461318636.60888170,953393,2144.82032000,246823604.61125620,0,2025-10-28T12:00:00.000Z,2025-10-28T15:59:59.999Z
1761667200000,114641.38000000,115591.41000000,113566.44000000,113689.99000000,2719.79536000,1761681599999,311866109.38281170,808093,1185.87128000,135977926.47220320,0,2025-10-28T16:00:00.000Z,2025-10-28T19:59:59.999Z
1761681600000,113689.00000000,113703.32000000,112211.00000000,112898.45000000,3183.35948000,1761695999999,359326320.01319140,773308,1500.98367000,169423028.97629140,0,2025-10-28T20:00:00.000Z,2025-10-28T23:59:59.999Z
1761696000000,112898.44000000,112975.75000000,112100.00000000,112523.49000000,2076.22141000,1761710399999,233656087.46441260,535194,1052.79215000,118493920.49103820,0,2025-10-29T00:00:00.000Z,2025-10-29T03:59:59.999Z
1761710400000,112523.49000000,113577.90000000,112505.58000000,113577.90000000,2036.63326000,1761724799999,230406563.47121770,476864,1223.31581000,138415870.08883500,0,2025-10-29T04:00:00.000Z,2025-10-29T07:59:59.999Z
1761724800000,113577.90000000,113624.12000000,112732.91000000,113132.36000000,1970.99326000,1761739199999,222834417.53913540,499662,930.48855000,105201400.17206480,0,2025-10-29T08:00:00.000Z,2025-10-29T11:59:59.999Z
1761739200000,113132.35000000,113643.73000000,111401.50000000,111509.74000000,4606.39611000,1761753599999,518205638.83404190,909507,2103.06792000,236646386.00103010,0,2025-10-29T12:00:00.000Z,2025-10-29T15:59:59.999Z
1761753600000,111509.74000000,112030.23000000,109200.00000000,110640.00000000,7741.83881000,1761767999999,858061551.38728850,1495250,3882.32757000,430461370.18229960,0,2025-10-29T16:00:00.000Z,2025-10-29T19:59:59.999Z
1761768000000,110640.00000000,111800.00000000,109733.22000000,110021.29000000,2647.63091000,1761782399999,293551727.83744950,565003,1215.08033000,134766660.42164080,0,2025-10-29T20:00:00.000Z,2025-10-29T23:59:59.999Z
1761782400000,110021.30000000,111011.99000000,109703.43000000,110751.47000000,2342.18582000,1761796799999,258931839.89521190,739026,1268.55359000,140259365.83410840,0,2025-10-30T00:00:00.000Z,2025-10-30T03:59:59.999Z
1761796800000,110751.48000000,111592.00000000,107925.06000000,111366.72000000,6581.76635000,1761811199999,721393750.98240340,1411519,3091.55131000,339023420.52186120,0,2025-10-30T04:00:00.000Z,2025-10-30T07:59:59.999Z
1761811200000,111366.72000000,111467.01000000,109692.30000000,109717.29000000,2970.54213000,1761825599999,328280743.30532370,654575,1446.01162000,159930939.73422950,0,2025-10-30T08:00:00.000Z,2025-10-30T11:59:59.999Z
1761825600000,109717.19000000,109777.93000000,107328.00000000,107711.56000000,6544.11088000,1761839999999,708189412.36955010,1517196,2818.22871000,304917344.57699070,0,2025-10-30T12:00:00.000Z,2025-10-30T15:59:59.999Z
1761840000000,107711.56000000,108214.85000000,106304.34000000,106536.39000000,4367.26208000,1761854399999,468198728.55431050,1236676,2160.61074000,231675933.97527400,0,2025-10-30T16:00:00.000Z,2025-10-30T19:59:59.999Z
1761854400000,106536.39000000,108334.53000000,106316.17000000,108322.88000000,3182.96112000,1761868799999,342226812.31599810,814459,1766.17547000,189864832.10312860,0,2025-10-30T20:00:00.000Z,2025-10-30T23:59:59.999Z
1761868800000,108322.87000000,110042.16000000,108275.28000000,109227.86000000,4174.28130000,1761883199999,455966040.94216250,960277,2155.33116000,235335604.37036930,0,2025-10-31T00:00:00.000Z,2025-10-31T03:59:59.999Z
1761883200000,109227.87000000,110215.00000000,109114.88000000,109449.31000000,3598.46922000,1761897599999,394846317.42010490,658157,1883.72644000,206691602.44366120,0,2025-10-31T04:00:00.000Z,2025-10-31T07:59:59.999Z
1761897600000,109449.32000000,110550.00000000,109214.13000000,110415.61000000,2439.82294000,1761911999999,268095333.79047240,774441,1270.09048000,139585215.28066720,0,2025-10-31T08:00:00.000Z,2025-10-31T11:59:59.999Z
1761912000000,110415.62000000,111190.00000000,109366.91000000,110202.90000000,6113.31690000,1761926399999,674176528.02866320,1364081,3026.98946000,333794177.44850030,0,2025-10-31T12:00:00.000Z,2025-10-31T15:59:59.999Z
1761926400000,110202.90000000,110300.00000000,108635.00000000,109828.78000000,3864.41061000,1761940799999,422927587.12721600,1112496,1832.91090000,200615614.15076200,0,2025-10-31T16:00:00.000Z,2025-10-31T19:59:59.999Z
1761940800000,109828.78000000,109828.79000000,109329.15000000,109608.01000000,1327.90342000,1761955199999,145578630.63279160,387420,629.49094000,69012077.22981970,0,2025-10-31T20:00:00.000Z,2025-10-31T23:59:59.999Z
1761955200000,109608.01000000,110315.54000000,109394.81000000,110226.37000000,1329.53082000,1761969599999,146006095.13733150,385004,653.50096000,71803407.48244760,0,2025-11-01T00:00:00.000Z,2025-11-01T03:59:59.999Z
1761969600000,110226.38000000,110564.49000000,109933.86000000,110071.40000000,1273.91172000,1761983999999,140381375.20220160,380643,639.76727000,70516318.61621290,0,2025-11-01T04:00:00.000Z,2025-11-01T07:59:59.999Z
1761984000000,110071.40000000,110270.90000000,109854.72000000,110137.59000000,1127.98746000,1761998399999,124209420.19100380,295459,472.46328000,52025258.51342440,0,2025-11-01T08:00:00.000Z,2025-11-01T11:59:59.999Z
1761998400000,110137.59000000,110348.00000000,109702.66000000,110310.65000000,1527.00509000,1762012799999,168019813.01416150,382377,660.93732000,72733912.50921440,0,2025-11-01T12:00:00.000Z,2025-11-01T15:59:59.999Z
1762012800000,110310.65000000,110529.99000000,110192.00000000,110299.99000000,1247.33562000,1762027199999,137620948.55515930,289313,518.27214000,57179425.63534000,0,2025-11-01T16:00:00.000Z,2025-11-01T19:59:59.999Z
1762027200000,110300.00000000,110516.17000000,109858.44000000,110098.10000000,872.73360000,1762041599999,96151564.33482210,261418,461.74304000,50868633.32433290,0,2025-11-01T20:00:00.000Z,2025-11-01T23:59:59.999Z
1762041600000,110098.10000000,110263.91000000,109879.39000000,110053.23000000,856.27323000,1762055999999,94206511.20791700,267327,394.71748000,43427375.81639130,0,2025-11-02T00:00:00.000Z,2025-11-02T03:59:59.999Z
1762056000000,110053.22000000,111045.09000000,110030.06000000,110895.53000000,4429.20302000,1762070399999,489250033.64313090,461181,2123.47602000,234576743.35384980,0,2025-11-02T04:00:00.000Z,2025-11-02T07:59:59.999Z
1762070400000,110895.53000000,111229.78000000,110346.15000000,111196.99000000,2428.29839000,1762084799999,269043636.51866950,459169,1376.45057000,152531674.26447490,0,2025-11-02T08:00:00.000Z,2025-11-02T11:59:59.999Z
1762084800000,111196.99000000,111250.01000000,110096.32000000,110117.48000000,1689.37947000,1762099199999,186792574.79959330,635447,684.37845000,75667811.83595660,0,2025-11-02T12:00:00.000Z,2025-11-02T15:59:59.999Z
1762099200000,110117.49000000,110331.00000000,109735.59000000,110180.84000000,1185.47603000,1762113599999,130460363.67125550,393116,548.03472000,60313933.34489600,0,2025-11-02T16:00:00.000Z,2025-11-02T19:59:59.999Z
1762113600000,110180.85000000,110742.26000000,109471.34000000,110540.68000000,1518.37073000,1762127999999,167117411.30093510,435948,794.80729000,87499411.63940910,0,2025-11-02T20:00:00.000Z,2025-11-02T23:59:59.999Z
1762128000000,110540.69000000,110750.00000000,107907.44000000,107937.45000000,3966.52950000,1762142399999,432603763.74470690,1081477,1549.53784000,169089269.75014650,0,2025-11-03T00:00:00.000Z,2025-11-03T03:59:59.999Z
1762142400000,107937.45000000,108075.00000000,107006.05000000,107468.23000000,3863.52296000,1762156799999,415777364.35502580,1021779,1732.68723000,186488212.40925550,0,2025-11-03T04:00:00.000Z,2025-11-03T07:59:59.999Z
1762156800000,107468.23000000,107920.92000000,106726.63000000,107787.42000000,3470.56341000,1762171199999,372521974.05006570,843738,1336.89855000,143566135.88646470,0,2025-11-03T08:00:00.000Z,2025-11-03T11:59:59.999Z
1762171200000,107787.42000000,108333.00000000,105511.00000000,105745.71000000,6164.15776000,1762185599999,658853370.06006160,1406770,2736.08562000,292713084.95608620,0,2025-11-03T12:00:00.000Z,2025-11-03T15:59:59.999Z
1762185600000,105745.71000000,107783.20000000,105306.56000000,107090.00000000,7788.41484000,1762199999999,831009280.84604140,1607380,3941.81189000,420832902.89159470,0,2025-11-03T16:00:00.000Z,2025-11-03T19:59:59.999Z
1762200000000,107090.00000000,107169.68000000,105755.59000000,106583.04000000,3427.99932000,1762214399999,365240898.94566620,1113402,1550.06461000,165179500.77463000,0,2025-11-03T20:00:00.000Z,2025-11-03T23:59:59.999Z
1762214400000,106583.05000000,107298.74000000,105852.37000000,107158.79000000,4088.97853000,1762228799999,436423930.82185960,1143312,2165.32008000,231160851.19730460,0,2025-11-04T00:00:00.000Z,2025-11-04T03:59:59.999Z
1762228800000,107158.79000000,107299.00000000,104200.00000000,104490.72000000,8029.86674000,1762243199999,843886603.04962230,1331077,3545.81771000,372635866.52159020,0,2025-11-04T04:00:00.000Z,2025-11-04T07:59:59.999Z
1762243200000,104490.73000000,104699.07000000,103605.00000000,104584.76000000,5321.10046000,1762257599999,553645646.13641240,1134201,2356.12744000,245227214.89426040,0,2025-11-04T08:00:00.000Z,2025-11-04T11:59:59.999Z
1762257600000,104584.75000000,104842.63000000,102915.05000000,103197.01000000,7422.89891000,1762271999999,771384225.02818840,1426626,3369.74360000,350343743.47787130,0,2025-11-04T12:00:00.000Z,2025-11-04T15:59:59.999Z
1762272000000,103197.02000000,103500.05000000,100010.73000000,100542.64000000,13452.93585000,1762286399999,1365558040.85499980,2318110,5835.50979000,592159463.66141540,0,2025-11-04T16:00:00.000Z,2025-11-04T19:59:59.999Z
1762286400000,100542.64000000,101893.09000000,98944.36000000,101497.22000000,12219.09327000,1762300799999,1226799189.32133060,1746283,6116.47171000,614659573.41808790,0,2025-11-04T20:00:00.000Z,2025-11-04T23:59:59.999Z
1762300800000,101497.23000000,102272.23000000,98966.80000000,102130.00000000,11012.84461000,1762315199999,1112866261.74712390,1673739,5994.42193000,606434384.07175410,0,2025-11-05T00:00:00.000Z,2025-11-05T03:59:59.999Z
1762315200000,102130.00000000,102370.00000000,101500.00000000,101993.02000000,4661.84078000,1762329599999,475097234.83173590,851440,2746.17482000,279901652.57416230,0,2025-11-05T04:00:00.000Z,2025-11-05T07:59:59.999Z
1762329600000,101993.03000000,102203.48000000,101176.47000000,102070.61000000,3577.50149000,1762343999999,363913571.27303160,951725,1707.09793000,173678197.12994540,0,2025-11-05T08:00:00.000Z,2025-11-05T11:59:59.999Z
1762344000000,102070.62000000,103798.37000000,101916.77000000,103728.30000000,6345.91865000,1762358399999,653026807.78414900,1351515,3373.83408000,347148140.13919310,0,2025-11-05T12:00:00.000Z,2025-11-05T15:59:59.999Z
1762358400000,103728.30000000,104529.41000000,103057.56000000,104008.09000000,5492.77185000,1762372799999,570411754.09405680,1024155,2970.15061000,308477445.34230220,0,2025-11-05T16:00:00.000Z,2025-11-05T19:59:59.999Z
1762372800000,104008.09000000,104534.74000000,103305.05000000,103885.16000000,2687.89833000,1762387199999,278958292.97028780,647794,1335.16891000,138592457.77565400,0,2025-11-05T20:00:00.000Z,2025-11-05T23:59:59.999Z
1762387200000,103885.16000000,103933.33000000,102716.26000000,103636.03000000,3781.79437000,1762401599999,390929714.24654910,780423,1749.99479000,180979875.21861050,0,2025-11-06T00:00:00.000Z,2025-11-06T03:59:59.999Z
1762401600000,103636.92000000,104200.00000000,102910.66000000,103185.48000000,2970.86552000,1762415999999,307362272.81810780,691840,1440.19015000,149002888.02251960,0,2025-11-06T04:00:00.000Z,2025-11-06T07:59:59.999Z
1762416000000,103184.75000000,103440.00000000,102651.63000000,103227.58000000,2657.25315000,1762430399999,273797105.78150730,601119,1218.27403000,125558071.41161330,0,2025-11-06T08:00:00.000Z,2025-11-06T11:59:59.999Z
1762430400000,103227.59000000,103626.46000000,101630.00000000,102014.48000000,6680.54627000,1762444799999,684922658.90816760,1423851,3077.74547000,315571206.30049840,0,2025-11-06T12:00:00.000Z,2025-11-06T15:59:59.999Z
1762444800000,102014.49000000,102393.51000000,100300.95000000,101388.81000000,6059.26390000,1762459199999,614113022.67704130,1486946,2872.87721000,291193915.75492790,0,2025-11-06T16:00:00.000Z,2025-11-06T19:59:59.999Z
1762459200000,101388.82000000,101643.28000000,100541.17000000,101346.04000000,3664.89818000,1762473599999,370643071.87445390,770822,1613.46631000,163168216.31225870,0,2025-11-06T20:00:00.000Z,2025-11-06T23:59:59.999Z
1762473600000,101346.04000000,102500.00000000,100749.94000000,101916.29000000,3965.61372000,1762487999999,403088110.39778900,943483,2128.87551000,216449745.77954460,0,2025-11-07T00:00:00.000Z,2025-11-07T03:59:59.999Z
1762488000000,101916.30000000,102527.00000000,101582.92000000,102010.00000000,3062.61099000,1762502399999,312471284.79447900,509762,1574.51690000,160653541.84645480,0,2025-11-07T04:00:00.000Z,2025-11-07T07:59:59.999Z
1762502400000,102009.99000000,102050.00000000,99803.58000000,100411.89000000,6600.41114000,1762516799999,664666294.16890730,918643,2879.09401000,289994391.35709790,0,2025-11-07T08:00:00.000Z,2025-11-07T11:59:59.999Z
1762516800000,100411.89000000,101253.99000000,99260.86000000,100797.95000000,8633.01674000,1762531199999,866264177.91528510,1737051,4148.59622000,416359938.74405480,0,2025-11-07T12:00:00.000Z,2025-11-07T15:59:59.999Z
1762531200000,100797.95000000,103395.25000000,100517.06000000,103395.25000000,6836.56812000,1762545599999,697868477.57218250,1502726,3813.60430000,389443591.17201650,0,2025-11-07T16:00:00.000Z,2025-11-07T19:59:59.999Z
1762545600000,103395.92000000,104096.36000000,102958.00000000,103339.08000000,2961.28871000,1762559999999,306754634.45724110,724094,1512.11888000,156662950.21741130,0,2025-11-07T20:00:00.000Z,2025-11-07T23:59:59.999Z
1762560000000,103339.09000000,103406.22000000,102539.49000000,102592.76000000,2401.80651000,1762574399999,247393811.11030640,629572,1113.71411000,114721359.99916640,0,2025-11-08T00:00:00.000Z,2025-11-08T03:59:59.999Z
1762574400000,102592.76000000,102836.00000000,101902.64000000,102352.96000000,2041.96251000,1762588799999,209096178.94724760,476427,926.76290000,94914090.68317130,0,2025-11-08T04:00:00.000Z,2025-11-08T07:59:59.999Z
1762588800000,102352.96000000,102687.72000000,101715.76000000,101857.10000000,1838.21057000,1762603199999,188094724.24426800,312208,946.25001000,96870375.41308650,0,2025-11-08T08:00:00.000Z,2025-11-08T11:59:59.999Z
1762603200000,101857.10000000,102186.99000000,101454.00000000,101711.45000000,3063.13156000,1762617599999,311920799.26898880,599586,1422.70684000,144874458.84453080,0,2025-11-08T12:00:00.000Z,2025-11-08T15:59:59.999Z
1762617600000,101711.46000000,102219.39000000,101522.08000000,101989.65000000,2120.40711000,1762631999999,216053546.78948290,466017,1020.21972000,103954201.07156040,0,2025-11-08T16:00:00.000Z,2025-11-08T19:59:59.999Z
1762632000000,101989.65000000,102482.20000000,101957.94000000,102312.94000000,925.26159000,1762646399999,94606505.01497640,260009,433.00619000,44276869.35563130,0,2025-11-08T20:00:00.000Z,2025-11-08T23:59:59.999Z
1762646400000,102312.95000000,102337.89000000,101400.00000000,101662.05000000,2156.33613000,1762660799999,219537593.39204380,616651,908.61541000,92497094.64735000,0,2025-11-09T00:00:00.000Z,2025-11-09T03:59:59.999Z
1762660800000,101662.05000000,102130.61000000,101635.96000000,101944.59000000,1101.66332000,1762675199999,112197860.87614880,363847,619.14252000,63055519.23332330,0,2025-11-09T04:00:00.000Z,2025-11-09T07:59:59.999Z
1762675200000,101944.60000000,102307.68000000,101500.00000000,102239.41000000,1825.56978000,1762689599999,185981154.42502120,353586,835.87780000,85164742.76543920,0,2025-11-09T08:00:00.000Z,2025-11-09T11:59:59.999Z
1762689600000,102239.41000000,104168.00000000,102050.64000000,103762.17000000,4687.64884000,1762703999999,483748413.73318440,722447,2499.46338000,257925660.77049640,0,2025-11-09T12:00:00.000Z,2025-11-09T15:59:59.999Z
1762704000000,103762.18000000,104805.57000000,103316.23000000,104805.57000000,2824.51417000,1762718399999,293847990.86660870,607461,1503.79538000,156497160.61093190,0,2025-11-09T16:00:00.000Z,2025-11-09T19:59:59.999Z
1762718400000,104805.57000000,105495.62000000,104058.59000000,104722.96000000,3743.23872000,1762732799999,391707809.07381390,740212,1858.05490000,194480479.05936890,0,2025-11-09T20:00:00.000Z,2025-11-09T23:59:59.999Z
1762732800000,104722.95000000,106670.11000000,104265.02000000,106027.97000000,6501.34292000,1762747199999,688330751.36494140,1105300,3466.31181000,367007356.66590460,0,2025-11-10T00:00:00.000Z,2025-11-10T03:59:59.999Z
1762747200000,106027.97000000,106539.40000000,105846.26000000,106461.45000000,2684.13909000,1762761599999,285126740.59654170,551715,1261.23025000,133980596.15078910,0,2025-11-10T04:00:00.000Z,2025-11-10T07:59:59.999Z
1762761600000,106461.46000000,106599.47000000,105836.00000000,106176.50000000,2356.44228000,1762775999999,250303165.19680590,517348,1127.69901000,119810855.03326120,0,2025-11-10T08:00:00.000Z,2025-11-10T11:59:59.999Z
1762776000000,106176.50000000,106589.89000000,104667.00000000,105079.99000000,5720.78074000,1762790399999,603764964.61561580,1082422,2898.48369000,305814225.76834470,0,2025-11-10T12:00:00.000Z,2025-11-10T15:59:59.999Z
1762790400000,105079.99000000,106094.31000000,104784.36000000,105817.99000000,2756.40939000,1762804799999,290768599.34062960,824659,1450.70631000,153091630.45769770,0,2025-11-10T16:00:00.000Z,2025-11-10T19:59:59.999Z
1762804800000,105818.00000000,106299.22000000,105280.00000000,106011.13000000,2663.14231000,1762819199999,281847443.27480730,629513,1391.38837000,147261224.67077250,0,2025-11-10T20:00:00.000Z,2025-11-10T23:59:59.999Z
1762819200000,106011.13000000,107500.00000000,105500.00000000,106456.00000000,4935.02762000,1762833599999,525356395.76815770,1218316,2617.96478000,278682284.14789340,0,2025-11-11T00:00:00.000Z,2025-11-11T03:59:59.999Z
1762833600000,106456.00000000,106546.00000000,104741.20000000,104783.98000000,3316.23424000,1762847999999,349279323.97086470,762108,1407.46249000,148211331.68933010,0,2025-11-11T04:00:00.000Z,2025-11-11T07:59:59.999Z
1762848000000,104783.99000000,105497.99000000,104762.23000000,105311.90000000,1804.62899000,1762862399999,189782002.69277480,556080,897.09756000,94346867.69019270,0,2025-11-11T08:00:00.000Z,2025-11-11T11:59:59.999Z
1762862400000,105311.90000000,105500.00000000,103170.33000000,103455.99000000,8851.06900000,1762876799999,922656573.81633210,1300049,3063.03921000,319059751.49052540,0,2025-11-11T12:00:00.000Z,2025-11-11T15:59:59.999Z
1762876800000,103455.99000000,103730.00000000,102840.22000000,103126.39000000,2547.95909000,1762891199999,263209913.29398040,951372,1328.94058000,137297054.02384740,0,2025-11-11T16:00:00.000Z,2025-11-11T19:59:59.999Z
1762891200000,103126.39000000,103224.29000000,102476.09000000,103058.99000000,2741.58824000,1762905599999,281994861.46481180,744224,1402.52933000,144293295.15798750,0,2025-11-11T20:00:00.000Z,2025-11-11T23:59:59.999Z
1762905600000,103059.00000000,103440.96000000,102687.72000000,103310.00000000,2672.05561000,1762919999999,275664621.79534140,712109,1480.03804000,152691305.04303470,0,2025-11-12T00:00:00.000Z,2025-11-12T03:59:59.999Z
1762920000000,103310.00000000,103654.38000000,103011.00000000,103112.66000000,2165.62446000,1762934399999,223876678.59250970,456907,1018.37117000,105290412.13916740,0,2025-11-12T04:00:00.000Z,2025-11-12T07:59:59.999Z
1762934400000,103112.65000000,105200.00000000,103112.24000000,105020.83000000,3543.70691000,1762948799999,370288160.23051800,859788,1825.19245000,190745516.86616060,0,2025-11-12T08:00:00.000Z,2025-11-12T11:59:59.999Z
1762948800000,105020.82000000,105333.33000000,101961.97000000,102173.51000000,5192.00313000,1762963199999,538988254.46131070,1263432,2521.51117000,261973942.44819200,0,2025-11-12T12:00:00.000Z,2025-11-12T15:59:59.999Z
1762963200000,102173.51000000,102285.18000000,100813.59000000,101297.31000000,4869.26591000,1762977599999,494776144.55708840,1384266,2243.41540000,227983243.98082900,0,2025-11-12T16:00:00.000Z,2025-11-12T19:59:59.999Z
1762977600000,101297.31000000,101999.35000000,101141.03000000,101654.37000000,2014.98304000,1762991999999,204920545.62410900,637630,1067.19272000,108529642.66090330,0,2025-11-12T20:00:00.000Z,2025-11-12T23:59:59.999Z
1762992000000,101654.37000000,102604.00000000,100922.55000000,102130.21000000,3586.47221000,1763006399999,365966664.77125300,997540,1921.36522000,196165514.15192480,0,2025-11-13T00:00:00.000Z,2025-11-13T03:59:59.999Z
1763006400000,102130.21000000,104085.01000000,101665.59000000,103475.66000000,4325.82278000,1763020799999,445801818.96748210,1055068,2133.16561000,219842704.78862690,0,2025-11-13T04:00:00.000Z,2025-11-13T07:59:59.999Z
1763020800000,103475.66000000,103811.49000000,102553.63000000,102936.50000000,3138.63943000,1763035199999,323760207.89943510,710617,1347.00783000,138967377.84552530,0,2025-11-13T08:00:00.000Z,2025-11-13T11:59:59.999Z
1763035200000,102936.49000000,103483.83000000,101184.14000000,101382.64000000,6264.43277000,1763049599999,641236574.50672240,1473530,3143.15912000,321699438.80366230,0,2025-11-13T12:00:00.000Z,2025-11-13T15:59:59.999Z
1763049600000,101382.63000000,101540.93000000,98147.40000000,98682.14000000,12921.08077000,1763063999999,1287758119.74310280,2330556,5791.94365000,577182744.55559680,0,2025-11-13T16:00:00.000Z,2025-11-13T19:59:59.999Z
1763064000000,98682.13000000,100501.31000000,98000.40000000,99692.02000000,5962.05975000,1763078399999,590174640.65238510,1558093,2913.58283000,288591337.43102460,0,2025-11-13T20:00:00.000Z,2025-11-13T23:59:59.999Z
1763078400000,99692.03000000,99866.02000000,98700.00000000,99139.38000000,5839.81569000,1763092799999,579385672.37833360,1486546,2349.26877000,233173956.01174150,0,2025-11-14T00:00:00.000Z,2025-11-14T03:59:59.999Z
1763092800000,99139.38000000,99178.58000000,95933.75000000,97151.98000000,11116.73192000,1763107199999,1082194107.92546890,1934993,4907.35592000,477783627.13180640,0,2025-11-14T04:00:00.000Z,2025-11-14T07:59:59.999Z
1763107200000,97151.97000000,97553.70000000,95711.00000000,96167.44000000,5255.60132000,1763121599999,508642583.37145060,1178503,2404.70579000,232864999.50434640,0,2025-11-14T08:00:00.000Z,2025-11-14T11:59:59.999Z
1763121600000,96167.45000000,97322.35000000,94560.48000000,96796.14000000,14312.72078000,1763135999999,1368309339.18178380,2297886,6690.99008000,640143497.18921060,0,2025-11-14T12:00:00.000Z,2025-11-14T15:59:59.999Z
1763136000000,96796.14000000,97411.11000000,94800.55000000,95778.29000000,5605.64502000,1763150399999,538749646.77808850,1457872,2651.43720000,254866154.48602630,0,2025-11-14T16:00:00.000Z,2025-11-14T19:59:59.999Z
1763150400000,95778.30000000,95940.00000000,94012.45000000,94594.00000000,5157.63008000,1763164799999,488803807.11208140,1195225,2181.15742000,206710052.54035230,0,2025-11-14T20:00:00.000Z,2025-11-14T23:59:59.999Z
1763164800000,94594.00000000,96846.68000000,94558.49000000,96417.12000000,4376.79077000,1763179199999,419031979.36271250,1195381,2164.97401000,207241482.17042330,0,2025-11-15T00:00:00.000Z,2025-11-15T03:59:59.999Z
1763179200000,96417.12000000,96570.65000000,95921.21000000,96333.86000000,2543.94362000,1763193599999,244679611.03326390,641163,1090.17010000,104866837.92376120,0,2025-11-15T04:00:00.000Z,2025-11-15T07:59:59.999Z
1763193600000,96333.87000000,96350.52000000,95630.00000000,95696.87000000,2336.22638000,1763207999999,224112917.96833200,674696,990.39475000,95026053.49157890,0,2025-11-15T08:00:00.000Z,2025-11-15T11:59:59.999Z
1763208000000,95696.86000000,96471.22000000,95565.17000000,96260.00000000,1987.28578000,1763222399999,191000911.96519870,613438,1162.56841000,111745008.83106870,0,2025-11-15T12:00:00.000Z,2025-11-15T15:59:59.999Z
1763222400000,96259.99000000,96419.65000000,95731.32000000,96012.01000000,1880.65231000,1763236799999,180615313.35485050,606029,785.62033000,75444815.98978360,0,2025-11-15T16:00:00.000Z,2025-11-15T19:59:59.999Z
1763236800000,96012.01000000,96012.01000000,95119.94000000,95596.24000000,1985.99505000,1763251199999,189633285.38312800,532851,922.05438000,88034762.34742640,0,2025-11-15T20:00:00.000Z,2025-11-15T23:59:59.999Z
1763251200000,95596.23000000,95979.79000000,94841.62000000,95825.02000000,1896.67006000,1763265599999,180972003.22498100,707070,817.99101000,78073689.15646770,0,2025-11-16T00:00:00.000Z,2025-11-16T03:59:59.999Z
1763265600000,95825.02000000,96192.00000000,95650.72000000,96099.99000000,1279.33932000,1763279999999,122697999.08792990,382061,606.20691000,58143485.30782890,0,2025-11-16T04:00:00.000Z,2025-11-16T07:59:59.999Z
1763280000000,96099.98000000,96635.11000000,95500.00000000,95627.13000000,2585.38054000,1763294399999,248513218.16087690,623310,1235.02376000,118734930.74980170,0,2025-11-16T08:00:00.000Z,2025-11-16T11:59:59.999Z
1763294400000,95627.13000000,95900.00000000,94368.24000000,94573.46000000,2546.31874000,1763308799999,242632992.92647710,690257,1202.65843000,114625248.94724590,0,2025-11-16T12:00:00.000Z,2025-11-16T15:59:59.999Z
1763308800000,94573.46000000,95567.79000000,93770.48000000,94020.00000000,9045.25375000,1763323199999,853639465.41080210,1473727,3975.70515000,375378868.46303270,0,2025-11-16T16:00:00.000Z,2025-11-16T19:59:59.999Z
1763323200000,94020.49000000,94739.74000000,93005.55000000,94261.44000000,6536.44269000,1763337599999,612839846.00627230,1264969,2991.04226000,280583918.68680970,0,2025-11-16T20:00:00.000Z,2025-11-16T23:59:59.999Z
1763337600000,94261.45000000,95559.99000000,93767.27000000,95496.77000000,4124.53725000,1763351999999,391504736.33196490,1135975,2086.79653000,198101893.68423010,0,2025-11-17T00:00:00.000Z,2025-11-17T03:59:59.999Z
1763352000000,95496.77000000,95880.00000000,94849.37000000,95653.77000000,3839.84656000,1763366399999,365771025.07187880,788414,1581.42331000,150719106.59748580,0,2025-11-17T04:00:00.000Z,2025-11-17T07:59:59.999Z
1763366400000,95653.78000000,96026.71000000,95309.68000000,95565.38000000,3415.65942000,1763380799999,326842370.10440800,679485,1656.65060000,158554635.92651990,0,2025-11-17T08:00:00.000Z,2025-11-17T11:59:59.999Z
1763380800000,95565.38000000,96043.00000000,93571.30000000,93959.67000000,8085.63652000,1763395199999,764814718.28653650,1983815,3751.03663000,354852583.01150780,0,2025-11-17T12:00:00.000Z,2025-11-17T15:59:59.999Z
1763395200000,93959.68000000,94419.88000000,91588.00000000,91678.93000000,11700.57582000,1763409599999,1085955476.33903480,2188278,5558.63017000,516145425.08954060,0,2025-11-17T16:00:00.000Z,2025-11-17T19:59:59.999Z
1763409600000,91678.93000000,92399.48000000,91220.00000000,92215.14000000,8052.34249000,1763423999999,739673744.10478300,1358355,4055.65521000,372605823.47697650,0,2025-11-17T20:00:00.000Z,2025-11-17T23:59:59.999Z
1763424000000,92215.14000000,92357.51000000,89700.00000000,90842.72000000,10647.23561000,1763438399999,969857683.61861830,2138663,4600.11000000,419264962.33422470,0,2025-11-18T00:00:00.000Z,2025-11-18T03:59:59.999Z
1763438400000,90842.72000000,90851.66000000,89253.78000000,90512.10000000,9028.06735000,1763452799999,812809745.08583180,1837168,4673.42212000,420828764.72921890,0,2025-11-18T04:00:00.000Z,2025-11-18T07:59:59.999Z
1763452800000,90512.10000000,91617.17000000,90509.79000000,91517.82000000,5777.46408000,1763467199999,526929876.28048180,1109288,3206.70333000,292532261.13856550,0,2025-11-18T08:00:00.000Z,2025-11-18T11:59:59.999Z
1763467200000,91517.83000000,93049.91000000,90905.70000000,92910.10000000,7097.51563000,1763481599999,652476690.14981110,1705672,3807.31402000,350283547.56134820,0,2025-11-18T12:00:00.000Z,2025-11-18T15:59:59.999Z
1763481600000,92910.10000000,93836.01000000,92579.23000000,93195.61000000,4917.36921000,1763495999999,459032298.34487840,1387970,2625.81615000,245152627.06361290,0,2025-11-18T16:00:00.000Z,2025-11-18T19:59:59.999Z
1763496000000,93195.61000000,93423.74000000,92462.72000000,92960.83000000,2367.49581000,1763510399999,219926892.82083700,607832,1217.59395000,113114442.31485330,0,2025-11-18T20:00:00.000Z,2025-11-18T23:59:59.999Z
1763510400000,92960.83000000,92980.22000000,91660.49000000,91874.52000000,3065.15376000,1763524799999,282892410.44712200,878701,1329.84380000,122784923.37921700,0,2025-11-19T00:00:00.000Z,2025-11-19T03:59:59.999Z
1763524800000,91874.51000000,92028.92000000,90025.06000000,91863.64000000,5635.23952000,1763539199999,513241437.17218060,1010213,2641.69703000,240555347.15700840,0,2025-11-19T04:00:00.000Z,2025-11-19T07:59:59.999Z
1763539200000,91863.64000000,91950.00000000,91072.41000000,91410.22000000,2540.86239000,1763553599999,232472194.87887110,595720,1166.20226000,106718077.63735760,0,2025-11-19T08:00:00.000Z,2025-11-19T11:59:59.999Z
1763553600000,91410.23000000,92384.61000000,89880.00000000,89951.70000000,6014.09197000,1763567999999,548507714.83717340,1395185,2964.08986000,270478563.32944690,0,2025-11-19T12:00:00.000Z,2025-11-19T15:59:59.999Z
1763568000000,89951.70000000,90232.56000000,88630.71000000,88884.56000000,8787.19485000,1763582399999,785175046.25513890,1789579,3784.52139000,338295751.83120720,0,2025-11-19T16:00:00.000Z,2025-11-19T19:59:59.999Z
1763582400000,88884.56000000,91594.00000000,88608.00000000,91554.96000000,6244.09511000,1763596799999,563484847.66547190,1152776,3173.73017000,286368145.84032000,0,2025-11-19T20:00:00.000Z,2025-11-19T23:59:59.999Z
1763596800000,91554.96000000,92798.14000000,91185.26000000,92440.32000000,3929.05974000,1763611199999,362738132.57146210,861074,2031.33559000,187558182.62072890,0,2025-11-20T00:00:00.000Z,2025-11-20T03:59:59.999Z
1763611200000,92440.33000000,93160.00000000,91687.07000000,92320.18000000,3791.89000000,1763625599999,350450961.49088700,689632,1763.83980000,163087598.97480520,0,2025-11-20T04:00:00.000Z,2025-11-20T07:59:59.999Z
1763625600000,92320.18000000,92400.94000000,91440.55000000,91934.00000000,3200.83736000,1763639999999,294143817.00132010,604208,1551.98113000,142618379.29251410,0,2025-11-20T08:00:00.000Z,2025-11-20T11:59:59.999Z
1763640000000,91934.01000000,92541.92000000,89835.34000000,89869.88000000,6162.85424000,1763654399999,561744726.37044170,1523260,2615.11965000,238591097.86580910,0,2025-11-20T12:00:00.000Z,2025-11-20T15:59:59.999Z
1763654400000,89869.88000000,89911.73000000,86100.00000000,86921.28000000,17595.68288000,1763668799999,1539224276.09231090,2861076,8021.76303000,701877036.20336760,0,2025-11-20T16:00:00.000Z,2025-11-20T19:59:59.999Z
1763668800000,86921.27000000,88250.00000000,86325.23000000,86637.23000000,5052.86651000,1763683199999,440648421.57200000,1302145,2299.80127000,200524196.00020720,0,2025-11-20T20:00:00.000Z,2025-11-20T23:59:59.999Z
1763683200000,86637.22000000,87498.94000000,85360.00000000,85821.34000000,6428.51913000,1763697599999,555093018.38532410,1586552,2850.59083000,246120061.01423810,0,2025-11-21T00:00:00.000Z,2025-11-21T03:59:59.999Z
1763697600000,85821.35000000,86459.53000000,82000.00000000,84049.39000000,14205.49105000,1763711999999,1199795118.92597370,1641145,6018.86321000,509307222.62611350,0,2025-11-21T04:00:00.000Z,2025-11-21T07:59:59.999Z
1763712000000,84049.38000000,84709.89000000,81648.00000000,82309.66000000,16184.92659000,1763726399999,1343106329.74399040,2251660,7626.86024000,632811393.45202680,0,2025-11-21T08:00:00.000Z,2025-11-21T11:59:59.999Z
1763726400000,82309.67000000,85496.00000000,80600.00000000,82932.47000000,23041.35364000,1763740799999,1917924309.59135180,3417829,11122.21930000,926495562.18345080,0,2025-11-21T12:00:00.000Z,2025-11-21T15:59:59.999Z
1763740800000,82932.46000000,85572.82000000,82333.00000000,84209.30000000,8107.54282000,1763755199999,682501538.15676000,1954647,4221.23064000,355432155.64908400,0,2025-11-21T16:00:00.000Z,2025-11-21T19:59:59.999Z
1763755200000,84209.30000000,85416.66000000,83464.96000000,85129.43000000,4288.29356000,1763769599999,362928441.53816410,974647,2232.09406000,188966828.29913910,0,2025-11-21T20:00:00.000Z,2025-11-21T23:59:59.999Z
1763769600000,85129.42000000,85620.00000000,84212.39000000,84440.47000000,2923.21557000,1763783999999,247913204.00942630,991735,1233.41344000,104665711.77468120,0,2025-11-22T00:00:00.000Z,2025-11-22T03:59:59.999Z
1763784000000,84440.48000000,84799.54000000,83832.91000000,84580.06000000,2218.31844000,1763798399999,186898532.63640570,819905,1020.44136000,85998303.27599470,0,2025-11-22T04:00:00.000Z,2025-11-22T07:59:59.999Z
1763798400000,84580.06000000,84586.62000000,83500.00000000,84098.94000000,3342.45829000,1763812799999,280746105.59709510,901844,1426.28561000,119835427.36174190,0,2025-11-22T08:00:00.000Z,2025-11-22T11:59:59.999Z
1763812800000,84098.94000000,84755.83000000,83620.16000000,84284.01000000,2668.44444000,1763827199999,224607385.26724750,882768,1422.65951000,119778809.51688000,0,2025-11-22T12:00:00.000Z,2025-11-22T15:59:59.999Z
1763827200000,84284.01000000,84899.00000000,84219.62000000,84609.76000000,1351.08151000,1763841599999,114287671.10103310,553793,733.49477000,62044122.75828370,0,2025-11-22T16:00:00.000Z,2025-11-22T19:59:59.999Z
1763841600000,84609.77000000,85260.00000000,84237.70000000,84739.74000000,1690.41438000,1763855999999,143204456.35783080,547548,852.49959000,72239774.24981170,0,2025-11-22T20:00:00.000Z,2025-11-22T23:59:59.999Z
1763856000000,84739.75000000,86349.84000000,84667.57000000,86308.54000000,4004.15131000,1763870399999,343235336.54313660,1032051,2249.66409000,192852878.21068280,0,2025-11-23T00:00:00.000Z,2025-11-23T03:59:59.999Z
1763870400000,86308.54000000,86860.00000000,85420.00000000,85782.19000000,2913.01357000,1763884799999,251077917.70524020,746069,1398.30044000,120590948.75614450,0,2025-11-23T04:00:00.000Z,2025-11-23T07:59:59.999Z
1763884800000,85782.18000000,86465.24000000,85768.22000000,86331.28000000,2087.40357000,1763899199999,179759555.46693780,565039,1080.39479000,93050358.61197190,0,2025-11-23T08:00:00.000Z,2025-11-23T11:59:59.999Z
1763899200000,86331.28000000,87244.51000000,86271.10000000,87087.44000000,3471.36676000,1763913599999,301124160.41489580,973649,1804.76785000,156567936.53609740,0,2025-11-23T12:00:00.000Z,2025-11-23T15:59:59.999Z
1763913600000,87087.44000000,87689.47000000,86502.47000000,87325.01000000,3711.95740000,1763927999999,323385633.81381870,852740,2046.61852000,178331250.35239460,0,2025-11-23T16:00:00.000Z,2025-11-23T19:59:59.999Z
1763928000000,87325.01000000,88127.64000000,86701.54000000,86830.00000000,3546.57157000,1763942399999,310102426.33584040,893945,1826.77134000,159817141.05315610,0,2025-11-23T20:00:00.000Z,2025-11-23T23:59:59.999Z
1763942400000,86830.00000000,88059.44000000,85946.65000000,87460.02000000,4318.16094000,1763956799999,375876420.91017020,1236315,2217.03652000,193080558.48555680,0,2025-11-24T00:00:00.000Z,2025-11-24T03:59:59.999Z
1763956800000,87460.03000000,87837.57000000,86450.00000000,87050.39000000,3276.33960000,1763971199999,285255612.78226370,936876,1668.21376000,145237135.72371850,0,2025-11-24T04:00:00.000Z,2025-11-24T07:59:59.999Z
1763971200000,87050.39000000,87050.39000000,85696.56000000,86264.72000000,3484.50939000,1763985599999,300365800.24993410,780595,1403.39685000,121012754.00588290,0,2025-11-24T08:00:00.000Z,2025-11-24T11:59:59.999Z
1763985600000,86264.71000000,86741.50000000,85272.00000000,86616.44000000,4635.50962000,1763999999999,399404588.44611180,1222371,2278.54073000,196393624.09932300,0,2025-11-24T12:00:00.000Z,2025-11-24T15:59:59.999Z
1764000000000,86616.44000000,88834.62000000,86616.43000000,88327.29000000,6003.91247000,1764014399999,527992281.98086590,1336207,3277.84441000,288194443.12252840,0,2025-11-24T16:00:00.000Z,2025-11-24T19:59:59.999Z
1764014400000,88327.29000000,89228.00000000,88252.50000000,88300.01000000,2944.69593000,1764028799999,261498982.55097260,676792,1593.84291000,141566873.58640710,0,2025-11-24T20:00:00.000Z,2025-11-24T23:59:59.999Z
1764028800000,88300.01000000,88300.01000000,87457.53000000,87822.12000000,2506.39849000,1764043199999,220331553.16672260,718329,1223.39995000,107562812.64240410,0,2025-11-25T00:00:00.000Z,2025-11-25T03:59:59.999Z
1764043200000,87822.12000000,88519.99000000,87300.00000000,87384.81000000,3032.60485000,1764057599999,266408589.14111840,530000,1333.93744000,117217700.55097520,0,2025-11-25T04:00:00.000Z,2025-11-25T07:59:59.999Z
1764057600000,87384.81000000,87606.57000000,86666.00000000,87361.71000000,3402.11161000,1764071999999,296473926.99285390,640821,1492.00874000,130057562.54292380,0,2025-11-25T08:00:00.000Z,2025-11-25T11:59:59.999Z
1764072000000,87361.71000000,87792.20000000,86116.00000000,86988.94000000,4897.62850000,1764086399999,426141853.51535020,1307941,2646.42207000,230328719.62996010,0,2025-11-25T12:00:00.000Z,2025-11-25T15:59:59.999Z
1764086400000,86988.93000000,88155.65000000,86182.49000000,86882.85000000,3228.35208000,1764100799999,281469175.04755410,941495,1516.86464000,132303120.26940380,0,2025-11-25T16:00:00.000Z,2025-11-25T19:59:59.999Z
1764100800000,86882.84000000,87889.38000000,86565.48000000,87369.96000000,2499.94557000,1764115199999,218163902.17533790,700161,1210.54701000,105653609.50458890,0,2025-11-25T20:00:00.000Z,2025-11-25T23:59:59.999Z
1764115200000,87369.97000000,88224.00000000,87069.97000000,87119.92000000,2235.27320000,1764129599999,195922182.28300760,643805,1061.72153000,93124293.21482020,0,2025-11-26T00:00:00.000Z,2025-11-26T03:59:59.999Z
1764129600000,87119.93000000,87970.00000000,86909.99000000,87935.05000000,1828.65169000,1764143999999,160001922.21216130,436112,836.95215000,73237632.98798660,0,2025-11-26T04:00:00.000Z,2025-11-26T07:59:59.999Z
1764144000000,87935.05000000,87941.58000000,86670.36000000,87095.79000000,2199.53135000,1764158399999,191569271.07884760,427447,989.08919000,86134594.90022960,0,2025-11-26T08:00:00.000Z,2025-11-26T11:59:59.999Z
1764158400000,87095.78000000,87693.21000000,86306.77000000,86978.00000000,4198.26229000,1764172799999,365237565.81206700,1082707,2221.78476000,193333966.49631390,0,2025-11-26T12:00:00.000Z,2025-11-26T15:59:59.999Z
1764172800000,86977.99000000,90418.39000000,86956.61000000,89957.36000000,7510.43418000,1764187199999,670312427.56363130,1372233,3656.19817000,326029626.66545540,0,2025-11-26T16:00:00.000Z,2025-11-26T19:59:59.999Z
1764187200000,89957.37000000,90656.08000000,89508.85000000,90484.02000000,3703.66968000,1764201599999,333808527.72025410,705976,2117.86483000,190905261.55157750,0,2025-11-26T20:00:00.000Z,2025-11-26T23:59:59.999Z
1764201600000,90484.01000000,91950.00000000,90089.91000000,91091.68000000,5743.81731000,1764215999999,523694098.00392460,994376,3707.80474000,338255832.24514020,0,2025-11-27T00:00:00.000Z,2025-11-27T03:59:59.999Z
1764216000000,91091.68000000,91554.49000000,90889.11000000,91408.34000000,2443.78349000,1764230399999,223017837.19275820,576372,1210.68643000,110483816.24660460,0,2025-11-27T04:00:00.000Z,2025-11-27T07:59:59.999Z
1764230400000,91408.34000000,91940.18000000,91221.17000000,91371.88000000,2353.99141000,1764244799999,215497148.10776660,503281,1064.90174000,97491722.27523480,0,2025-11-27T08:00:00.000Z,2025-11-27T11:59:59.999Z
1764244800000,91371.87000000,91457.36000000,90438.43000000,90958.30000000,2921.51001000,1764259199999,265400566.64045560,722578,1254.74921000,113994226.69029900,0,2025-11-27T12:00:00.000Z,2025-11-27T15:59:59.999Z
1764259200000,90958.29000000,91843.59000000,90850.77000000,91528.21000000,2279.61546000,1764273599999,208448052.27199800,723061,1149.92802000,105125494.56393510,0,2025-11-27T16:00:00.000Z,2025-11-27T19:59:59.999Z
1764273600000,91528.22000000,91600.00000000,91114.52000000,91333.95000000,1090.79164000,1764287999999,99720404.36180480,400504,510.28821000,46654406.73827380,0,2025-11-27T20:00:00.000Z,2025-11-27T23:59:59.999Z
1764288000000,91333.94000000,91417.99000000,90652.55000000,91208.85000000,1930.05393000,1764302399999,175658067.20114440,516691,805.80353000,73338642.00541100,0,2025-11-28T00:00:00.000Z,2025-11-28T03:59:59.999Z
1764302400000,91208.85000000,91707.79000000,90867.43000000,90910.87000000,1873.92377000,1764316799999,171144098.05291390,398306,930.22241000,84983808.37248780,0,2025-11-28T04:00:00.000Z,2025-11-28T07:59:59.999Z
1764316800000,90910.87000000,92030.00000000,90907.98000000,91437.64000000,3175.31997000,1764331199999,290621530.77934650,636485,1963.70870000,179804767.14592430,0,2025-11-28T08:00:00.000Z,2025-11-28T11:59:59.999Z
1764331200000,91437.64000000,93092.00000000,91380.94000000,92362.49000000,5046.61300000,1764345599999,465677668.28387990,1169797,2755.25249000,254272858.08989090,0,2025-11-28T12:00:00.000Z,2025-11-28T15:59:59.999Z
1764345600000,92362.50000000,92376.00000000,90180.63000000,91157.44000000,5779.19663000,1764359999999,524932988.20583360,1123919,2085.02780000,189528664.32606160,0,2025-11-28T16:00:00.000Z,2025-11-28T19:59:59.999Z
1764360000000,91157.44000000,91247.16000000,90705.57000000,90890.70000000,1025.75282000,1764374399999,93383682.55644130,384556,421.63219000,38386988.97891540,0,2025-11-28T20:00:00.000Z,2025-11-28T23:59:59.999Z
1764374400000,90890.71000000,91119.99000000,90546.36000000,90680.26000000,940.81817000,1764388799999,85440015.27930880,272716,397.75977000,36129166.55533520,0,2025-11-29T00:00:00.000Z,2025-11-29T03:59:59.999Z
1764388800000,90680.26000000,90931.56000000,90311.92000000,90567.67000000,1229.54953000,1764403199999,111405939.65704580,281479,607.30263000,55032867.81293620,0,2025-11-29T04:00:00.000Z,2025-11-29T07:59:59.999Z
1764403200000,90567.66000000,90738.17000000,90376.37000000,90673.19000000,957.44805000,1764417599999,86728867.46260490,262722,459.08625000,41587415.50628420,0,2025-11-29T08:00:00.000Z,2025-11-29T11:59:59.999Z
1764417600000,90673.20000000,91110.36000000,90530.93000000,91063.50000000,1148.02698000,1764431999999,104197481.43103250,260166,577.64245000,52436029.71421620,0,2025-11-29T12:00:00.000Z,2025-11-29T15:59:59.999Z
1764432000000,91063.50000000,91165.65000000,90155.47000000,90640.78000000,2192.51887000,1764446399999,198659741.92350080,374175,937.92616000,84981827.96218730,0,2025-11-29T16:00:00.000Z,2025-11-29T19:59:59.999Z
1764446400000,90640.77000000,91051.87000000,90400.21000000,90802.44000000,961.52131000,1764460799999,87293607.22527270,226602,379.33206000,34446911.59429920,0,2025-11-29T20:00:00.000Z,2025-11-29T23:59:59.999Z
1764460800000,90802.44000000,91055.50000000,90471.00000000,90909.35000000,1115.17062000,1764475199999,101298590.10184710,344851,580.74626000,52757294.39540860,0,2025-11-30T00:00:00.000Z,2025-11-30T03:59:59.999Z
1764475200000,90909.35000000,91037.72000000,90670.40000000,90968.16000000,549.91781000,1764489599999,49969473.93384670,188119,289.72643000,26328773.27059640,0,2025-11-30T04:00:00.000Z,2025-11-30T07:59:59.999Z
1764489600000,90968.16000000,91632.00000000,90927.16000000,91048.78000000,2515.69204000,1764503999999,229620466.05286470,468615,1567.74523000,143099036.20063740,0,2025-11-30T08:00:00.000Z,2025-11-30T11:59:59.999Z
1764504000000,91048.79000000,92000.01000000,91009.00000000,91435.31000000,2629.14986000,1764518399999,240851279.94911190,455275,1250.72975000,114604685.13901560,0,2025-11-30T12:00:00.000Z,2025-11-30T15:59:59.999Z
1764518400000,91435.31000000,91850.00000000,91159.42000000,91460.79000000,1049.01646000,1764532799999,95980059.47904230,279043,518.18064000,47415252.67805240,0,2025-11-30T16:00:00.000Z,2025-11-30T19:59:59.999Z
1764532800000,91460.79000000,91626.75000000,90336.90000000,90360.00000000,1828.79496000,1764547199999,166331903.64882110,418127,795.83867000,72401448.43661420,0,2025-11-30T20:00:00.000Z,2025-11-30T23:59:59.999Z
1764547200000,90360.01000000,90417.00000000,86161.61000000,86346.13000000,10249.65966000,1764561599999,897849123.32293470,1722973,4191.17162000,367273730.33779700,0,2025-12-01T00:00:00.000Z,2025-12-01T03:59:59.999Z
1764561600000,86346.13000000,86578.06000000,85604.00000000,86550.30000000,4937.16707000,1764575999999,425115017.96600560,893445,2255.05761000,194226852.17226640,0,2025-12-01T04:00:00.000Z,2025-12-01T07:59:59.999Z
1764576000000,86550.30000000,86938.01000000,86131.01000000,86149.15000000,3005.76787000,1764590399999,260281847.23506650,691575,1246.98554000,108038831.50814500,0,2025-12-01T08:00:00.000Z,2025-12-01T11:59:59.999Z
1764590400000,86146.59000000,86674.00000000,83822.76000000,84677.87000000,8124.37241000,1764604799999,694074542.67680660,1860732,3634.31812000,310708906.57400690,0,2025-12-01T12:00:00.000Z,2025-12-01T15:59:59.999Z
1764604800000,84677.87000000,85555.00000000,84030.95000000,85024.50000000,4598.10295000,1764619199999,390099606.47917200,1456458,2365.71048000,200745256.41412170,0,2025-12-01T16:00:00.000Z,2025-12-01T19:59:59.999Z
1764619200000,85024.50000000,86860.00000000,85007.69000000,86286.01000000,3593.94231000,1764633599999,309603909.54317530,1084502,1831.09009000,157725216.99497530,0,2025-12-01T20:00:00.000Z,2025-12-01T23:59:59.999Z
1764633600000,86286.01000000,87350.00000000,86184.39000000,86976.99000000,3245.81604000,1764647999999,281278192.56528880,988788,1587.16677000,137592391.83866540,0,2025-12-02T00:00:00.000Z,2025-12-02T03:59:59.999Z
1764648000000,86977.00000000,87288.48000000,86818.14000000,87012.65000000,1733.23534000,1764662399999,150818966.70392480,565292,966.30676000,84088679.11595250,0,2025-12-02T04:00:00.000Z,2025-12-02T07:59:59.999Z
1764662400000,87012.64000000,87628.78000000,86296.21000000,87368.92000000,3361.03567000,1764676799999,292051091.32580030,691900,1527.03312000,132822108.30764050,0,2025-12-02T08:00:00.000Z,2025-12-02T11:59:59.999Z
1764676800000,87368.92000000,91200.00000000,87032.75000000,90850.01000000,9300.50019000,1764691199999,828829075.36829370,1777835,4675.20580000,416512652.33953740,0,2025-12-02T12:00:00.000Z,2025-12-02T15:59:59.999Z
1764691200000,90850.01000000,92307.65000000,90201.00000000,91903.39000000,6152.68006000,1764705599999,562560814.08737910,1475045,3016.32759000,276018814.36236220,0,2025-12-02T16:00:00.000Z,2025-12-02T19:59:59.999Z
1764705600000,91903.38000000,92000.00000000,90720.87000000,91277.88000000,4416.96002000,1764719999999,403977037.61167810,898439,1740.29945000,159165252.32999310,0,2025-12-02T20:00:00.000Z,2025-12-02T23:59:59.999Z
1764720000000,91277.88000000,93087.09000000,90990.23000000,92628.91000000,4425.07634000,1764734399999,407605964.31150600,1098418,2511.58280000,231412016.91213310,0,2025-12-03T00:00:00.000Z,2025-12-03T03:59:59.999Z
1764734400000,92628.91000000,93958.58000000,92625.00000000,92999.99000000,4546.45939000,1764748799999,424081680.75505260,1111918,2318.08523000,216256878.98971090,0,2025-12-03T04:00:00.000Z,2025-12-03T07:59:59.999Z
1764748800000,93000.00000000,93389.62000000,92666.00000000,93005.68000000,2770.10259000,1764763199999,257454271.63370650,768262,1298.84422000,120744517.91503270,0,2025-12-03T08:00:00.000Z,2025-12-03T11:59:59.999Z
1764763200000,93005.68000000,93700.00000000,91697.00000000,92373.30000000,6523.23972000,1764777599999,604028242.31178360,1739446,2958.74846000,274114818.79846940,0,2025-12-03T12:00:00.000Z,2025-12-03T15:59:59.999Z
1764777600000,92373.30000000,93500.00000000,91786.99000000,93024.99000000,3624.68485000,1764791999999,335769647.15956080,1102688,1811.58126000,167913354.31003920,0,2025-12-03T16:00:00.000Z,2025-12-03T19:59:59.999Z
1764792000000,93025.00000000,94150.00000000,92825.56000000,93429.95000000,3822.96296000,1764806399999,357283820.68978080,912450,2094.35115000,195777913.53234900,0,2025-12-03T20:00:00.000Z,2025-12-03T23:59:59.999Z
1764806400000,93429.95000000,94080.00000000,92669.82000000,93543.04000000,3844.70020000,1764820799999,359228089.13302760,1056754,1717.21133000,160600800.42496270,0,2025-12-04T00:00:00.000Z,2025-12-04T03:59:59.999Z
1764820800000,93543.03000000,93588.48000000,92775.00000000,93397.67000000,3070.50786000,1764835199999,285984729.86748780,680127,857.29798000,79868881.44565520,0,2025-12-04T04:00:00.000Z,2025-12-04T07:59:59.999Z
1764835200000,93397.67000000,93621.31000000,92736.90000000,92948.31000000,1917.02375000,1764849599999,178702673.69011710,677175,914.02926000,85206363.94058270,0,2025-12-04T08:00:00.000Z,2025-12-04T11:59:59.999Z
1764849600000,92948.32000000,93257.00000000,91801.00000000,92971.49000000,4296.15789000,1764863999999,397884715.18197880,1327417,1858.99168000,172156702.06900940,0,2025-12-04T12:00:00.000Z,2025-12-04T15:59:59.999Z
1764864000000,92971.49000000,93174.55000000,90889.00000000,91975.44000000,4860.71120000,1764878399999,447377780.44941510,1465264,2171.05462000,199877964.39834150,0,2025-12-04T16:00:00.000Z,2025-12-04T19:59:59.999Z
1764878400000,91975.43000000,92718.53000000,91688.92000000,92078.06000000,1814.83969000,1764892799999,167467641.01259370,649312,794.11052000,73281522.92944050,0,2025-12-04T20:00:00.000Z,2025-12-04T23:59:59.999Z
1764892800000,92078.06000000,92692.36000000,91959.92000000,92142.75000000,1751.29187000,1764907199999,161800535.26892990,542821,687.76232000,63546385.68072660,0,2025-12-05T00:00:00.000Z,2025-12-05T03:59:59.999Z
1764907200000,92142.75000000,92497.51000000,91813.37000000,92258.65000000,1387.19156000,1764921599999,127796108.00423850,455365,671.46890000,61858007.94412700,0,2025-12-05T04:00:00.000Z,2025-12-05T07:59:59.999Z
1764921600000,92258.64000000,92258.65000000,90956.25000000,91351.43000000,2431.69816000,1764935999999,222417519.51795170,686521,945.23747000,86427443.69229670,0,2025-12-05T08:00:00.000Z,2025-12-05T11:59:59.999Z
1764936000000,91351.44000000,91478.67000000,89874.70000000,90459.35000000,5344.16253000,1764950399999,484727444.66346610,1438120,2519.39785000,228585412.78387740,0,2025-12-05T12:00:00.000Z,2025-12-05T15:59:59.999Z
1764950400000,90459.34000000,90498.59000000,88056.00000000,89629.26000000,6507.53794000,1764964799999,579877633.54936970,1765020,3103.31905000,276382515.99360780,0,2025-12-05T16:00:00.000Z,2025-12-05T19:59:59.999Z
1764964800000,89629.27000000,89745.37000000,88901.60000000,89330.04000000,2371.09012000,1764979199999,211817742.80669870,632505,794.95436000,71009957.62668840,0,2025-12-05T20:00:00.000Z,2025-12-05T23:59:59.999Z
1764979200000,89330.04000000,89806.43000000,89030.67000000,89688.35000000,1531.03301000,1764993599999,137000423.44475280,472479,844.04144000,75570643.89338730,0,2025-12-06T00:00:00.000Z,2025-12-06T03:59:59.999Z
1764993600000,89688.35000000,89764.19000000,89459.19000000,89597.13000000,769.52350000,1765007999999,68975153.59114480,317855,363.64344000,32597114.69743060,0,2025-12-06T04:00:00.000Z,2025-12-06T07:59:59.999Z
1765008000000,89597.14000000,89750.01000000,89217.59000000,89631.28000000,1504.70502000,1765022399999,134746295.33429430,391682,699.08802000,62615823.24664840,0,2025-12-06T08:00:00.000Z,2025-12-06T11:59:59.999Z
1765022400000,89631.29000000,90289.97000000,89490.98000000,89758.77000000,2052.08066000,1765036799999,184403373.62870880,521954,1007.76995000,90561906.23696320,0,2025-12-06T12:00:00.000Z,2025-12-06T15:59:59.999Z
1765036800000,89758.77000000,89981.20000000,89077.60000000,89405.64000000,1483.59614000,1765051199999,132901947.03702270,401554,723.50433000,64841450.82790360,0,2025-12-06T16:00:00.000Z,2025-12-06T19:59:59.999Z
1765051200000,89405.65000000,89615.34000000,88908.01000000,89236.79000000,1068.56183000,1765065599999,95393486.77040250,376697,403.68116000,36045847.36723830,0,2025-12-06T20:00:00.000Z,2025-12-06T23:59:59.999Z
1765065600000,89236.80000000,89749.59000000,89176.52000000,89722.37000000,712.48717000,1765079999999,63757900.53430570,304401,400.85579000,35867810.74919180,0,2025-12-07T00:00:00.000Z,2025-12-07T03:59:59.999Z
1765080000000,89722.37000000,89799.96000000,89200.00000000,89379.72000000,739.06202000,1765094399999,66180741.41037720,236205,336.52799000,30133414.12615670,0,2025-12-07T04:00:00.000Z,2025-12-07T07:59:59.999Z
1765094400000,89379.73000000,89538.70000000,89050.01000000,89149.18000000,786.60016000,1765108799999,70198804.86365590,293142,366.55688000,32718654.31750570,0,2025-12-07T08:00:00.000Z,2025-12-07T11:59:59.999Z
1765108800000,89149.18000000,89707.54000000,87719.28000000,89554.52000000,3916.92116000,1765123199999,347176970.06241040,1024955,1867.69729000,165577650.84958180,0,2025-12-07T12:00:00.000Z,2025-12-07T15:59:59.999Z
1765123200000,89554.52000000,91760.00000000,89115.85000000,91425.52000000,3838.31073000,1765137599999,347996504.84232400,1101167,2003.22026000,181623252.17204940,0,2025-12-07T16:00:00.000Z,2025-12-07T19:59:59.999Z
1765137600000,91425.51000000,91510.40000000,88995.33000000,90395.31000000,3027.73061000,1765151999999,272555565.13244810,993201,1395.70862000,125626455.64228170,0,2025-12-07T20:00:00.000Z,2025-12-07T23:59:59.999Z
1765152000000,90395.32000000,91700.00000000,89860.00000000,91068.29000000,2453.60415000,1765166399999,223164565.50508970,929534,1286.81132000,117046673.41507710,0,2025-12-08T00:00:00.000Z,2025-12-08T03:59:59.999Z
1765166400000,91068.30000000,91868.76000000,91023.06000000,91565.46000000,1592.48822000,1765180799999,145635293.29467620,544242,611.10911000,55878048.64828290,0,2025-12-08T04:00:00.000Z,2025-12-08T07:59:59.999Z
1765180800000,91565.46000000,92287.15000000,91486.46000000,91968.29000000,1953.05465000,1765195199999,179609219.30160580,595711,991.35161000,91163251.11790310,0,2025-12-08T08:00:00.000Z,2025-12-08T11:59:59.999Z
1765195200000,91968.29000000,92122.08000000,89612.00000000,89961.37000000,5223.15445000,1765209599999,475162683.57906310,1533948,2201.94382000,200117862.29986080,0,2025-12-08T12:00:00.000Z,2025-12-08T15:59:59.999Z
1765209600000,89961.36000000,90527.30000000,89679.79000000,90124.48000000,2589.84253000,1765223999999,233374301.78670230,1174722,1230.83870000,110924863.36174920,0,2025-12-08T16:00:00.000Z,2025-12-08T19:59:59.999Z
1765224000000,90124.49000000,91374.00000000,90124.49000000,90634.34000000,1981.49487000,1765238399999,179973955.42647620,680574,974.68872000,88523876.60931040,0,2025-12-08T20:00:00.000Z,2025-12-08T23:59:59.999Z
1765238400000,90634.35000000,90846.26000000,89795.84000000,90405.01000000,2355.41188000,1765252799999,212376096.12172670,712026,1146.45776000,103381678.39855380,0,2025-12-09T00:00:00.000Z,2025-12-09T03:59:59.999Z
1765252800000,90405.02000000,90528.67000000,89500.00000000,90496.80000000,1867.61874000,1765267199999,168193879.57925080,531617,784.37194000,70657958.67528160,0,2025-12-09T04:00:00.000Z,2025-12-09T07:59:59.999Z
1765267200000,90496.80000000,90600.00000000,89912.48000000,90384.55000000,1562.48442000,1765281599999,141106216.74027740,566006,771.95574000,69721211.58976280,0,2025-12-09T08:00:00.000Z,2025-12-09T11:59:59.999Z
1765281600000,90384.54000000,92876.92000000,90004.73000000,92707.51000000,4917.67396000,1765295999999,448695424.95790310,1409402,2514.29776000,229576658.51379980,0,2025-12-09T12:00:00.000Z,2025-12-09T15:59:59.999Z
1765296000000,92707.50000000,94588.99000000,92693.50000000,93800.83000000,7304.45224000,1765310399999,685503843.61091540,1712675,3834.30378000,359854039.03844280,0,2025-12-09T16:00:00.000Z,2025-12-09T19:59:59.999Z
1765310400000,93800.83000000,93857.47000000,92254.92000000,92678.80000000,3232.78890000,1765324799999,300385604.59709990,1008497,1466.37261000,136234459.90642200,0,2025-12-09T20:00:00.000Z,2025-12-09T23:59:59.999Z
1765324800000,92678.81000000,92786.35000000,91976.00000000,92410.62000000,1996.99930000,1765339199999,184407692.22741690,565288,944.03964000,87193986.76597810,0,2025-12-10T00:00:00.000Z,2025-12-10T03:59:59.999Z
1765339200000,92410.62000000,92782.92000000,92386.83000000,92782.91000000,1363.84988000,1765353599999,126282796.88331110,396363,693.53554000,64220810.18951050,0,2025-12-10T04:00:00.000Z,2025-12-10T07:59:59.999Z
1765353600000,92782.91000000,93291.50000000,91763.69000000,92120.45000000,2623.05995000,1765367999999,242620175.55004270,792121,1054.15142000,97576939.77969330,0,2025-12-10T08:00:00.000Z,2025-12-10T11:59:59.999Z
1765368000000,92120.45000000,92226.00000000,91563.15000000,92063.69000000,2523.14963000,1765382399999,231984456.62537590,962593,1090.82012000,100301966.04183700,0,2025-12-10T12:00:00.000Z,2025-12-10T15:59:59.999Z
1765382400000,92063.69000000,93243.59000000,91684.39000000,92957.67000000,5420.48480000,1765396799999,501711398.79370370,1736481,2665.15345000,246744009.90851740,0,2025-12-10T16:00:00.000Z,2025-12-10T19:59:59.999Z
1765396800000,92957.67000000,94476.00000000,91878.00000000,92015.37000000,5071.13727000,1765411199999,471766756.16795450,1572861,2749.63099000,255974582.71117520,0,2025-12-10T20:00:00.000Z,2025-12-10T23:59:59.999Z
1765411200000,92015.38000000,92080.32000000,89389.63000000,89880.01000000,4081.14690000,1765425599999,369422213.29849150,1299577,1821.09069000,164842640.78239190,0,2025-12-11T00:00:00.000Z,2025-12-11T03:59:59.999Z
1765425600000,89880.00000000,90480.14000000,89694.81000000,90272.75000000,2245.33099000,1765439999999,202438480.27461440,581646,1120.02890000,100996476.53340280,0,2025-12-11T04:00:00.000Z,2025-12-11T07:59:59.999Z
1765440000000,90272.76000000,90504.19000000,89971.11000000,90242.35000000,1503.95888000,1765454399999,135701407.05841620,426897,652.85667000,58917262.79964650,0,2025-12-11T08:00:00.000Z,2025-12-11T11:59:59.999Z
1765454400000,90242.36000000,90653.33000000,89260.63000000,89872.51000000,3541.05902000,1765468799999,318747599.95128570,1225571,1555.48212000,140046995.80405390,0,2025-12-11T12:00:00.000Z,2025-12-11T15:59:59.999Z
1765468800000,89872.51000000,91538.26000000,89333.00000000,90839.81000000,3643.99089000,1765483199999,329510316.52890250,1402644,1622.25090000,146707772.92270030,0,2025-12-11T16:00:00.000Z,2025-12-11T19:59:59.999Z
1765483200000,90839.81000000,93555.00000000,90797.76000000,92513.38000000,4957.10090000,1765497599999,458502101.95413860,1314103,2379.18869000,220018774.96668650,0,2025-12-11T20:00:00.000Z,2025-12-11T23:59:59.999Z
1765497600000,92513.38000000,92754.00000000,91448.31000000,92283.40000000,2164.71329000,1765511999999,199548794.72113220,797038,1019.46510000,93964229.24599420,0,2025-12-12T00:00:00.000Z,2025-12-12T03:59:59.999Z
1765512000000,92283.40000000,92720.00000000,92078.91000000,92425.34000000,1494.20203000,1765526399999,138033207.36387630,396811,695.58944000,64255956.32340750,0,2025-12-12T04:00:00.000Z,2025-12-12T07:59:59.999Z
1765526400000,92425.33000000,92650.01000000,92044.80000000,92418.19000000,1624.00539000,1765540799999,149977956.69743030,407755,743.28510000,68659793.66154730,0,2025-12-12T08:00:00.000Z,2025-12-12T11:59:59.999Z
1765540800000,92418.19000000,92660.74000000,89780.00000000,89935.14000000,5560.13281000,1765555199999,508130152.85545800,1237161,2759.78821000,252291847.01365280,0,2025-12-12T12:00:00.000Z,2025-12-12T15:59:59.999Z
1765555200000,89935.13000000,90666.00000000,89480.00000000,90198.22000000,4659.32825000,1765569599999,419822507.00645990,1651232,2199.97967000,198257684.34926010,0,2025-12-12T16:00:00.000Z,2025-12-12T19:59:59.999Z
1765569600000,90198.23000000,90404.13000000,89898.61000000,90268.42000000,1176.80992000,1765583999999,106170806.92044370,466722,568.57521000,51294846.79479440,0,2025-12-12T20:00:00.000Z,2025-12-12T23:59:59.999Z
1765584000000,90268.43000000,90469.71000000,90120.00000000,90345.54000000,648.76329000,1765598399999,58584471.02963030,180558,246.95388000,22302970.20959850,0,2025-12-13T00:00:00.000Z,2025-12-13T03:59:59.999Z
1765598400000,90345.55000000,90410.50000000,90268.91000000,90329.97000000,451.53525000,1765612799999,40792419.21410610,141736,208.05847000,18796398.44246950,0,2025-12-13T04:00:00.000Z,2025-12-13T07:59:59.999Z
1765612800000,90329.98000000,90634.55000000,90290.00000000,90330.36000000,1525.87319000,1765627199999,138043020.32944190,238149,617.10719000,55841397.06613010,0,2025-12-13T08:00:00.000Z,2025-12-13T11:59:59.999Z
1765627200000,90330.36000000,90470.30000000,89932.99000000,90092.16000000,1906.98893000,1765641599999,172074761.10483490,351955,551.47192000,49765716.94429620,0,2025-12-13T12:00:00.000Z,2025-12-13T15:59:59.999Z
1765641600000,90092.17000000,90268.13000000,89981.00000000,90178.16000000,675.23738000,1765655999999,60842798.48295650,184041,295.99207000,26669170.70212030,0,2025-12-13T16:00:00.000Z,2025-12-13T19:59:59.999Z
1765656000000,90178.17000000,90280.76000000,89766.39000000,90240.01000000,687.30984000,1765670399999,61913074.42943180,267315,318.40117000,28689866.13152600,0,2025-12-13T20:00:00.000Z,2025-12-13T23:59:59.999Z
1765670400000,90240.00000000,90472.40000000,90117.05000000,90258.98000000,710.94131000,1765684799999,64203085.72726860,199495,319.46004000,28850048.90222950,0,2025-12-14T00:00:00.000Z,2025-12-14T03:59:59.999Z
1765684800000,90258.99000000,90329.24000000,90050.74000000,90245.60000000,689.83584000,1765699199999,62200424.26926630,175002,223.54004000,20155775.74086620,0,2025-12-14T04:00:00.000Z,2025-12-14T07:59:59.999Z
1765699200000,90245.60000000,90280.01000000,88687.27000000,89360.00000000,2036.12797000,1765713599999,182206100.37628970,571874,759.79902000,67977252.11270560,0,2025-12-14T08:00:00.000Z,2025-12-14T11:59:59.999Z
1765713600000,89360.01000000,89666.00000000,88882.66000000,89022.91000000,1729.70637000,1765727999999,154306575.66228880,652367,803.62461000,71714928.83188890,0,2025-12-14T12:00:00.000Z,2025-12-14T15:59:59.999Z
1765728000000,89022.92000000,89398.71000000,88497.02000000,88644.88000000,1685.20822000,1765742399999,149709964.07185710,647849,833.16573000,74031853.16620350,0,2025-12-14T16:00:00.000Z,2025-12-14T19:59:59.999Z
1765742400000,88644.88000000,88827.71000000,87577.36000000,88172.17000000,2565.12033000,1765756799999,226452980.73089460,869162,1066.11891000,94175298.57277560,0,2025-12-14T20:00:00.000Z,2025-12-14T23:59:59.999Z
1765756800000,88172.16000000,90052.64000000,88074.37000000,89282.60000000,2699.66065000,1765771199999,240519602.72303380,990956,1353.44123000,120560441.46437150,0,2025-12-15T00:00:00.000Z,2025-12-15T03:59:59.999Z
1765771200000,89282.60000000,89918.48000000,89272.88000000,89753.42000000,1316.93789000,1765785599999,118014903.02121780,439659,577.01336000,51716246.76741800,0,2025-12-15T04:00:00.000Z,2025-12-15T07:59:59.999Z
1765785600000,89753.43000000,89986.68000000,89572.05000000,89641.28000000,1524.38986000,1765799999999,136900760.12419490,447628,811.47592000,72887409.32422310,0,2025-12-15T08:00:00.000Z,2025-12-15T11:59:59.999Z
1765800000000,89641.28000000,89876.42000000,86621.91000000,87033.22000000,5888.02922000,1765814399999,518425885.90660860,1809099,2795.72071000,246015026.36677690,0,2025-12-15T12:00:00.000Z,2025-12-15T15:59:59.999Z
1765814400000,87033.21000000,87220.00000000,85146.64000000,86149.96000000,5789.22914000,1765828799999,498631890.23893590,2131548,2858.67071000,246225632.26571540,0,2025-12-15T16:00:00.000Z,2025-12-15T19:59:59.999Z
1765828800000,86149.96000000,86472.70000000,85530.01000000,86432.08000000,2560.44514000,1765843199999,220330387.48773770,928277,1196.08883000,102944893.13655740,0,2025-12-15T20:00:00.000Z,2025-12-15T23:59:59.999Z
1765843200000,86432.08000000,86535.22000000,85386.00000000,85875.92000000,2272.85750000,1765857599999,195351902.88940050,817930,1081.08923000,92942805.93731530,0,2025-12-16T00:00:00.000Z,2025-12-16T03:59:59.999Z
1765857600000,85875.91000000,86615.38000000,85266.00000000,86021.51000000,2433.06768000,1765871999999,209435498.81946750,609348,1090.66279000,93877622.01779420,0,2025-12-16T04:00:00.000Z,2025-12-16T07:59:59.999Z
1765872000000,86021.51000000,87330.00000000,85930.97000000,87261.45000000,2417.24589000,1765886399999,209585369.13788840,687177,1233.40972000,106943686.29013730,0,2025-12-16T08:00:00.000Z,2025-12-16T11:59:59.999Z
1765886400000,87261.46000000,88175.98000000,86107.43000000,87977.43000000,6730.13202000,1765900799999,586929381.12871760,2123876,3310.05361000,288902066.87434420,0,2025-12-16T12:00:00.000Z,2025-12-16T15:59:59.999Z
1765900800000,87977.44000000,88050.17000000,87061.23000000,87585.77000000,3497.75820000,1765915199999,306446618.40502090,1390900,1801.48247000,157879819.08612110,0,2025-12-16T16:00:00.000Z,2025-12-16T19:59:59.999Z
1765915200000,87585.76000000,87931.48000000,87343.75000000,87863.42000000,1104.98888000,1765929599999,96924658.27228870,470461,549.27964000,48185082.26074790,0,2025-12-16T20:00:00.000Z,2025-12-16T23:59:59.999Z
1765929600000,87863.43000000,87950.00000000,87150.01000000,87213.59000000,1179.65134000,1765943999999,103237747.27841340,482964,466.50915000,40835078.86436710,0,2025-12-17T00:00:00.000Z,2025-12-17T03:59:59.999Z
1765944000000,87213.60000000,87398.54000000,86209.11000000,87045.59000000,2094.81095000,1765958399999,181818702.85030510,617398,994.67179000,86329542.62881370,0,2025-12-17T04:00:00.000Z,2025-12-17T07:59:59.999Z
1765958400000,87045.59000000,87137.42000000,86238.91000000,86983.26000000,1681.23270000,1765972799999,145696174.92143710,601966,823.45000000,71364416.58510030,0,2025-12-17T08:00:00.000Z,2025-12-17T11:59:59.999Z
1765972800000,86983.26000000,90365.85000000,86817.27000000,87233.44000000,8132.27731000,1765987199999,720213842.33787270,2001066,3800.42900000,336320060.39134880,0,2025-12-17T12:00:00.000Z,2025-12-17T15:59:59.999Z
1765987200000,87233.44000000,87769.23000000,85314.00000000,86018.53000000,5045.61646000,1766001599999,436107367.01162050,1771041,2478.71192000,214378157.32187110,0,2025-12-17T16:00:00.000Z,2025-12-17T19:59:59.999Z
1766001600000,86018.53000000,86431.14000000,85644.09000000,86243.22000000,1700.52853000,1766015999999,146274662.27071060,584203,713.50652000,61390757.46514280,0,2025-12-17T20:00:00.000Z,2025-12-17T23:59:59.999Z
1766016000000,86243.23000000,86863.75000000,85863.93000000,86618.34000000,1716.00096000,1766030399999,148223978.12373070,619197,835.21438000,72143612.69818010,0,2025-12-18T00:00:00.000Z,2025-12-18T03:59:59.999Z
1766030400000,86618.35000000,86901.40000000,86384.61000000,86833.84000000,1551.20199000,1766044799999,134495547.35367270,399858,724.23448000,62796673.61984750,0,2025-12-18T04:00:00.000Z,2025-12-18T07:59:59.999Z
1766044800000,86833.83000000,87453.63000000,86685.14000000,87300.74000000,1894.81711000,1766059199999,165087865.91593020,518982,934.47081000,81431802.90363510,0,2025-12-18T08:00:00.000Z,2025-12-18T11:59:59.999Z
1766059200000,87300.50000000,89477.61000000,87109.76000000,88513.44000000,7315.08784000,1766073599999,646710766.28336740,2122817,3445.32588000,304601131.43003580,0,2025-12-18T12:00:00.000Z,2025-12-18T15:59:59.999Z
1766073600000,88513.43000000,88533.61000000,84481.31000000,84483.79000000,9332.10895000,1766087999999,803384928.72006090,2343528,4864.50598000,418805843.58639830,0,2025-12-18T16:00:00.000Z,2025-12-18T19:59:59.999Z
1766088000000,84483.80000000,85835.90000000,84450.01000000,85516.41000000,3596.20078000,1766102399999,306320786.27288460,942565,1864.78685000,158867790.73193980,0,2025-12-18T20:00:00.000Z,2025-12-18T23:59:59.999Z
1766102400000,85516.41000000,87568.99000000,85110.24000000,86891.39000000,3311.66901000,1766116799999,285710912.21106340,1182873,1714.05122000,147931228.67993130,0,2025-12-19T00:00:00.000Z,2025-12-19T03:59:59.999Z
1766116800000,86891.39000000,88449.06000000,86647.51000000,87953.40000000,3713.59538000,1766131199999,325016064.78102870,996103,2059.85020000,180325364.58216020,0,2025-12-19T04:00:00.000Z,2025-12-19T07:59:59.999Z
1766131200000,87953.39000000,88385.06000000,87742.60000000,88198.70000000,1797.82182000,1766145599999,158386121.04469190,639220,951.51545000,83833607.38366450,0,2025-12-19T08:00:00.000Z,2025-12-19T11:59:59.999Z
1766145600000,88198.70000000,89399.97000000,87514.59000000,87951.87000000,5988.71834000,1766159999999,528251235.92370540,1639167,2788.52234000,246118269.30367070,0,2025-12-19T12:00:00.000Z,2025-12-19T15:59:59.999Z
1766160000000,87951.86000000,88882.55000000,86846.16000000,87845.92000000,4584.61046000,1766174399999,402032559.24287510,1417704,2262.86101000,198501866.25058870,0,2025-12-19T16:00:00.000Z,2025-12-19T19:59:59.999Z
1766174400000,87845.92000000,88426.85000000,87614.79000000,88136.94000000,1860.23503000,1766188799999,163839732.72949940,607186,1103.34429000,97175949.16472620,0,2025-12-19T20:00:00.000Z,2025-12-19T23:59:59.999Z
1766188800000,88136.95000000,88339.27000000,87961.60000000,88214.98000000,984.44715000,1766203199999,86780474.86093550,224188,583.99044000,51483517.42571590,0,2025-12-20T00:00:00.000Z,2025-12-20T03:59:59.999Z
1766203200000,88214.98000000,88573.07000000,88123.07000000,88275.41000000,797.87192000,1766217599999,70465230.87775860,199607,370.18006000,32694849.07814550,0,2025-12-20T04:00:00.000Z,2025-12-20T07:59:59.999Z
1766217600000,88275.41000000,88428.00000000,88107.35000000,88277.66000000,821.72303000,1766231999999,72520013.04052370,186262,330.42295000,29161839.93509600,0,2025-12-20T08:00:00.000Z,2025-12-20T11:59:59.999Z
1766232000000,88277.66000000,88343.73000000,87795.76000000,88178.71000000,1315.67537000,1766246399999,115955453.27595540,271332,559.81615000,49341498.95854720,0,2025-12-20T12:00:00.000Z,2025-12-20T15:59:59.999Z
1766246400000,88178.72000000,88418.73000000,88103.54000000,88232.92000000,574.10491000,1766260799999,50646063.75424630,146754,275.81192000,24333152.68544030,0,2025-12-20T16:00:00.000Z,2025-12-20T19:59:59.999Z
1766260800000,88232.92000000,88443.44000000,88154.06000000,88360.90000000,629.30956000,1766275199999,55551786.91834000,146283,336.14911000,29672787.24625560,0,2025-12-20T20:00:00.000Z,2025-12-20T23:59:59.999Z
1766275200000,88360.91000000,88433.64000000,87869.35000000,88070.64000000,991.41687000,1766289599999,87337728.98064220,204114,533.39987000,46984600.58384830,0,2025-12-21T00:00:00.000Z,2025-12-21T03:59:59.999Z
1766289600000,88070.64000000,88201.59000000,88050.00000000,88174.79000000,455.57319000,1766303999999,40140932.57417530,118578,214.68133000,18916909.20794600,0,2025-12-21T04:00:00.000Z,2025-12-21T07:59:59.999Z
1766304000000,88174.79000000,89081.77000000,88141.87000000,88601.57000000,1439.81605000,1766318399999,127678805.08246590,435641,763.41724000,67698683.63950660,0,2025-12-21T08:00:00.000Z,2025-12-21T11:59:59.999Z
1766318400000,88601.57000000,88920.01000000,87600.04000000,88067.95000000,2206.50881000,1766332799999,194370742.44310240,679834,897.06796000,79050379.63646530,0,2025-12-21T12:00:00.000Z,2025-12-21T15:59:59.999Z
1766332800000,88067.96000000,88600.00000000,87950.00000000,88484.01000000,1240.46771000,1766347199999,109522574.31517580,305413,622.66210000,54978063.71967710,0,2025-12-21T16:00:00.000Z,2025-12-21T19:59:59.999Z
1766347200000,88484.01000000,88823.52000000,88091.96000000,88658.86000000,799.08995000,1766361599999,70670188.39110350,287086,419.16547000,37083425.01058120,0,2025-12-21T20:00:00.000Z,2025-12-21T23:59:59.999Z
1766361600000,88658.87000000,89627.24000000,87900.00000000,88774.12000000,2619.97992000,1766375999999,232669967.90219190,944640,1347.21776000,119685233.59832190,0,2025-12-22T00:00:00.000Z,2025-12-22T03:59:59.999Z
1766376000000,88774.13000000,89200.00000000,88712.11000000,89170.10000000,1290.70342000,1766390399999,114842336.74603020,410136,605.09089000,53841276.64356870,0,2025-12-22T04:00:00.000Z,2025-12-22T07:59:59.999Z
1766390400000,89170.10000000,90118.00000000,89093.44000000,89945.43000000,2622.90199000,1766404799999,235316805.87680540,617031,1264.18938000,113415815.84935780,0,2025-12-22T08:00:00.000Z,2025-12-22T11:59:59.999Z
1766404800000,89945.43000000,90588.23000000,89196.42000000,89726.92000000,3942.72215000,1766419199999,354542178.66926050,1384546,1960.27565000,176361779.65674040,0,2025-12-22T12:00:00.000Z,2025-12-22T15:59:59.999Z
1766419200000,89726.93000000,90127.00000000,87965.76000000,88052.43000000,2609.54930000,1766433599999,232598008.54141580,934818,1196.18791000,106645997.13061560,0,2025-12-22T16:00:00.000Z,2025-12-22T19:59:59.999Z
1766433600000,88052.42000000,88833.33000000,87911.79000000,88620.79000000,1587.36292000,1766447999999,140266334.01222210,556576,896.65276000,79236688.89293780,0,2025-12-22T20:00:00.000Z,2025-12-22T23:59:59.999Z
1766448000000,88620.79000000,88940.00000000,87800.00000000,88170.00000000,1505.70483000,1766462399999,133118636.51126310,547321,747.57382000,66114215.27474860,0,2025-12-23T00:00:00.000Z,2025-12-23T03:59:59.999Z
1766462400000,88170.00000000,88368.10000000,87051.52000000,87574.79000000,1996.43062000,1766476799999,174963894.59133480,634232,930.56505000,81551139.43724890,0,2025-12-23T04:00:00.000Z,2025-12-23T07:59:59.999Z
1766476800000,87574.78000000,87890.00000000,87297.69000000,87856.65000000,1432.37853000,1766491199999,125496999.52133820,396569,711.48464000,62353362.28055570,0,2025-12-23T08:00:00.000Z,2025-12-23T11:59:59.999Z
1766491200000,87856.66000000,87963.03000000,86601.90000000,87443.45000000,3407.99312000,1766505599999,297693175.87747410,1136288,1418.01615000,123924782.10671430,0,2025-12-23T12:00:00.000Z,2025-12-23T15:59:59.999Z
1766505600000,87443.45000000,88275.40000000,87162.39000000,87752.87000000,3220.82979000,1766519999999,282898560.83983430,1026418,1543.43463000,135591963.50529890,0,2025-12-23T16:00:00.000Z,2025-12-23T19:59:59.999Z
1766520000000,87752.88000000,88372.35000000,87180.00000000,87486.00000000,2346.99215000,1766534399999,205728339.92651030,724252,1030.69318000,90369733.28256400,0,2025-12-23T20:00:00.000Z,2025-12-23T23:59:59.999Z
1766534400000,87486.00000000,87839.66000000,86863.88000000,87336.23000000,1598.88886000,1766548799999,139723636.27323550,520006,795.04089000,69498556.20325420,0,2025-12-24T00:00:00.000Z,2025-12-24T03:59:59.999Z
1766548800000,87336.23000000,87458.54000000,86796.65000000,86911.53000000,1349.63742000,1766563199999,117515634.91029660,363758,736.56518000,64148825.99739830,0,2025-12-24T04:00:00.000Z,2025-12-24T07:59:59.999Z
1766563200000,86911.53000000,87359.59000000,86724.05000000,87203.94000000,1188.37005000,1766577599999,103429956.35400380,325876,647.33616000,56350350.22400220,0,2025-12-24T08:00:00.000Z,2025-12-24T11:59:59.999Z
1766577600000,87203.94000000,87478.59000000,86420.00000000,87049.99000000,2300.52897000,1766591999999,200227835.71629010,818068,1057.57703000,92051510.66026130,0,2025-12-24T12:00:00.000Z,2025-12-24T15:59:59.999Z
1766592000000,87050.00000000,87670.00000000,86917.25000000,87566.06000000,1746.44928000,1766606399999,152570882.61171460,611177,841.63648000,73508097.45375650,0,2025-12-24T16:00:00.000Z,2025-12-24T19:59:59.999Z
1766606400000,87566.07000000,88049.89000000,87516.77000000,87669.45000000,956.96862000,1766620799999,83992580.60830560,238354,465.11757000,40828349.86593010,0,2025-12-24T20:00:00.000Z,2025-12-24T23:59:59.999Z
1766620800000,87669.44000000,87967.50000000,87508.52000000,87840.42000000,652.86225000,1766635199999,57281975.46906110,232606,319.22600000,28010997.50610020,0,2025-12-25T00:00:00.000Z,2025-12-25T03:59:59.999Z
1766635200000,87840.42000000,87862.20000000,87661.17000000,87837.59000000,568.68423000,1766649599999,49911834.73983660,163730,268.14235000,23534446.28828280,0,2025-12-25T04:00:00.000Z,2025-12-25T07:59:59.999Z
1766649600000,87837.59000000,87888.00000000,87251.60000000,87519.44000000,1203.75216000,1766663999999,105324203.19623190,309310,638.30940000,55848550.81800350,0,2025-12-25T08:00:00.000Z,2025-12-25T11:59:59.999Z
1766664000000,87519.45000000,88592.74000000,87398.78000000,88371.27000000,1933.47252000,1766678399999,170049070.36649000,458518,937.79316000,82481337.95816670,0,2025-12-25T12:00:00.000Z,2025-12-25T15:59:59.999Z
1766678400000,88371.27000000,88478.00000000,87993.21000000,88151.18000000,1039.54656000,1766692799999,91715453.00730070,318589,363.16358000,32032399.38472350,0,2025-12-25T16:00:00.000Z,2025-12-25T19:59:59.999Z
1766692800000,88151.19000000,88167.65000000,86934.72000000,87225.27000000,1698.26463000,1766707199999,148687916.87084440,509419,864.32259000,75683396.76802740,0,2025-12-25T20:00:00.000Z,2025-12-25T23:59:59.999Z
1766707200000,87225.27000000,89440.00000000,86891.70000000,88844.87000000,4964.62578000,1766721599999,440136115.03657000,1156160,2893.89677000,256665800.25954520,0,2025-12-26T00:00:00.000Z,2025-12-26T03:59:59.999Z
1766721600000,88844.88000000,89567.75000000,88347.45000000,88470.75000000,3154.47608000,1766735999999,280602305.84000120,561031,1526.58906000,135848924.88397170,0,2025-12-26T04:00:00.000Z,2025-12-26T07:59:59.999Z
1766736000000,88470.75000000,88918.59000000,88414.81000000,88533.42000000,1250.32549000,1766750399999,110927289.51485930,454317,566.79396000,50289992.75766600,0,2025-12-26T08:00:00.000Z,2025-12-26T11:59:59.999Z
1766750400000,88533.43000000,89050.00000000,86655.08000000,87137.81000000,5932.37434000,1766764799999,519288807.73948370,1313391,2387.08473000,209049539.56114850,0,2025-12-26T12:00:00.000Z,2025-12-26T15:59:59.999Z
1766764800000,87137.81000000,87580.29000000,86818.18000000,87501.83000000,1940.76351000,1766779199999,169312314.08879200,724963,989.66696000,86354498.99381750,0,2025-12-26T16:00:00.000Z,2025-12-26T19:59:59.999Z
1766779200000,87501.83000000,87792.70000000,87321.40000000,87369.56000000,1102.04985000,1766793599999,96455283.41693980,299620,482.77465000,42256121.26875750,0,2025-12-26T20:00:00.000Z,2025-12-26T23:59:59.999Z
1766793600000,87369.56000000,87532.00000000,87253.05000000,87514.22000000,675.35016000,1766807999999,59033918.00641510,144399,281.44121000,24601790.40788780,0,2025-12-27T00:00:00.000Z,2025-12-27T03:59:59.999Z
1766808000000,87514.23000000,87702.00000000,87417.93000000,87539.26000000,515.35353000,1766822399999,45098842.62531550,126334,252.08790000,22061891.83428960,0,2025-12-27T04:00:00.000Z,2025-12-27T07:59:59.999Z
1766822400000,87539.26000000,87677.00000000,87370.73000000,87475.98000000,1077.75463000,1766836799999,94371773.20562620,203278,521.01795000,45618001.15631530,0,2025-12-27T08:00:00.000Z,2025-12-27T11:59:59.999Z
1766836800000,87475.99000000,87589.99000000,87308.05000000,87551.25000000,749.39054000,1766851199999,65545804.52972370,164504,237.17487000,20746636.05045930,0,2025-12-27T12:00:00.000Z,2025-12-27T15:59:59.999Z
1766851200000,87551.26000000,87591.00000000,87442.08000000,87569.39000000,566.59122000,1766865599999,49589439.85477370,120742,321.99177000,28180390.85597560,0,2025-12-27T16:00:00.000Z,2025-12-27T19:59:59.999Z
1766865600000,87569.39000000,87984.00000000,87499.99000000,87877.01000000,885.11148000,1766879999999,77634427.05258180,198279,452.01035000,39651770.93431480,0,2025-12-27T20:00:00.000Z,2025-12-27T23:59:59.999Z
1766880000000,87877.00000000,87961.37000000,87705.97000000,87740.01000000,672.08653000,1766894399999,59020193.86226640,171873,300.15109000,26360278.38899690,0,2025-12-28T00:00:00.000Z,2025-12-28T03:59:59.999Z
1766894400000,87740.00000000,87837.99000000,87614.79000000,87730.85000000,442.23022000,1766908799999,38793569.16635900,147395,235.63871000,20672232.44937790,0,2025-12-28T04:00:00.000Z,2025-12-28T07:59:59.999Z
1766908800000,87730.86000000,88010.00000000,87720.00000000,87883.25000000,760.04376000,1766923199999,66780892.09906810,199732,395.72913000,34773141.39396090,0,2025-12-28T08:00:00.000Z,2025-12-28T11:59:59.999Z
1766923200000,87883.25000000,88088.75000000,87794.86000000,87836.27000000,821.25662000,1766937599999,72207877.95763210,201212,393.69996000,34619598.96778970,0,2025-12-28T12:00:00.000Z,2025-12-28T15:59:59.999Z
1766937600000,87836.27000000,87931.59000000,87500.26000000,87520.75000000,881.83702000,1766951999999,77324955.18195350,239536,428.86264000,37607426.55469580,0,2025-12-28T16:00:00.000Z,2025-12-28T19:59:59.999Z
1766952000000,87520.75000000,88049.53000000,87435.00000000,87952.71000000,868.83870000,1766966399999,76199810.88299720,281678,476.67063000,41809450.43259310,0,2025-12-28T20:00:00.000Z,2025-12-28T23:59:59.999Z
1766966400000,87952.71000000,90169.06000000,87813.17000000,90123.55000000,4759.05691000,1766980799999,424102116.69681460,1089924,2545.39022000,226810391.14443590,0,2025-12-29T00:00:00.000Z,2025-12-29T03:59:59.999Z
1766980800000,90123.55000000,90406.08000000,89507.03000000,89617.71000000,3502.98691000,1766995199999,315179304.71910260,585938,1477.24077000,132913378.49185340,0,2025-12-29T04:00:00.000Z,2025-12-29T07:59:59.999Z
1766995200000,89617.71000000,89825.01000000,87567.65000000,87567.66000000,4608.77018000,1767009599999,408418166.96090160,868208,2461.25664000,218142362.64166180,0,2025-12-29T08:00:00.000Z,2025-12-29T11:59:59.999Z
1767009600000,87567.65000000,88190.71000000,86806.50000000,87691.62000000,4178.35066000,1767023999999,365414523.08841770,1229726,2175.09457000,190241007.87308900,0,2025-12-29T12:00:00.000Z,2025-12-29T15:59:59.999Z
1767024000000,87691.62000000,87996.22000000,87312.34000000,87366.23000000,1457.68333000,1767038399999,127737514.00281070,655328,686.37366000,60149848.08310090,0,2025-12-29T16:00:00.000Z,2025-12-29T19:59:59.999Z
1767038400000,87366.23000000,87597.59000000,87071.49000000,87237.13000000,1388.13776000,1767052799999,121160367.56974810,364465,733.74516000,64041247.14136100,0,2025-12-29T20:00:00.000Z,2025-12-29T23:59:59.999Z
1767052800000,87237.13000000,87423.65000000,86845.66000000,87379.00000000,1520.57005000,1767067199999,132542172.22380940,451421,641.49101000,55945117.50571430,0,2025-12-30T00:00:00.000Z,2025-12-30T03:59:59.999Z
1767067200000,87378.99000000,87600.00000000,87157.07000000,87502.85000000,1077.59137000,1767081599999,94204221.71134510,269750,621.33351000,54322957.26554820,0,2025-12-30T04:00:00.000Z,2025-12-30T07:59:59.999Z
1767081600000,87502.85000000,88224.76000000,87502.84000000,87903.89000000,2468.25039000,1767095999999,216982206.29994770,533361,1211.55538000,106521026.42384510,0,2025-12-30T08:00:00.000Z,2025-12-30T11:59:59.999Z
1767096000000,87903.89000000,89159.52000000,87834.01000000,89016.35000000,3882.44573000,1767110399999,343157806.76045860,1101973,1996.52555000,176446624.26192940,0,2025-12-30T12:00:00.000Z,2025-12-30T15:59:59.999Z
1767110400000,89016.36000000,89400.00000000,87960.20000000,88226.16000000,2912.38545000,1767124799999,258295334.60660670,852811,1384.62362000,122765218.42066120,0,2025-12-30T16:00:00.000Z,2025-12-30T19:59:59.999Z
1767124800000,88226.15000000,88573.65000000,87886.46000000,88485.49000000,1244.66702000,1767139199999,109834662.87650780,332860,706.03182000,62302443.52484520,0,2025-12-30T20:00:00.000Z,2025-12-30T23:59:59.999Z
1767139200000,88485.50000000,88819.80000000,88172.15000000,88453.04000000,1131.98072000,1767153599999,100222110.90526390,386708,590.71723000,52299153.38120160,0,2025-12-31T00:00:00.000Z,2025-12-31T03:59:59.999Z
1767153600000,88453.04000000,88638.76000000,88325.06000000,88613.12000000,972.41187000,1767167999999,86051723.97364680,200993,410.00117000,36282048.85537000,0,2025-12-31T04:00:00.000Z,2025-12-31T07:59:59.999Z
1767168000000,88613.11000000,89046.60000000,88393.52000000,89011.52000000,1674.66744000,1767182399999,148657365.01099600,320897,728.74170000,64697886.92506500,0,2025-12-31T08:00:00.000Z,2025-12-31T11:59:59.999Z
1767182400000,89011.51000000,89200.00000000,87766.59000000,87953.97000000,3261.85615000,1767196799999,288734253.88850240,907098,1434.04688000,126929697.60419830,0,2025-12-31T12:00:00.000Z,2025-12-31T15:59:59.999Z
1767196800000,87953.97000000,88053.49000000,87400.41000000,87541.85000000,2936.14316000,1767211199999,257516516.92382250,751545,1492.25723000,130873226.06550710,0,2025-12-31T16:00:00.000Z,2025-12-31T19:59:59.999Z
1767211200000,87541.85000000,87879.04000000,87250.00000000,87648.22000000,1581.56113000,1767225599999,138564864.57729520,330155,776.26987000,68022964.13320690,0,2025-12-31T20:00:00.000Z,2025-12-31T23:59:59.999Z
1767225600000,87648.21000000,88088.10000000,87632.74000000,87846.02000000,833.74412000,1767239999999,73283686.93587010,215223,468.64517000,41189469.86134440,0,2026-01-01T00:00:00.000Z,2026-01-01T03:59:59.999Z
1767240000000,87846.01000000,87854.81000000,87550.43000000,87631.88000000,1108.52485000,1767254399999,97161465.09495060,194935,510.38550000,44733868.01333040,0,2026-01-01T04:00:00.000Z,2026-01-01T07:59:59.999Z
1767254400000,87631.88000000,88024.64000000,87631.87000000,88024.64000000,819.82493000,1767268799999,72010111.09863410,177638,368.39485000,32353028.65019390,0,2026-01-01T08:00:00.000Z,2026-01-01T11:59:59.999Z
1767268800000,88024.64000000,88113.45000000,87810.66000000,88032.18000000,1005.89204000,1767283199999,88469246.41296720,251384,517.36184000,45499838.47775050,0,2026-01-01T12:00:00.000Z,2026-01-01T15:59:59.999Z
1767283200000,88032.17000000,88500.00000000,87879.03000000,88391.15000000,1140.33499000,1767297599999,100594181.64019700,326168,548.99644000,48430444.29838030,0,2026-01-01T16:00:00.000Z,2026-01-01T19:59:59.999Z
1767297600000,88391.16000000,88919.45000000,88240.00000000,88839.04000000,1371.25040000,1767311999999,121472944.10848120,283933,709.86156000,62883427.98738220,0,2026-01-01T20:00:00.000Z,2026-01-01T23:59:59.999Z
1767312000000,88839.05000000,89120.01000000,88379.88000000,88950.65000000,1615.06136000,1767326399999,143387685.48031330,440902,874.98341000,77690405.51174860,0,2026-01-02T00:00:00.000Z,2026-01-02T03:59:59.999Z
1767326400000,88950.64000000,89079.44000000,88576.56000000,88857.61000000,1190.31720000,1767340799999,105750635.99137620,327007,546.94110000,48592973.35953890,0,2026-01-02T04:00:00.000Z,2026-01-02T07:59:59.999Z
1767340800000,88857.60000000,89942.44000000,88758.94000000,89502.95000000,3334.56621000,1767355199999,298340380.42890670,598274,1576.75385000,141067110.92410870,0,2026-01-02T08:00:00.000Z,2026-01-02T11:59:59.999Z
1767355200000,89502.94000000,90135.00000000,88459.96000000,89418.11000000,4573.84370000,1767369599999,408826981.10515860,1544958,2331.39319000,208448047.63681500,0,2026-01-02T12:00:00.000Z,2026-01-02T15:59:59.999Z
1767369600000,89418.10000000,90961.81000000,89205.92000000,89897.23000000,5155.47201000,1767383999999,465168607.72190830,1670556,2728.26341000,246188729.24077450,0,2026-01-02T16:00:00.000Z,2026-01-02T19:59:59.999Z
1767384000000,89897.23000000,90400.00000000,89636.77000000,89995.13000000,1527.71253000,1767398399999,137484570.15942440,428514,871.01951000,78393007.29103290,0,2026-01-02T20:00:00.000Z,2026-01-02T23:59:59.999Z
1767398400000,89995.14000000,90418.32000000,89966.48000000,90321.22000000,1026.19409000,1767412799999,92549932.08761980,270331,622.91098000,56180449.39960540,0,2026-01-03T00:00:00.000Z,2026-01-03T03:59:59.999Z
1767412800000,90321.23000000,90480.62000000,89314.01000000,89577.13000000,1777.41680000,1767427199999,159695561.08809440,390379,794.93339000,71410002.03186570,0,2026-01-03T04:00:00.000Z,2026-01-03T07:59:59.999Z
1767427200000,89577.13000000,89982.11000000,89420.75000000,89752.74000000,1301.10920000,1767441599999,116769331.16783420,316613,741.73499000,66578569.04321050,0,2026-01-03T08:00:00.000Z,2026-01-03T11:59:59.999Z
1767441600000,89752.75000000,90249.99000000,89664.93000000,89969.31000000,1115.15116000,1767455999999,100357970.78005360,273960,611.89371000,55062100.54463770,0,2026-01-03T12:00:00.000Z,2026-01-03T15:59:59.999Z
1767456000000,89969.31000000,90219.67000000,89918.59000000,90123.77000000,516.07827000,1767470399999,46497756.90847330,173286,260.05087000,23430141.66416790,0,2026-01-03T16:00:00.000Z,2026-01-03T19:59:59.999Z
1767470400000,90123.76000000,90741.16000000,90017.23000000,90628.01000000,1321.51764000,1767484799999,119644221.57729020,259645,760.19689000,68818290.61809560,0,2026-01-03T20:00:00.000Z,2026-01-03T23:59:59.999Z
1767484800000,90628.01000000,91610.17000000,90628.00000000,91236.78000000,2719.43418000,1767499199999,248098243.07075030,607982,1426.64991000,130122544.92856790,0,2026-01-04T00:00:00.000Z,2026-01-04T03:59:59.999Z
1767499200000,91236.78000000,91810.00000000,91183.15000000,91532.00000000,1833.66412000,1767513599999,167749873.26711870,370997,983.89800000,90011198.87597950,0,2026-01-04T04:00:00.000Z,2026-01-04T07:59:59.999Z
1767513600000,91532.00000000,91620.50000000,91174.46000000,91300.00000000,2596.25909000,1767527999999,237289998.61081970,400130,1224.08955000,111905017.82824120,0,2026-01-04T08:00:00.000Z,2026-01-04T11:59:59.999Z
1767528000000,91300.01000000,91419.22000000,91014.10000000,91334.94000000,1316.31831000,1767542399999,120080135.70371720,314380,676.15997000,61680493.48430730,0,2026-01-04T12:00:00.000Z,2026-01-04T15:59:59.999Z
1767542400000,91334.94000000,91455.90000000,90863.47000000,91138.07000000,1140.52954000,1767556799999,104012445.88746200,300008,534.59591000,48757242.53833930,0,2026-01-04T16:00:00.000Z,2026-01-04T19:59:59.999Z
1767556800000,91138.06000000,91590.00000000,91132.00000000,91529.73000000,820.32446000,1767571199999,74930283.98134050,213540,475.60055000,43442173.93658470,0,2026-01-04T20:00:00.000Z,2026-01-04T23:59:59.999Z
1767571200000,91529.74000000,93388.00000000,91514.81000000,92878.22000000,5548.56251000,1767585599999,513721467.35895660,837098,3261.94288000,302022337.07086960,0,2026-01-05T00:00:00.000Z,2026-01-05T03:59:59.999Z
1767585600000,92878.22000000,92947.87000000,92155.00000000,92520.63000000,1838.86690000,1767599999999,170178171.53146230,392945,719.91453000,66633932.00508740,0,2026-01-05T04:00:00.000Z,2026-01-05T07:59:59.999Z
1767600000000,92520.63000000,93151.00000000,92320.17000000,93134.26000000,2498.18846000,1767614399999,231730879.19592330,545915,1218.65550000,113099105.15282610,0,2026-01-05T08:00:00.000Z,2026-01-05T11:59:59.999Z
1767614400000,93134.25000000,94000.00000000,92407.13000000,93957.73000000,4224.09624000,1767628799999,394107747.10316690,1498032,2239.84943000,209095125.13163690,0,2026-01-05T12:00:00.000Z,2026-01-05T15:59:59.999Z
1767628800000,93957.74000000,94500.00000000,93250.00000000,94303.40000000,4190.38211000,1767643199999,394024280.01035540,1421808,2218.58389000,208678560.63980680,0,2026-01-05T16:00:00.000Z,2026-01-05T19:59:59.999Z
1767643200000,94303.40000000,94789.08000000,93800.00000000,93859.71000000,2373.49962000,1767657599999,223692698.34821150,789691,1234.02327000,116329691.93147600,0,2026-01-05T20:00:00.000Z,2026-01-05T23:59:59.999Z
1767657600000,93859.71000000,94161.86000000,93529.18000000,93769.24000000,1527.94713000,1767671999999,143284896.66976830,600963,660.32897000,61934091.80542420,0,2026-01-06T00:00:00.000Z,2026-01-06T03:59:59.999Z
1767672000000,93769.25000000,94000.00000000,93137.98000000,93255.08000000,2037.39443000,1767686399999,190731799.04268540,486634,845.69944000,79191705.82713470,0,2026-01-06T04:00:00.000Z,2026-01-06T07:59:59.999Z
1767686400000,93255.08000000,93895.00000000,93167.29000000,93840.00000000,1360.24604000,1767700799999,127219766.70233730,398212,758.34694000,70937073.97216120,0,2026-01-06T08:00:00.000Z,2026-01-06T11:59:59.999Z
1767700800000,93839.99000000,94444.44000000,93352.01000000,93648.99000000,3747.64759000,1767715199999,351851985.86932190,1240205,1760.24950000,165333340.46033670,0,2026-01-06T12:00:00.000Z,2026-01-06T15:59:59.999Z
1767715200000,93649.00000000,93775.60000000,91262.94000000,92104.50000000,6154.50415000,1767729599999,568541953.05716410,1445150,2330.69871000,215192887.40793860,0,2026-01-06T16:00:00.000Z,2026-01-06T19:59:59.999Z
1767729600000,92104.49000000,93845.03000000,92098.29000000,93747.97000000,3718.67895000,1767743999999,346415140.95709800,847522,1753.49801000,163409093.92396780,0,2026-01-06T20:00:00.000Z,2026-01-06T23:59:59.999Z
1767744000000,93747.97000000,93747.97000000,92236.07000000,92815.83000000,2673.21579000,1767758399999,248171557.93449730,791931,1112.08115000,103209870.03240450,0,2026-01-07T00:00:00.000Z,2026-01-07T03:59:59.999Z
1767758400000,92815.83000000,92930.35000000,92500.00000000,92879.13000000,1043.57297000,1767772799999,96774710.88613910,318478,518.99965000,48136267.86647050,0,2026-01-07T04:00:00.000Z,2026-01-07T07:59:59.999Z
1767772800000,92879.14000000,92961.53000000,91600.00000000,92087.21000000,2601.79745000,1767787199999,239581112.29346980,570714,1184.98781000,109078445.29249350,0,2026-01-07T08:00:00.000Z,2026-01-07T11:59:59.999Z
1767787200000,92087.21000000,92299.40000000,91024.00000000,91349.96000000,3623.32777000,1767801599999,332108178.15905240,1172188,1829.74858000,167763612.05242320,0,2026-01-07T12:00:00.000Z,2026-01-07T15:59:59.999Z
1767801600000,91349.95000000,91790.00000000,90675.52000000,91186.07000000,2653.80915000,1767815999999,242047959.56152180,961726,1162.73994000,106062988.81099350,0,2026-01-07T16:00:00.000Z,2026-01-07T19:59:59.999Z
1767816000000,91186.07000000,91489.60000000,90778.32000000,91364.16000000,1680.76712000,1767830399999,153223434.14029320,525215,906.31241000,82638282.09341240,0,2026-01-07T20:00:00.000Z,2026-01-07T23:59:59.999Z
1767830400000,91364.16000000,91687.99000000,90616.36000000,90813.40000000,1794.84191000,1767844799999,163576940.88635920,566090,841.95402000,76782878.61680850,0,2026-01-08T00:00:00.000Z,2026-01-08T03:59:59.999Z
1767844800000,90813.40000000,91188.00000000,89641.84000000,90548.02000000,3107.77644000,1767859199999,280939164.45360610,743009,1427.61842000,129064735.56760270,0,2026-01-08T04:00:00.000Z,2026-01-08T07:59:59.999Z
1767859200000,90548.02000000,90917.22000000,89777.25000000,90226.77000000,2431.28077000,1767873599999,219513289.13294460,769596,1099.49121000,99276538.71882320,0,2026-01-08T08:00:00.000Z,2026-01-08T11:59:59.999Z
1767873600000,90226.77000000,90847.52000000,89311.00000000,90781.57000000,4384.25882000,1767887999999,394726196.33727550,1287084,2490.76537000,224302294.28398570,0,2026-01-08T12:00:00.000Z,2026-01-08T15:59:59.999Z
1767888000000,90781.57000000,91469.00000000,90312.89000000,90937.41000000,2656.58930000,1767902399999,241747417.33085300,1003195,1320.54723000,120177406.02452350,0,2026-01-08T16:00:00.000Z,2026-01-08T19:59:59.999Z
1767902400000,90937.42000000,91493.00000000,90568.11000000,91099.99000000,1758.04393000,1767916799999,160119493.06634980,554498,1011.69949000,92164823.76344780,0,2026-01-08T20:00:00.000Z,2026-01-08T23:59:59.999Z
1767916800000,91100.00000000,91632.10000000,90850.00000000,91220.23000000,1573.86844000,1767931199999,143539695.13636590,484333,838.80137000,76517374.31982040,0,2026-01-09T00:00:00.000Z,2026-01-09T03:59:59.999Z
1767931200000,91220.24000000,91236.72000000,90738.34000000,90741.84000000,1493.55612000,1767945599999,135891241.08872490,315027,613.84951000,55873513.22460370,0,2026-01-09T04:00:00.000Z,2026-01-09T07:59:59.999Z
1767945600000,90741.85000000,90843.77000000,89694.66000000,90463.11000000,2586.72373000,1767959999999,233764925.17116990,583927,1321.22306000,119407610.34235400,0,2026-01-09T08:00:00.000Z,2026-01-09T11:59:59.999Z
1767960000000,90463.12000000,92082.55000000,89850.00000000,91176.47000000,5694.36060000,1767974399999,517909140.42160240,1412867,3433.66926000,312563519.30596750,0,2026-01-09T12:00:00.000Z,2026-01-09T15:59:59.999Z
1767974400000,91176.48000000,91783.32000000,90190.00000000,90332.15000000,2962.09045000,1767988799999,269968099.03470660,959731,1476.48920000,134645612.63302800,0,2026-01-09T16:00:00.000Z,2026-01-09T19:59:59.999Z
1767988800000,90332.14000000,90732.01000000,90113.87000000,90641.28000000,1279.68005000,1768003199999,115834079.33447850,399818,828.40030000,74992109.41176000,0,2026-01-09T20:00:00.000Z,2026-01-09T23:59:59.999Z
1768003200000,90641.27000000,90782.23000000,90527.99000000,90626.14000000,528.98968000,1768017599999,47953156.10890200,139381,230.85112000,20927200.11173470,0,2026-01-10T00:00:00.000Z,2026-01-10T03:59:59.999Z
1768017600000,90626.15000000,90682.70000000,90408.23000000,90678.50000000,491.62648000,1768031999999,44519778.66107810,128891,237.49201000,21508982.76117280,0,2026-01-10T04:00:00.000Z,2026-01-10T07:59:59.999Z
1768032000000,90678.50000000,90832.00000000,90618.28000000,90723.86000000,647.39632000,1768046399999,58733899.42495010,150291,411.61228000,37342627.87919980,0,2026-01-10T08:00:00.000Z,2026-01-10T11:59:59.999Z
1768046400000,90723.87000000,90788.78000000,90538.46000000,90665.75000000,414.48163000,1768060799999,37576099.82111680,122126,183.45599000,16631580.40527290,0,2026-01-10T12:00:00.000Z,2026-01-10T15:59:59.999Z
1768060800000,90665.76000000,90746.00000000,90504.55000000,90626.54000000,530.14761000,1768075199999,48045037.46756090,93917,258.02975000,23384743.45946860,0,2026-01-10T16:00:00.000Z,2026-01-10T19:59:59.999Z
1768075200000,90626.54000000,90659.03000000,90404.00000000,90504.70000000,491.47550000,1768089599999,44493403.99669020,131751,230.53268000,20869624.79273810,0,2026-01-10T20:00:00.000Z,2026-01-10T23:59:59.999Z
1768089600000,90504.70000000,90737.95000000,90451.10000000,90733.50000000,463.88039000,1768103999999,42051077.89090560,124999,269.94224000,24473752.22536600,0,2026-01-11T00:00:00.000Z,2026-01-11T03:59:59.999Z
1768104000000,90733.49000000,90850.00000000,90585.34000000,90710.79000000,546.84342000,1768118399999,49620691.89734780,110833,242.95420000,22045838.49489630,0,2026-01-11T04:00:00.000Z,2026-01-11T07:59:59.999Z
1768118400000,90710.80000000,90816.00000000,90610.27000000,90754.99000000,694.37617000,1768132799999,63005915.23241750,134305,369.67722000,33545318.65357380,0,2026-01-11T08:00:00.000Z,2026-01-11T11:59:59.999Z
1768132800000,90754.99000000,91191.50000000,90708.25000000,90875.79000000,1144.02813000,1768147199999,104038227.40273650,250909,616.55747000,56076322.59451000,0,2026-01-11T12:00:00.000Z,2026-01-11T15:59:59.999Z
1768147200000,90875.79000000,91283.89000000,90673.30000000,90690.80000000,961.40735000,1768161599999,87473936.33073430,232990,520.00765000,47323137.21002400,0,2026-01-11T16:00:00.000Z,2026-01-11T19:59:59.999Z
1768161600000,90690.81000000,91041.79000000,90236.00000000,91013.65000000,1666.60048000,1768175999999,151056015.17780820,427993,849.22290000,76983337.63050150,0,2026-01-11T20:00:00.000Z,2026-01-11T23:59:59.999Z
1768176000000,91013.66000000,92519.95000000,90700.29000000,91808.12000000,3786.46912000,1768190399999,347253069.64964840,953179,1964.80464000,180190844.66581430,0,2026-01-12T00:00:00.000Z,2026-01-12T03:59:59.999Z
1768190400000,91808.12000000,92290.81000000,91381.36000000,91408.09000000,1706.23351000,1768204799999,156828888.75691210,373934,879.20773000,80849578.91688630,0,2026-01-12T04:00:00.000Z,2026-01-12T07:59:59.999Z
1768204800000,91408.09000000,91630.13000000,90370.00000000,90620.96000000,2761.14204000,1768219199999,250751817.46973810,581046,1380.59851000,125360708.79548900,0,2026-01-12T08:00:00.000Z,2026-01-12T11:59:59.999Z
1768219200000,90620.95000000,91665.00000000,90128.44000000,91665.00000000,2904.06995000,1768233599999,263929473.57370710,877382,1387.55676000,126162362.52161480,0,2026-01-12T12:00:00.000Z,2026-01-12T15:59:59.999Z
1768233600000,91664.99000000,92332.00000000,91000.53000000,91861.27000000,3629.97324000,1768247999999,333268940.84908250,928463,1799.27487000,165197101.49072530,0,2026-01-12T16:00:00.000Z,2026-01-12T19:59:59.999Z
1768248000000,91861.27000000,92046.23000000,90938.20000000,91296.20000000,1400.19482000,1768262399999,127932671.97021820,385505,681.10029000,62244203.79019250,0,2026-01-12T20:00:00.000Z,2026-01-12T23:59:59.999Z
1768262400000,91296.20000000,91546.08000000,91042.66000000,91408.91000000,1312.52459000,1768276799999,119841692.45646120,325189,580.95743000,53055863.61940840,0,2026-01-13T00:00:00.000Z,2026-01-13T03:59:59.999Z
1768276800000,91408.90000000,92275.38000000,91350.71000000,91942.00000000,2568.59009000,1768291199999,236174198.07685920,445438,1329.38190000,122236330.22747870,0,2026-01-13T04:00:00.000Z,2026-01-13T07:59:59.999Z
1768291200000,91941.99000000,92672.11000000,91924.27000000,92000.74000000,2545.21662000,1768305599999,234776011.94279410,473767,1433.43980000,132234131.26171150,0,2026-01-13T08:00:00.000Z,2026-01-13T11:59:59.999Z
1768305600000,92000.73000000,93450.00000000,91787.61000000,93449.99000000,4336.89557000,1768319999999,401086823.40860860,1170196,2291.65453000,212001507.20207720,0,2026-01-13T12:00:00.000Z,2026-01-13T15:59:59.999Z
1768320000000,93449.99000000,94231.82000000,93078.31000000,94226.84000000,4752.59807000,1768334399999,444758231.02562200,1286109,2573.13381000,240844171.77413000,0,2026-01-13T16:00:00.000Z,2026-01-13T19:59:59.999Z
1768334400000,94226.85000000,96495.00000000,94062.00000000,95414.00000000,7505.68988000,1768348799999,713133844.20735870,1324372,4196.66309000,398695158.16417710,0,2026-01-13T20:00:00.000Z,2026-01-13T23:59:59.999Z
1768348800000,95413.99000000,95722.01000000,95116.03000000,95720.99000000,2381.89992000,1768363199999,227239900.72234170,643513,1225.32115000,116917073.81075960,0,2026-01-14T00:00:00.000Z,2026-01-14T03:59:59.999Z
1768363200000,95720.99000000,95799.22000000,94559.28000000,95205.10000000,2873.63420000,1768377599999,273149042.57660230,575454,1251.58289000,118967916.72341610,0,2026-01-14T04:00:00.000Z,2026-01-14T07:59:59.999Z
1768377600000,95205.11000000,95315.15000000,94737.95000000,94792.99000000,1756.03488000,1768391999999,166885522.15560410,475107,818.94631000,77838899.48974290,0,2026-01-14T08:00:00.000Z,2026-01-14T11:59:59.999Z
1768392000000,94793.00000000,97084.68000000,94680.67000000,96764.57000000,6031.62524000,1768406399999,580345459.93146470,1435939,3526.46598000,339514463.38079010,0,2026-01-14T12:00:00.000Z,2026-01-14T15:59:59.999Z
1768406400000,96764.57000000,97777.00000000,96246.56000000,97267.42000000,6680.63165000,1768420799999,649361297.85525700,1470063,3660.98842000,355886391.82122860,0,2026-01-14T16:00:00.000Z,2026-01-14T19:59:59.999Z
1768420800000,97267.42000000,97924.49000000,96772.02000000,96951.78000000,3128.06839000,1768435199999,304554598.40734490,746136,1491.68354000,145290717.37136550,0,2026-01-14T20:00:00.000Z,2026-01-14T23:59:59.999Z
1768435200000,96951.78000000,97000.00000000,95777.00000000,95985.10000000,2821.68199000,1768449599999,272054276.57474340,584806,1256.71167000,121213995.61703450,0,2026-01-15T00:00:00.000Z,2026-01-15T03:59:59.999Z
1768449600000,95985.11000000,96760.15000000,95952.89000000,96630.48000000,2056.29256000,1768463999999,198178492.14644700,462877,1060.47548000,102184478.43278790,0,2026-01-15T04:00:00.000Z,2026-01-15T07:59:59.999Z
1768464000000,96630.47000000,97193.34000000,96289.98000000,96581.08000000,2793.34386000,1768478399999,270237014.49266070,512597,1438.33168000,139186412.04425060,0,2026-01-15T08:00:00.000Z,2026-01-15T11:59:59.999Z
1768478400000,96581.07000000,97165.03000000,95435.91000000,96737.04000000,4818.18164000,1768492799999,463879280.84320280,1230231,2614.74111000,251761758.72578030,0,2026-01-15T12:00:00.000Z,2026-01-15T15:59:59.999Z
1768492800000,96737.04000000,97163.00000000,95183.13000000,95516.01000000,7868.89039000,1768507199999,758114914.49357150,1239335,3817.65242000,368379967.74423770,0,2026-01-15T16:00:00.000Z,2026-01-15T19:59:59.999Z
1768507200000,95516.01000000,95871.00000000,95134.48000000,95604.80000000,1367.42325000,1768521599999,130544204.29310820,463249,653.41531000,62376450.54739380,0,2026-01-15T20:00:00.000Z,2026-01-15T23:59:59.999Z
1768521600000,95604.81000000,95855.12000000,95321.58000000,95354.69000000,1207.14110000,1768535999999,115378279.70065720,362766,547.02685000,52286955.01205020,0,2026-01-16T00:00:00.000Z,2026-01-16T03:59:59.999Z
1768536000000,95354.69000000,95816.83000000,95133.03000000,95653.16000000,2294.92600000,1768550399999,219083322.78909410,358241,938.43824000,89624047.34746040,0,2026-01-16T04:00:00.000Z,2026-01-16T07:59:59.999Z
1768550400000,95653.16000000,95871.47000000,95261.43000000,95429.09000000,1614.38797000,1768564799999,154250645.18338600,288509,702.37319000,67143396.00647390,0,2026-01-16T08:00:00.000Z,2026-01-16T11:59:59.999Z
1768564800000,95429.09000000,95809.08000000,94293.46000000,94585.98000000,3014.13280000,1768579199999,286570081.07358240,926894,1312.36511000,124826003.50738850,0,2026-01-16T12:00:00.000Z,2026-01-16T15:59:59.999Z
1768579200000,94585.99000000,95215.74000000,94508.00000000,95002.09000000,1854.59442000,1768593599999,175975525.53327340,628508,920.37053000,87331368.06439810,0,2026-01-16T16:00:00.000Z,2026-01-16T19:59:59.999Z
1768593600000,95002.09000000,95600.00000000,94682.00000000,95550.94000000,1182.53231000,1768607999999,112761553.79725830,406641,634.49560000,60511408.14369680,0,2026-01-16T20:00:00.000Z,2026-01-16T23:59:59.999Z
1768608000000,95550.94000000,95578.20000000,95200.00000000,95372.95000000,520.98136000,1768622399999,49695618.65792460,153215,217.68083000,20764225.46637320,0,2026-01-17T00:00:00.000Z,2026-01-17T03:59:59.999Z
1768622400000,95372.94000000,95373.64000000,95041.70000000,95101.67000000,558.53587000,1768636799999,53193870.73716470,148515,260.07345000,24771942.09788950,0,2026-01-17T04:00:00.000Z,2026-01-17T07:59:59.999Z
1768636800000,95101.67000000,95323.86000000,95021.67000000,95323.86000000,614.83515000,1768651199999,58543264.68391110,157393,362.03530000,34476160.28705750,0,2026-01-17T08:00:00.000Z,2026-01-17T11:59:59.999Z
1768651200000,95323.85000000,95639.45000000,95198.81000000,95573.64000000,1450.99515000,1768665599999,138504947.12109610,240499,677.04368000,64626415.82542760,0,2026-01-17T12:00:00.000Z,2026-01-17T15:59:59.999Z
1768665600000,95573.65000000,95576.14000000,95212.25000000,95291.38000000,636.49063000,1768679999999,60710385.02337250,164857,328.24382000,31307554.04062100,0,2026-01-17T16:00:00.000Z,2026-01-17T19:59:59.999Z
1768680000000,95291.37000000,95412.86000000,95050.00000000,95147.77000000,498.96321000,1768694399999,47513855.44843890,156048,214.77575000,20452778.25360130,0,2026-01-17T20:00:00.000Z,2026-01-17T23:59:59.999Z
1768694400000,95147.77000000,95250.00000000,94876.33000000,95200.29000000,721.03445000,1768708799999,68534005.37904730,216444,302.53425000,28758607.89365080,0,2026-01-18T00:00:00.000Z,2026-01-18T03:59:59.999Z
1768708800000,95200.29000000,95260.00000000,95028.27000000,95028.27000000,705.29271000,1768723199999,67090007.56078230,141153,331.19778000,31504725.27160630,0,2026-01-18T04:00:00.000Z,2026-01-18T07:59:59.999Z
1768723200000,95028.27000000,95295.39000000,95021.44000000,95168.06000000,960.00602000,1768737599999,91353052.43952810,156208,478.64207000,45550019.17486590,0,2026-01-18T08:00:00.000Z,2026-01-18T11:59:59.999Z
1768737600000,95168.06000000,95376.24000000,94910.00000000,95119.28000000,1177.17902000,1768751999999,111962283.80245630,232386,524.22586000,49854269.93167630,0,2026-01-18T12:00:00.000Z,2026-01-18T15:59:59.999Z
1768752000000,95119.27000000,95521.71000000,95073.02000000,95380.99000000,921.46243000,1768766399999,87865233.96683370,235135,546.30202000,52098897.75909630,0,2026-01-18T16:00:00.000Z,2026-01-18T19:59:59.999Z
1768766400000,95380.99000000,95531.12000000,93615.40000000,93673.14000000,2410.20356000,1768780799999,227969160.11906410,507459,924.45406000,87451242.79038370,0,2026-01-18T20:00:00.000Z,2026-01-18T23:59:59.999Z
1768780800000,93673.14000000,93673.14000000,91910.20000000,92690.09000000,6141.54249000,1768795199999,569182623.91563580,1190855,3108.59500000,288074792.59853220,0,2026-01-19T00:00:00.000Z,2026-01-19T03:59:59.999Z
1768795200000,92690.08000000,92861.41000000,92385.07000000,92841.62000000,1712.23708000,1768809599999,158602697.54721850,328667,892.42630000,82673277.06748680,0,2026-01-19T04:00:00.000Z,2026-01-19T07:59:59.999Z
1768809600000,92841.62000000,93368.44000000,92702.56000000,93191.96000000,1908.98628000,1768823999999,177660733.40524200,432648,961.24607000,89456879.81267520,0,2026-01-19T08:00:00.000Z,2026-01-19T11:59:59.999Z
1768824000000,93191.96000000,93226.44000000,92700.00000000,93068.62000000,1798.82427000,1768838399999,167274782.34353790,493053,773.76130000,71960905.67695850,0,2026-01-19T12:00:00.000Z,2026-01-19T15:59:59.999Z
1768838400000,93068.62000000,93420.00000000,92930.00000000,93105.85000000,1153.18382000,1768852799999,107439280.65568860,373206,540.62572000,50369330.05731410,0,2026-01-19T16:00:00.000Z,2026-01-19T19:59:59.999Z
1768852800000,93105.85000000,93342.36000000,92158.48000000,92631.00000000,1580.75353000,1768867199999,146610218.18172420,540637,630.18806000,58445819.68284540,0,2026-01-19T20:00:00.000Z,2026-01-19T23:59:59.999Z
1768867200000,92630.99000000,92870.00000000,92264.70000000,92434.92000000,1260.14088000,1768881599999,116657929.28948010,496044,600.42484000,55589363.79084180,0,2026-01-20T00:00:00.000Z,2026-01-20T03:59:59.999Z
1768881600000,92434.93000000,92470.37000000,90771.78000000,91177.98000000,4648.13308000,1768895999999,424720877.63391110,1101555,1961.08373000,179184734.54298930,0,2026-01-20T04:00:00.000Z,2026-01-20T07:59:59.999Z
1768896000000,91177.99000000,91442.88000000,90693.00000000,91218.99000000,2254.13020000,1768910399999,205329533.23136660,671094,1146.90229000,104484774.50926800,0,2026-01-20T08:00:00.000Z,2026-01-20T11:59:59.999Z
1768910400000,91218.99000000,91371.11000000,89859.06000000,90684.95000000,5038.30665000,1768924799999,456669956.35714800,1454038,2000.35257000,181427851.44121270,0,2026-01-20T12:00:00.000Z,2026-01-20T15:59:59.999Z
1768924800000,90684.95000000,90974.49000000,89292.48000000,89725.76000000,4114.75823000,1768939199999,369945918.69349640,1306074,1903.49107000,171202013.03366970,0,2026-01-20T16:00:00.000Z,2026-01-20T19:59:59.999Z
1768939200000,89725.77000000,89854.20000000,87895.98000000,88427.66000000,4691.85706000,1768953599999,416352453.38877610,1035226,2016.94174000,179047686.82111270,0,2026-01-20T20:00:00.000Z,2026-01-20T23:59:59.999Z
1768953600000,88427.66000000,89598.80000000,88250.00000000,89432.33000000,2980.55061000,1768967999999,265236836.11426760,649549,1645.84484000,146474157.73287930,0,2026-01-21T00:00:00.000Z,2026-01-21T03:59:59.999Z
1768968000000,89432.33000000,90120.44000000,89093.28000000,89213.95000000,2049.62852000,1768982399999,183603104.50620170,432630,1080.91948000,96830991.37558750,0,2026-01-21T04:00:00.000Z,2026-01-21T07:59:59.999Z
1768982400000,89213.96000000,89493.46000000,88700.00000000,88789.99000000,2010.92900000,1768996799999,179332525.52432470,561074,1043.69292000,93112230.56518370,0,2026-01-21T08:00:00.000Z,2026-01-21T11:59:59.999Z
1768996800000,88789.99000000,90574.00000000,88196.72000000,90288.04000000,4684.20136000,1769011199999,418220303.67461830,1648678,2300.36503000,205526884.47963700,0,2026-01-21T12:00:00.000Z,2026-01-21T15:59:59.999Z
1769011200000,90288.04000000,90450.00000000,87263.53000000,90355.56000000,6425.20187000,1769025599999,569364367.98918590,2360969,2960.29804000,262523453.35948960,0,2026-01-21T16:00:00.000Z,2026-01-21T19:59:59.999Z
1769025600000,90355.56000000,90377.00000000,89344.98000000,89454.73000000,2466.99236000,1769039999999,221950977.55110510,766153,1234.09271000,111064033.56942350,0,2026-01-21T20:00:00.000Z,2026-01-21T23:59:59.999Z
1769040000000,89454.73000000,90359.99000000,89454.72000000,89899.51000000,1561.80923000,1769054399999,140523160.28297430,525248,950.36600000,85512174.85666610,0,2026-01-22T00:00:00.000Z,2026-01-22T03:59:59.999Z
1769054400000,89899.51000000,90215.79000000,89802.00000000,89818.79000000,1213.67268000,1769068799999,109225185.68313000,329803,604.37523000,54387742.11861700,0,2026-01-22T04:00:00.000Z,2026-01-22T07:59:59.999Z
1769068800000,89818.79000000,90150.00000000,89760.00000000,89941.26000000,1125.90639000,1769083199999,101314930.11446830,348223,538.93731000,48500990.74078370,0,2026-01-22T08:00:00.000Z,2026-01-22T11:59:59.999Z
1769083200000,89941.26000000,90340.00000000,88515.37000000,89000.01000000,3512.25665000,1769097599999,313969200.39524850,1168941,1713.87928000,153314393.94626980,0,2026-01-22T12:00:00.000Z,2026-01-22T15:59:59.999Z
1769097600000,89000.00000000,89924.46000000,88676.95000000,89777.90000000,2304.40726000,1769111999999,205774601.16338220,969034,1248.41930000,111507245.48156030,0,2026-01-22T16:00:00.000Z,2026-01-22T19:59:59.999Z
1769112000000,89777.89000000,89946.13000000,89140.13000000,89559.67000000,1107.45271000,1769126399999,99103545.71678530,402163,473.57054000,42375943.37889280,0,2026-01-22T20:00:00.000Z,2026-01-22T23:59:59.999Z
1769126400000,89559.68000000,89979.97000000,89450.48000000,89924.78000000,1144.14106000,1769140799999,102694677.23561540,371194,597.71747000,53652672.94460250,0,2026-01-23T00:00:00.000Z,2026-01-23T03:59:59.999Z
1769140800000,89924.78000000,90088.94000000,89400.00000000,89549.45000000,1729.71757000,1769155199999,155175753.31906900,560274,840.99198000,75436422.29427970,0,2026-01-23T04:00:00.000Z,2026-01-23T07:59:59.999Z
1769155200000,89549.45000000,89632.18000000,88860.44000000,89202.48000000,1992.68771000,1769169599999,177711327.21804480,580165,892.73692000,79614078.97236280,0,2026-01-23T08:00:00.000Z,2026-01-23T11:59:59.999Z
1769169600000,89202.47000000,89865.53000000,88578.36000000,89761.61000000,2836.93325000,1769183999999,253071200.32151040,1075371,1429.44282000,127545357.20910120,0,2026-01-23T12:00:00.000Z,2026-01-23T15:59:59.999Z
1769184000000,89761.61000000,91224.99000000,89489.00000000,89982.79000000,4430.77605000,1769198399999,400289384.55268430,1410872,2291.02155000,206969234.53951530,0,2026-01-23T16:00:00.000Z,2026-01-23T19:59:59.999Z
1769198400000,89982.79000000,90156.06000000,89200.68000000,89600.26000000,1784.23355000,1769212799999,159829923.03191910,622031,859.26594000,76986648.17249250,0,2026-01-23T20:00:00.000Z,2026-01-23T23:59:59.999Z
1769212800000,89600.26000000,89957.39000000,89424.39000000,89770.02000000,760.97660000,1769227199999,68253051.29648220,227811,372.07003000,33376340.76343920,0,2026-01-24T00:00:00.000Z,2026-01-24T03:59:59.999Z
1769227200000,89770.03000000,89853.38000000,89572.81000000,89620.10000000,954.94709000,1769241599999,85657544.75009300,144923,383.39699000,34388121.43339460,0,2026-01-24T04:00:00.000Z,2026-01-24T07:59:59.999Z
1769241600000,89620.11000000,89686.43000000,89577.97000000,89595.40000000,513.59579000,1769255999999,46029985.17339660,107093,198.11517000,17755955.30358670,0,2026-01-24T08:00:00.000Z,2026-01-24T11:59:59.999Z
1769256000000,89595.41000000,89595.41000000,89171.75000000,89275.77000000,1016.91516000,1769270399999,90964710.88900660,193981,437.76826000,39160483.23738170,0,2026-01-24T12:00:00.000Z,2026-01-24T15:59:59.999Z
1769270400000,89275.77000000,89461.40000000,89162.08000000,89331.36000000,560.08706000,1769284799999,50024095.71473510,152909,247.52670000,22107701.74853930,0,2026-01-24T16:00:00.000Z,2026-01-24T19:59:59.999Z
1769284800000,89331.36000000,89489.84000000,89215.59000000,89225.34000000,420.04567000,1769299199999,37534758.26816770,133137,197.09224000,17612590.95335220,0,2026-01-24T20:00:00.000Z,2026-01-24T23:59:59.999Z
1769299200000,89225.34000000,89319.13000000,88838.72000000,88960.35000000,949.82753000,1769313599999,84609577.77839580,215983,343.12143000,30567859.95397140,0,2026-01-25T00:00:00.000Z,2026-01-25T03:59:59.999Z
1769313600000,88960.36000000,89090.13000000,88635.84000000,88659.99000000,1365.03813000,1769327999999,121300375.62686140,241931,439.67300000,39070162.17450340,0,2026-01-25T04:00:00.000Z,2026-01-25T07:59:59.999Z
1769328000000,88659.99000000,88760.00000000,88136.00000000,88570.17000000,1276.76207000,1769342399999,112976354.38602530,361476,703.86499000,62285737.61793530,0,2026-01-25T08:00:00.000Z,2026-01-25T11:59:59.999Z
1769342400000,88570.17000000,88971.89000000,88340.75000000,88446.50000000,1271.25718000,1769356799999,112761097.71506500,370622,614.97033000,54559995.52682580,0,2026-01-25T12:00:00.000Z,2026-01-25T15:59:59.999Z
1769356800000,88446.51000000,88448.85000000,86194.85000000,86495.16000000,6164.82689000,1769371199999,538608130.75629710,1495854,2624.72668000,229325221.04255690,0,2026-01-25T16:00:00.000Z,2026-01-25T19:59:59.999Z
1769371200000,86495.17000000,87013.79000000,86074.72000000,86670.36000000,3398.50839000,1769385599999,293978153.57893640,1034312,1542.92014000,133495608.25160260,0,2026-01-25T20:00:00.000Z,2026-01-25T23:59:59.999Z
1769385600000,86670.36000000,87973.11000000,86509.63000000,87282.05000000,4005.56746000,1769399999999,350123125.12824870,1022875,2382.39342000,208261578.19578520,0,2026-01-26T00:00:00.000Z,2026-01-26T03:59:59.999Z
1769400000000,87282.04000000,88074.48000000,87244.27000000,88000.64000000,3558.66159000,1769414399999,312484747.25345550,643626,2137.19390000,187613642.06005640,0,2026-01-26T04:00:00.000Z,2026-01-26T07:59:59.999Z
1769414400000,88000.64000000,88424.45000000,87600.69000000,87855.00000000,1820.37120000,1769428799999,160098631.23450440,461359,818.10097000,71961010.03893700,0,2026-01-26T08:00:00.000Z,2026-01-26T11:59:59.999Z
1769428800000,87855.01000000,88860.00000000,87325.03000000,87641.41000000,4437.30175000,1769443199999,390623196.41567810,1204757,2110.41193000,185882604.02458230,0,2026-01-26T12:00:00.000Z,2026-01-26T15:59:59.999Z
1769443200000,87641.41000000,88537.95000000,87035.51000000,88013.19000000,2334.22752000,1769457599999,204958111.60122560,1022910,1164.36908000,102262664.07469040,0,2026-01-26T16:00:00.000Z,2026-01-26T19:59:59.999Z
1769457600000,88013.19000000,88659.09000000,87542.05000000,88347.08000000,1610.38501000,1769471999999,141847947.35610250,442556,816.47276000,71932892.30093850,0,2026-01-26T20:00:00.000Z,2026-01-26T23:59:59.999Z
1769472000000,88347.08000000,88898.00000000,88194.82000000,88788.00000000,1649.23753000,1769486399999,146115546.38828700,392884,936.57562000,83023875.17456570,0,2026-01-27T00:00:00.000Z,2026-01-27T03:59:59.999Z
1769486400000,88787.99000000,89010.00000000,88278.03000000,88320.41000000,1448.31937000,1769500799999,128262293.64502520,326245,657.13587000,58215524.34630190,0,2026-01-27T04:00:00.000Z,2026-01-27T07:59:59.999Z
1769500800000,88320.41000000,88397.85000000,87743.52000000,87992.74000000,1462.63908000,1769515199999,128741689.57729670,339090,646.88291000,56945644.21104090,0,2026-01-27T08:00:00.000Z,2026-01-27T11:59:59.999Z
1769515200000,87992.74000000,88474.23000000,87578.67000000,88047.46000000,2499.94350000,1769529599999,219898114.52575760,876100,1315.14872000,115706862.21327450,0,2026-01-27T12:00:00.000Z,2026-01-27T15:59:59.999Z
1769529600000,88047.46000000,88819.89000000,87304.33000000,88408.77000000,3647.91175000,1769543999999,321389992.07094540,1229055,1817.81283000,160147981.31794160,0,2026-01-27T16:00:00.000Z,2026-01-27T19:59:59.999Z
1769544000000,88408.78000000,89523.16000000,88373.49000000,89250.00000000,2417.35302000,1769558399999,215619217.38219130,623962,1349.31342000,120348708.79415510,0,2026-01-27T20:00:00.000Z,2026-01-27T23:59:59.999Z
1769558400000,89249.99000000,89497.96000000,88985.00000000,89126.67000000,1094.38637000,1769572799999,97673536.05690120,373642,482.22464000,43041195.84364040,0,2026-01-28T00:00:00.000Z,2026-01-28T03:59:59.999Z
1769572800000,89126.68000000,89400.00000000,88840.00000000,89134.35000000,1349.92307000,1769587199999,120297987.14177550,343691,547.27575000,48769141.67516540,0,2026-01-28T04:00:00.000Z,2026-01-28T07:59:59.999Z
1769587200000,89134.35000000,90156.72000000,88833.65000000,90080.00000000,2787.07391000,1769601599999,249307731.53139050,601247,1422.25483000,127283403.81735490,0,2026-01-28T08:00:00.000Z,2026-01-28T11:59:59.999Z
1769601600000,90079.99000000,90488.00000000,88904.61000000,89479.66000000,4428.88675000,1769615999999,398176089.57228930,1243012,2237.28195000,201232453.33442420,0,2026-01-28T12:00:00.000Z,2026-01-28T15:59:59.999Z
1769616000000,89479.66000000,90600.00000000,89006.36000000,89402.58000000,3310.08413000,1769630399999,296806111.90544220,1241762,1684.40271000,151069328.36573740,0,2026-01-28T16:00:00.000Z,2026-01-28T19:59:59.999Z
1769630400000,89402.57000000,89896.00000000,88878.01000000,89299.99000000,1361.83079000,1769644799999,121658384.64367310,582437,642.00348000,57365508.27881410,0,2026-01-28T20:00:00.000Z,2026-01-28T23:59:59.999Z
1769644800000,89300.00000000,89348.00000000,87704.00000000,88053.71000000,2923.10988000,1769659199999,258458116.20632930,841576,1265.14022000,111789663.45702830,0,2026-01-29T00:00:00.000Z,2026-01-29T03:59:59.999Z
1769659200000,88053.71000000,88430.05000000,87901.23000000,88352.97000000,1476.91111000,1769673599999,130352487.21880470,319940,769.39960000,67900799.28976150,0,2026-01-29T04:00:00.000Z,2026-01-29T07:59:59.999Z
1769673600000,88352.96000000,88500.00000000,87750.01000000,87846.50000000,2299.04104000,1769687999999,202350368.07481390,375181,1033.51180000,90964490.20371800,0,2026-01-29T08:00:00.000Z,2026-01-29T11:59:59.999Z
1769688000000,87846.50000000,88182.29000000,84366.56000000,84934.02000000,10107.55386000,1769702399999,868554873.98652340,1467093,3345.13039000,287773596.21098160,0,2026-01-29T12:00:00.000Z,2026-01-29T15:59:59.999Z
1769702400000,84934.02000000,85638.30000000,83383.33000000,84012.11000000,10787.89043000,1769716799999,911383998.68714140,1943012,4527.35077000,382622011.87820960,0,2026-01-29T16:00:00.000Z,2026-01-29T19:59:59.999Z
1769716800000,84012.11000000,84737.69000000,83824.90000000,84650.16000000,2836.87569000,1769731199999,239281743.73639080,651947,1445.05628000,121869823.03631980,0,2026-01-29T20:00:00.000Z,2026-01-29T23:59:59.999Z
1769731200000,84650.16000000,84735.75000000,81118.00000000,82676.43000000,12245.12313000,1769745599999,1009027615.83698800,1870415,4840.32648000,398496855.09509330,0,2026-01-30T00:00:00.000Z,2026-01-30T03:59:59.999Z
1769745600000,82676.42000000,83332.20000000,82056.08000000,82816.98000000,4789.41822000,1769759999999,396711858.04601450,878254,2502.16811000,207253463.74492520,0,2026-01-30T04:00:00.000Z,2026-01-30T07:59:59.999Z
1769760000000,82816.98000000,83314.85000000,82160.00000000,83151.36000000,3255.07609000,1769774399999,269004440.06885260,887515,1920.21556000,158729858.90282110,0,2026-01-30T08:00:00.000Z,2026-01-30T11:59:59.999Z
1769774400000,83151.36000000,83797.99000000,82382.01000000,82883.94000000,4751.88055000,1769788799999,394682897.05294720,1726639,2488.92866000,206772102.52949120,0,2026-01-30T12:00:00.000Z,2026-01-30T15:59:59.999Z
1769788800000,82882.84000000,84621.16000000,81871.37000000,84242.99000000,6116.25601000,1769803199999,509866885.26132380,2472068,2963.00775000,247192789.01918590,0,2026-01-30T16:00:00.000Z,2026-01-30T19:59:59.999Z
1769803200000,84243.00000000,84523.11000000,83539.20000000,84260.49000000,4038.09393000,1769817599999,339330370.21570590,1163938,2034.95128000,171041715.81516430,0,2026-01-30T20:00:00.000Z,2026-01-30T23:59:59.999Z
1769817600000,84260.50000000,84270.02000000,83815.02000000,84022.69000000,1727.33956000,1769831999999,145238921.81620550,389593,864.33517000,72675491.70756590,0,2026-01-31T00:00:00.000Z,2026-01-31T03:59:59.999Z
1769832000000,84022.70000000,84146.22000000,83404.67000000,83546.81000000,1349.94572000,1769846399999,113129394.90341430,330990,602.49503000,50497936.65874460,0,2026-01-31T04:00:00.000Z,2026-01-31T07:59:59.999Z
1769846400000,83546.82000000,83629.08000000,82560.75000000,83020.00000000,2408.78889000,1769860799999,200082196.53669670,720307,1113.05261000,92464381.68513910,0,2026-01-31T08:00:00.000Z,2026-01-31T11:59:59.999Z
1769860800000,83020.00000000,83140.00000000,80825.76000000,81302.15000000,6811.82932000,1769875199999,556391001.78880560,1469375,2903.41483000,237196778.20771160,0,2026-01-31T12:00:00.000Z,2026-01-31T15:59:59.999Z
1769875200000,81302.16000000,82200.00000000,75719.90000000,77750.01000000,22029.61555000,1769889599999,1737008005.19526490,3049577,9595.93320000,757298977.78333110,0,2026-01-31T16:00:00.000Z,2026-01-31T19:59:59.999Z
1769889600000,77750.01000000,79240.00000000,77092.34000000,78741.09000000,5164.37229000,1769903999999,403414573.38265710,1425134,2880.38274000,224986679.94020420,0,2026-01-31T20:00:00.000Z,2026-01-31T23:59:59.999Z
1769904000000,78741.10000000,79424.00000000,78284.00000000,78868.28000000,4258.38184000,1769918399999,335705316.01504680,1297030,2065.41259000,162898631.62363060,0,2026-02-01T00:00:00.000Z,2026-02-01T03:59:59.999Z
1769918400000,78868.29000000,79119.30000000,77967.69000000,78343.00000000,2563.15420000,1769932799999,201446289.00758070,844039,1254.12936000,98610437.51221780,0,2026-02-01T04:00:00.000Z,2026-02-01T07:59:59.999Z
1769932800000,78343.00000000,79220.72000000,78148.10000000,78743.56000000,2450.30839000,1769947199999,192733533.18964870,944371,1212.80072000,95427566.48983110,0,2026-02-01T08:00:00.000Z,2026-02-01T11:59:59.999Z
1769947200000,78743.57000000,78768.68000000,76761.98000000,77593.40000000,4807.63006000,1769961599999,373985194.71106240,1690995,2159.90848000,168090857.97029110,0,2026-02-01T12:00:00.000Z,2026-02-01T15:59:59.999Z
1769961600000,77593.40000000,78443.10000000,77000.01000000,77174.78000000,2883.53084000,1769975999999,223871713.26383580,1408260,1307.20006000,101506042.20556220,0,2026-02-01T16:00:00.000Z,2026-02-01T19:59:59.999Z
1769976000000,77174.77000000,77779.63000000,75700.00000000,76968.21000000,8432.47635000,1769990399999,647178510.86021220,1817211,4032.29271000,309562206.93868440,0,2026-02-01T20:00:00.000Z,2026-02-01T23:59:59.999Z
1769990400000,76968.22000000,78231.26000000,74604.00000000,76292.98000000,11449.76567000,1770004799999,871702405.18971130,2645338,5536.78517000,422148110.93692730,0,2026-02-02T00:00:00.000Z,2026-02-02T03:59:59.999Z
1770004800000,76292.98000000,76958.00000000,74911.14000000,76660.79000000,9568.39849000,1770019199999,726240942.86917340,2202613,4537.66191000,344649132.55058240,0,2026-02-02T04:00:00.000Z,2026-02-02T07:59:59.999Z
1770019200000,76660.78000000,77970.62000000,76628.28000000,77759.99000000,5651.50758000,1770033599999,437537180.67942400,1357946,3295.30169000,255230255.01684100,0,2026-02-02T08:00:00.000Z,2026-02-02T11:59:59.999Z
1770033600000,77760.00000000,79360.00000000,77564.62000000,78850.06000000,7522.81805000,1770047999999,589203781.78035520,2019514,3998.05226000,313213630.97721950,0,2026-02-02T12:00:00.000Z,2026-02-02T15:59:59.999Z
1770048000000,78850.06000000,79288.28000000,78283.27000000,78341.50000000,5462.07718000,1770062399999,430453810.75669430,1196930,2814.11429000,221806460.07808080,0,2026-02-02T16:00:00.000Z,2026-02-02T19:59:59.999Z
1770062400000,78341.50000000,78962.78000000,77888.00000000,78738.61000000,2619.02319000,1770076799999,205614323.18597140,663237,1298.53583000,101929851.66378940,0,2026-02-02T20:00:00.000Z,2026-02-02T23:59:59.999Z
1770076800000,78738.60000000,79186.81000000,77644.09000000,78753.32000000,4012.52848000,1770091199999,315222030.44065130,1184338,1939.13530000,152363997.66092770,0,2026-02-03T00:00:00.000Z,2026-02-03T03:59:59.999Z
1770091200000,78753.32000000,78999.99000000,77950.00000000,78794.67000000,2886.84787000,1770105599999,226835689.17365360,861943,1420.26817000,111585624.37676560,0,2026-02-03T04:00:00.000Z,2026-02-03T07:59:59.999Z
1770105600000,78794.67000000,79084.29000000,77950.00000000,78079.50000000,2794.97467000,1770119999999,219219491.22448650,951934,1362.64236000,106901855.55363640,0,2026-02-03T08:00:00.000Z,2026-02-03T11:59:59.999Z
1770120000000,78079.50000000,78458.89000000,77055.54000000,78132.33000000,5543.61818000,1770134399999,431840559.06025940,1788491,2699.55827000,210316986.60887780,0,2026-02-03T12:00:00.000Z,2026-02-03T15:59:59.999Z
1770134400000,78132.34000000,78134.53000000,72945.50000000,74935.00000000,18839.63770000,1770148799999,1410579491.75847750,3077800,7559.19028000,566363553.89784670,0,2026-02-03T16:00:00.000Z,2026-02-03T19:59:59.999Z
1770148800000,74935.00000000,76960.00000000,74586.54000000,75770.21000000,5042.50199000,1770163199999,383205746.91726360,1334939,2324.08815000,176587378.33798540,0,2026-02-03T20:00:00.000Z,2026-02-03T23:59:59.999Z
1770163200000,75770.21000000,76971.52000000,75467.22000000,76698.17000000,3573.68321000,1770177599999,272738590.76765440,1118157,1575.94420000,120252372.25793200,0,2026-02-04T00:00:00.000Z,2026-02-04T03:59:59.999Z
1770177600000,76698.17000000,76830.69000000,76105.30000000,76514.30000000,2837.05050000,1770191999999,217015006.32297540,705472,1205.85593000,92237564.22963320,0,2026-02-04T04:00:00.000Z,2026-02-04T07:59:59.999Z
1770192000000,76514.30000000,76607.69000000,75666.00000000,76017.25000000,2912.66082000,1770206399999,221824460.47271630,905165,1306.24429000,99505779.32537740,0,2026-02-04T08:00:00.000Z,2026-02-04T11:59:59.999Z
1770206400000,76017.25000000,76260.85000000,73794.11000000,74136.36000000,8952.94529000,1770220799999,671748276.96584810,2606399,4198.84141000,314944437.27886580,0,2026-02-04T12:00:00.000Z,2026-02-04T15:59:59.999Z
1770220800000,74136.48000000,74249.83000000,72169.00000000,73923.29000000,13944.22381000,1770235199999,1020412779.47087720,3621129,6330.58783000,463789245.74738950,0,2026-02-04T16:00:00.000Z,2026-02-04T19:59:59.999Z
1770235200000,73923.30000000,74144.00000000,71888.00000000,73165.83000000,6154.79637000,1770249599999,449095517.53907500,1767680,2656.88203000,193935369.98987460,0,2026-02-04T20:00:00.000Z,2026-02-04T23:59:59.999Z
1770249600000,73165.84000000,73341.18000000,71152.78000000,71223.25000000,8356.43633000,1770263999999,602690598.16435880,2690802,3967.87661000,286315717.83344530,0,2026-02-05T00:00:00.000Z,2026-02-05T03:59:59.999Z
1770264000000,71223.25000000,71622.82000000,70140.00000000,70756.85000000,13229.00492000,1770278399999,937889720.23885730,2073704,5786.38006000,410417271.92774280,0,2026-02-05T04:00:00.000Z,2026-02-05T07:59:59.999Z
1770278400000,70756.86000000,71978.58000000,69922.00000000,70318.35000000,9382.74194000,1770292799999,665219725.67406670,1454638,4586.93432000,325376481.21197430,0,2026-02-05T08:00:00.000Z,2026-02-05T11:59:59.999Z
1770292800000,70318.35000000,70872.04000000,66720.15000000,67489.07000000,25214.85527000,1770307199999,1731421994.69076750,2967018,11931.49536000,819121001.16433840,0,2026-02-05T12:00:00.000Z,2026-02-05T15:59:59.999Z
1770307200000,67489.08000000,68681.81000000,65200.00000000,65265.65000000,21297.23210000,1770321599999,1421929542.34385810,2924988,10284.77991000,687340054.48333890,0,2026-02-05T16:00:00.000Z,2026-02-05T19:59:59.999Z
1770321600000,65265.66000000,65700.00000000,62345.00000000,62909.86000000,28818.55843000,1770335999999,1839594013.16878520,3252860,12485.18380000,797178976.41239990,0,2026-02-05T20:00:00.000Z,2026-02-05T23:59:59.999Z
1770336000000,62909.87000000,66010.00000000,60000.00000000,64168.33000000,28980.40325000,1770350399999,1825125065.71506430,3736413,14232.10519000,897413525.31493260,0,2026-02-06T00:00:00.000Z,2026-02-06T03:59:59.999Z
1770350400000,64168.33000000,66826.50000000,63914.62000000,64856.00000000,13204.36329000,1770364799999,862429162.55450200,1922335,7149.11777000,467047863.35521970,0,2026-02-06T04:00:00.000Z,2026-02-06T07:59:59.999Z
1770364800000,64856.00000000,66755.13000000,64500.00000000,66631.32000000,9652.84585000,1770379199999,633520566.31463950,1492849,5410.40150000,355108944.23057080,0,2026-02-06T08:00:00.000Z,2026-02-06T11:59:59.999Z
1770379200000,66631.32000000,69192.00000000,66114.49000000,68626.00000000,17606.82465000,1770393599999,1191688651.38544240,2999294,9539.46756000,646341769.31887160,0,2026-02-06T12:00:00.000Z,2026-02-06T15:59:59.999Z
1770393600000,68625.99000000,71500.00000000,68428.19000000,70731.46000000,17283.69927000,1770407999999,1210438927.93064340,2002331,10176.00021000,712371307.26447300,0,2026-02-06T16:00:00.000Z,2026-02-06T19:59:59.999Z
1770408000000,70731.45000000,71751.33000000,69837.35000000,70580.26000000,5811.07900000,1770422399999,410854296.71121380,1075306,2970.41975000,210142739.79662050,0,2026-02-06T20:00:00.000Z,2026-02-06T23:59:59.999Z
1770422400000,70580.26000000,70928.75000000,69718.00000000,70918.99000000,4687.77364000,1770436799999,329436668.63842840,1139290,2309.40822000,162372757.50025390,0,2026-02-07T00:00:00.000Z,2026-02-07T03:59:59.999Z
1770436800000,70918.99000000,71690.07000000,67300.00000000,68087.14000000,13271.32166000,1770451199999,918746524.71672460,1870659,5369.70353000,372132900.00486240,0,2026-02-07T04:00:00.000Z,2026-02-07T07:59:59.999Z
1770451200000,68087.13000000,68790.00000000,67582.48000000,67972.65000000,8689.01558000,1770465599999,592443428.25974890,1141821,2923.69195000,199369283.17869930,0,2026-02-07T08:00:00.000Z,2026-02-07T11:59:59.999Z
1770465600000,67972.65000000,69999.99000000,67901.89000000,69151.50000000,9290.84055000,1770479999999,641961528.78832010,1571055,4007.21272000,276938921.37270600,0,2026-02-07T12:00:00.000Z,2026-02-07T15:59:59.999Z
1770480000000,69151.50000000,69898.00000000,68531.50000000,69373.61000000,6393.31777000,1770494399999,442987187.82498190,1052092,3131.45705000,217069168.19493180,0,2026-02-07T16:00:00.000Z,2026-02-07T19:59:59.999Z
1770494400000,69373.61000000,69728.83000000,68787.34000000,69289.38000000,1923.21116000,1770508799999,133408540.84094850,392510,1024.74886000,71106793.17798750,0,2026-02-07T20:00:00.000Z,2026-02-07T23:59:59.999Z
1770508800000,69289.37000000,69696.57000000,68888.00000000,69099.99000000,2026.40929000,1770523199999,140326686.76087560,636690,983.58164000,68108549.84292240,0,2026-02-08T00:00:00.000Z,2026-02-08T03:59:59.999Z
1770523200000,69100.00000000,69719.07000000,68952.01000000,69710.69000000,2878.17149000,1770537599999,199578554.51011200,480034,1871.12375000,129774214.32901120,0,2026-02-08T04:00:00.000Z,2026-02-08T07:59:59.999Z
1770537600000,69710.69000000,71220.00000000,69514.15000000,70999.98000000,5309.31519000,1770551999999,373686854.81413820,1139417,2958.35735000,208236551.22879570,0,2026-02-08T08:00:00.000Z,2026-02-08T11:59:59.999Z
1770552000000,70999.99000000,71554.95000000,70707.39000000,71188.99000000,3659.21760000,1770566399999,260509753.90712400,916243,2016.87195000,143617751.67444970,0,2026-02-08T12:00:00.000Z,2026-02-08T15:59:59.999Z
1770566400000,71188.99000000,71538.05000000,70251.33000000,71422.97000000,2720.17356000,1770580799999,193021003.05872660,799162,1352.82949000,96047086.44853390,0,2026-02-08T16:00:00.000Z,2026-02-08T19:59:59.999Z
1770580800000,71422.96000000,72271.41000000,70000.00000000,70330.38000000,4827.24455000,1770595199999,342880905.60186570,898903,2252.98820000,160114713.75810680,0,2026-02-08T20:00:00.000Z,2026-02-08T23:59:59.999Z
1770595200000,70330.38000000,71453.53000000,70068.18000000,71307.56000000,4021.31441000,1770609599999,284095679.05747780,1221357,2137.30742000,151055058.23632160,0,2026-02-09T00:00:00.000Z,2026-02-09T03:59:59.999Z
1770609600000,71307.56000000,71359.37000000,70311.70000000,70422.59000000,2930.60540000,1770623999999,207409154.60268330,751991,1236.39267000,87517663.33883050,0,2026-02-09T04:00:00.000Z,2026-02-09T07:59:59.999Z
1770624000000,70422.59000000,70608.83000000,68420.58000000,68928.72000000,6108.89766000,1770638399999,423568798.59620260,1323380,2792.51020000,193682860.78415420,0,2026-02-09T08:00:00.000Z,2026-02-09T11:59:59.999Z
1770638400000,68928.71000000,69884.82000000,68308.00000000,69563.37000000,6863.78788000,1770652799999,474511739.61334220,1602329,3498.21346000,241875877.91310470,0,2026-02-09T12:00:00.000Z,2026-02-09T15:59:59.999Z
1770652800000,69563.37000000,71075.31000000,69100.00000000,70957.01000000,6239.20348000,1770667199999,438773832.19924390,1176709,3086.36297000,217073589.17371620,0,2026-02-09T16:00:00.000Z,2026-02-09T19:59:59.999Z
1770667200000,70957.01000000,71126.00000000,69823.52000000,70138.00000000,2988.91959000,1770681599999,210600335.35202780,569003,1103.84814000,77796567.23684560,0,2026-02-09T20:00:00.000Z,2026-02-09T23:59:59.999Z
1770681600000,70138.00000000,70527.59000000,69208.61000000,69511.83000000,2469.62773000,1770695999999,172704357.78009350,649051,1084.98910000,75919691.24522940,0,2026-02-10T00:00:00.000Z,2026-02-10T03:59:59.999Z
1770696000000,69511.83000000,69906.50000000,68682.00000000,68919.66000000,3133.48778000,1770710399999,216937941.25964580,646201,1294.20646000,89580149.59298700,0,2026-02-10T04:00:00.000Z,2026-02-10T07:59:59.999Z
1770710400000,68919.66000000,69417.70000000,68459.89000000,68535.01000000,3589.46371000,1770724799999,247678394.22295000,564768,1503.56806000,103751437.81700270,0,2026-02-10T08:00:00.000Z,2026-02-10T11:59:59.999Z
1770724800000,68535.02000000,69591.20000000,67800.00000000,69293.37000000,5843.11364000,1770739199999,402003350.45726210,1327368,3051.97985000,210084853.35999080,0,2026-02-10T12:00:00.000Z,2026-02-10T15:59:59.999Z
1770739200000,69293.37000000,69993.65000000,68604.63000000,69062.01000000,3997.49855000,1770753599999,277163373.07960550,1017925,1746.33684000,121183083.17808710,0,2026-02-10T16:00:00.000Z,2026-02-10T19:59:59.999Z
1770753600000,69062.00000000,69136.91000000,68362.00000000,68841.29000000,1340.57931000,1770767999999,92136206.56036840,353345,556.13025000,38220735.06022850,0,2026-02-10T20:00:00.000Z,2026-02-10T23:59:59.999Z
1770768000000,68841.28000000,69292.88000000,68011.11000000,68187.99000000,1918.23444000,1770782399999,131863432.15003220,608169,885.02244000,60847249.63644810,0,2026-02-11T00:00:00.000Z,2026-02-11T03:59:59.999Z
1770782400000,68188.00000000,68325.00000000,66557.99000000,67032.72000000,5175.02607000,1770796799999,348037184.18065550,1092642,2482.99742000,166884369.20461570,0,2026-02-11T04:00:00.000Z,2026-02-11T07:59:59.999Z
1770796800000,67032.71000000,67134.42000000,66369.49000000,67053.03000000,3914.08731000,1770811199999,261553860.04734320,835269,1711.65660000,114439100.03347600,0,2026-02-11T08:00:00.000Z,2026-02-11T11:59:59.999Z
1770811200000,67053.03000000,68834.34000000,65756.00000000,66519.73000000,9148.58414000,1770825599999,613687854.30771330,2193292,4762.16114000,319545755.49453550,0,2026-02-11T12:00:00.000Z,2026-02-11T15:59:59.999Z
1770825600000,66519.72000000,67860.44000000,65876.00000000,67586.67000000,5004.87150000,1770839999999,334532505.58570090,1424330,2613.55240000,174800761.76276150,0,2026-02-11T16:00:00.000Z,2026-02-11T19:59:59.999Z
1770840000000,67586.66000000,68369.77000000,66787.70000000,67082.52000000,3557.44256000,1770854399999,240839111.27266950,802875,1880.11997000,127386512.13765050,0,2026-02-11T20:00:00.000Z,2026-02-11T23:59:59.999Z
1770854400000,67082.52000000,68047.48000000,67055.53000000,67580.99000000,2100.97039000,1770868799999,141942869.01330560,770076,965.91966000,65263272.24195290,0,2026-02-12T00:00:00.000Z,2026-02-12T03:59:59.999Z
1770868800000,67581.00000000,67682.69000000,66670.45000000,67217.72000000,2710.60187000,1770883199999,182063344.23494780,823443,1514.06605000,101702347.72978780,0,2026-02-12T04:00:00.000Z,2026-02-12T07:59:59.999Z
1770883200000,67217.71000000,68299.00000000,66891.60000000,68076.01000000,3668.05630000,1770897599999,248201740.51730600,859926,1966.94625000,133225643.75896690,0,2026-02-12T08:00:00.000Z,2026-02-12T11:59:59.999Z
1770897600000,68076.01000000,68410.52000000,67014.98000000,67134.74000000,4824.24216000,1770911999999,326864449.87370720,1510255,2420.26969000,164016992.03481770,0,2026-02-12T12:00:00.000Z,2026-02-12T15:59:59.999Z
1770912000000,67134.74000000,67232.04000000,65118.00000000,65788.36000000,7933.48282000,1770926399999,523134993.57621970,2047495,3801.36299000,250781749.27726620,0,2026-02-12T16:00:00.000Z,2026-02-12T19:59:59.999Z
1770926400000,65788.36000000,66488.90000000,65215.06000000,66272.17000000,3034.38929000,1770940799999,199954748.11872030,767085,1433.16047000,94428847.03057020,0,2026-02-12T20:00:00.000Z,2026-02-12T23:59:59.999Z
1770940800000,66272.17000000,66814.00000000,65872.46000000,66553.08000000,2583.39216000,1770955199999,171471784.54951400,829333,1354.36413000,89903437.69236380,0,2026-02-13T00:00:00.000Z,2026-02-13T03:59:59.999Z
1770955200000,66553.09000000,66671.62000000,66002.98000000,66208.96000000,2428.41994000,1770969599999,161035736.48433360,649466,1029.61164000,68280971.89297790,0,2026-02-13T04:00:00.000Z,2026-02-13T07:59:59.999Z
1770969600000,66208.96000000,67226.66000000,66191.52000000,67171.42000000,2201.58479000,1770983999999,147042475.89495000,844614,1182.92177000,79046115.59581850,0,2026-02-13T08:00:00.000Z,2026-02-13T11:59:59.999Z
1770984000000,67171.41000000,69309.80000000,66867.47000000,68692.12000000,6886.55091000,1770998399999,467661512.21446190,2270933,3561.54992000,241951493.47232850,0,2026-02-13T12:00:00.000Z,2026-02-13T15:59:59.999Z
1770998400000,68692.12000000,69482.97000000,68540.83000000,68938.91000000,4320.62247000,1771012799999,298437083.28874910,1374173,2446.15115000,168987478.89211620,0,2026-02-13T16:00:00.000Z,2026-02-13T19:59:59.999Z
1771012800000,68938.91000000,69079.40000000,68683.32000000,68853.96000000,1823.97928000,1771027199999,125637429.89804620,482323,850.65026000,58597043.07124920,0,2026-02-13T20:00:00.000Z,2026-02-13T23:59:59.999Z
1771027200000,68853.97000000,69137.50000000,68768.56000000,68981.99000000,1291.93003000,1771041599999,89092971.39829670,360289,690.68122000,47628970.21407510,0,2026-02-14T00:00:00.000Z,2026-02-14T03:59:59.999Z
1771041600000,68982.00000000,69343.00000000,68730.13000000,69219.26000000,2188.37379000,1771055999999,150914517.37260290,334307,1253.14057000,86422772.06482600,0,2026-02-14T04:00:00.000Z,2026-02-14T07:59:59.999Z
1771056000000,69219.27000000,70560.01000000,69218.71000000,70505.74000000,3530.97709000,1771070399999,246699739.22948980,836795,2057.44152000,143754217.31740140,0,2026-02-14T08:00:00.000Z,2026-02-14T11:59:59.999Z
1771070400000,70505.74000000,70533.67000000,69064.60000000,69778.28000000,7103.62124000,1771084799999,494341009.80890300,1145173,2136.46543000,148822646.72484230,0,2026-02-14T12:00:00.000Z,2026-02-14T15:59:59.999Z
1771084800000,69778.28000000,69930.90000000,69283.02000000,69873.99000000,2295.28058000,1771099199999,159968386.17114960,694171,856.29575000,59693108.28674220,0,2026-02-14T16:00:00.000Z,2026-02-14T19:59:59.999Z
1771099200000,69873.99000000,70250.46000000,69668.05000000,69822.95000000,1704.60120000,1771113599999,119242690.37958440,432428,863.90974000,60434358.65705420,0,2026-02-14T20:00:00.000Z,2026-02-14T23:59:59.999Z
1771113600000,69822.94000000,69990.02000000,69251.50000000,69954.50000000,1764.94129000,1771127999999,122855046.97132380,539563,799.25847000,55645742.87767660,0,2026-02-15T00:00:00.000Z,2026-02-15T03:59:59.999Z
1771128000000,69954.50000000,70926.42000000,69459.35000000,70828.42000000,4747.14422000,1771142399999,333948500.11189410,800367,2325.85621000,163842103.01407340,0,2026-02-15T04:00:00.000Z,2026-02-15T07:59:59.999Z
1771142400000,70828.43000000,70983.00000000,70182.31000000,70295.22000000,2073.25418000,1771156799999,146147024.82140230,674620,972.77183000,68611971.98137900,0,2026-02-15T08:00:00.000Z,2026-02-15T11:59:59.999Z
1771156800000,70295.22000000,70418.48000000,68772.20000000,69099.99000000,3852.56524000,1771171199999,267188458.52680400,1086479,1431.16445000,99197075.50205180,0,2026-02-15T12:00:00.000Z,2026-02-15T15:59:59.999Z
1771171200000,69100.00000000,69100.00000000,68000.00000000,68286.63000000,8139.52235000,1771185599999,557355357.84913150,996629,2467.41339000,169022005.83218950,0,2026-02-15T16:00:00.000Z,2026-02-15T19:59:59.999Z
1771185600000,68286.64000000,69078.49000000,68120.00000000,68832.58000000,1712.62480000,1771199999999,117600183.85625880,500975,865.12827000,59414199.91352930,0,2026-02-15T20:00:00.000Z,2026-02-15T23:59:59.999Z
1771200000000,68832.59000000,69065.50000000,68143.22000000,68424.82000000,1757.09824000,1771214399999,120437657.08292310,596677,695.41420000,47692177.99768920,0,2026-02-16T00:00:00.000Z,2026-02-16T03:59:59.999Z
1771214400000,68424.82000000,68900.00000000,68228.76000000,68587.90000000,1421.86090000,1771228799999,97488651.32288720,413367,752.52501000,51598474.95791740,0,2026-02-16T04:00:00.000Z,2026-02-16T07:59:59.999Z
1771228800000,68587.89000000,69060.77000000,68338.90000000,68812.83000000,1609.09509000,1771243199999,110671876.46980250,492579,902.47134000,62074761.43828640,0,2026-02-16T08:00:00.000Z,2026-02-16T11:59:59.999Z
1771243200000,68812.84000000,70126.67000000,67294.11000000,67539.52000000,6563.57157000,1771257599999,450264428.91539640,2149894,3553.96271000,244133394.27376600,0,2026-02-16T12:00:00.000Z,2026-02-16T15:59:59.999Z
1771257600000,67539.53000000,68245.34000000,67513.94000000,67913.43000000,2266.56859000,1771271999999,153859865.37382790,891023,1169.39289000,79412338.83710660,0,2026-02-16T16:00:00.000Z,2026-02-16T19:59:59.999Z
1771272000000,67913.44000000,68978.88000000,67827.11000000,68892.43000000,1897.57095000,1771286399999,130075439.08876000,690309,1079.66525000,73998044.26272620,0,2026-02-16T20:00:00.000Z,2026-02-16T23:59:59.999Z
1771286400000,68892.43000000,69241.50000000,68387.20000000,68474.90000000,1970.09630000,1771300799999,135593412.03758820,749614,945.53808000,65096411.70451680,0,2026-02-17T00:00:00.000Z,2026-02-17T03:59:59.999Z
1771300800000,68474.90000000,68707.49000000,67892.00000000,68388.12000000,1507.90265000,1771315199999,103003352.46391450,610719,657.85358000,44944682.81254990,0,2026-02-17T04:00:00.000Z,2026-02-17T07:59:59.999Z
1771315200000,68388.12000000,68479.17000000,67690.00000000,67854.60000000,1702.22977000,1771329599999,115739259.12991350,621344,774.02098000,52638020.52961080,0,2026-02-17T08:00:00.000Z,2026-02-17T11:59:59.999Z
1771329600000,67854.60000000,68360.50000000,66621.06000000,67392.05000000,5962.49538000,1771343999999,401928066.26431070,1881416,2519.16507000,169890168.16406130,0,2026-02-17T12:00:00.000Z,2026-02-17T15:59:59.999Z
1771344000000,67392.06000000,68235.39000000,66881.08000000,67793.32000000,4203.96684000,1771358399999,284459179.70634120,1610220,2114.80895000,143206773.59005600,0,2026-02-17T16:00:00.000Z,2026-02-17T19:59:59.999Z
1771358400000,67793.32000000,67928.08000000,67394.00000000,67503.52000000,1142.37827000,1771372799999,77264381.69274390,521540,527.06441000,35650134.09244550,0,2026-02-17T20:00:00.000Z,2026-02-17T23:59:59.999Z
1771372800000,67503.52000000,67705.65000000,66892.03000000,67629.11000000,1226.88759000,1771387199999,82553427.77735500,495054,596.80667000,40155701.17144080,0,2026-02-18T00:00:00.000Z,2026-02-18T03:59:59.999Z
1771387200000,67629.10000000,68219.81000000,67500.10000000,68106.44000000,1433.81961000,1771401599999,97273973.55809480,411382,836.35408000,56746693.36867540,0,2026-02-18T04:00:00.000Z,2026-02-18T07:59:59.999Z
1771401600000,68106.44000000,68476.22000000,67076.90000000,67369.75000000,1922.15458000,1771415999999,130457995.82371130,603108,947.78850000,64304462.52550190,0,2026-02-18T08:00:00.000Z,2026-02-18T11:59:59.999Z
1771416000000,67369.75000000,68347.72000000,66717.30000000,67694.01000000,4330.13695000,1771430399999,292091020.65793290,1181648,2268.98023000,153067659.65328850,0,2026-02-18T12:00:00.000Z,2026-02-18T15:59:59.999Z
1771430400000,67694.01000000,67706.94000000,65870.00000000,66177.14000000,4311.92393000,1771444799999,287693234.23302000,1306330,2070.01465000,138229708.91519030,0,2026-02-18T16:00:00.000Z,2026-02-18T19:59:59.999Z
1771444800000,66177.15000000,66550.00000000,66053.60000000,66461.00000000,2267.51573000,1771459199999,150423872.60200960,551475,1175.11294000,77953952.50446800,0,2026-02-18T20:00:00.000Z,2026-02-18T23:59:59.999Z
1771459200000,66461.00000000,66997.07000000,66345.00000000,66980.91000000,1337.23292000,1771473599999,89215477.42472360,411220,729.52396000,48663843.91684770,0,2026-02-19T00:00:00.000Z,2026-02-19T03:59:59.999Z
1771473600000,66980.91000000,67320.00000000,66679.76000000,67206.45000000,1593.15988000,1771487999999,106782407.80130980,440550,793.22494000,53175928.24421170,0,2026-02-19T04:00:00.000Z,2026-02-19T07:59:59.999Z
1771488000000,67206.45000000,67206.45000000,66478.02000000,66496.02000000,1879.33579000,1771502399999,125701951.64138130,566297,764.42525000,51129024.30475420,0,2026-02-19T08:00:00.000Z,2026-02-19T11:59:59.999Z
1771502400000,66496.03000000,66755.39000000,65631.83000000,66398.00000000,4451.59374000,1771516799999,294777171.25897810,1509439,2222.34398000,147180104.63437220,0,2026-02-19T12:00:00.000Z,2026-02-19T15:59:59.999Z
1771516800000,66398.01000000,67198.10000000,65899.25000000,67050.00000000,3411.99791000,1771531199999,227326562.88912690,1229638,1756.27185000,117026346.05337480,0,2026-02-19T16:00:00.000Z,2026-02-19T19:59:59.999Z
1771531200000,67050.00000000,67168.86000000,66652.34000000,67003.73000000,1868.94964000,1771545599999,125060001.76663290,522207,840.91743000,56280975.91854650,0,2026-02-19T20:00:00.000Z,2026-02-19T23:59:59.999Z
1771545600000,67003.73000000,67488.67000000,66949.41000000,67366.25000000,1472.92111000,1771559999999,99110593.96340020,459722,766.04578000,51547028.30960200,0,2026-02-20T00:00:00.000Z,2026-02-20T03:59:59.999Z
1771560000000,67366.25000000,68006.00000000,67115.38000000,67825.91000000,2411.47830000,1771574399999,163260352.82932990,489308,1263.08346000,85538218.47207630,0,2026-02-20T04:00:00.000Z,2026-02-20T07:59:59.999Z
1771574400000,67825.91000000,68318.39000000,67280.60000000,67318.41000000,3414.63472000,1771588799999,231878790.41032480,541347,1470.41187000,99927469.40115920,0,2026-02-20T08:00:00.000Z,2026-02-20T11:59:59.999Z
1771588800000,67318.41000000,68083.98000000,66280.20000000,67582.95000000,16088.45139000,1771603199999,1076569222.85118750,1705792,6024.68060000,403783916.04764750,0,2026-02-20T12:00:00.000Z,2026-02-20T15:59:59.999Z
1771603200000,67582.95000000,68000.00000000,66952.11000000,67646.03000000,9574.14680000,1771617599999,645056109.16301220,1395777,3922.37620000,264654733.10474490,0,2026-02-20T16:00:00.000Z,2026-02-20T19:59:59.999Z
1771617600000,67646.03000000,68233.99000000,67520.30000000,68020.01000000,2390.23859000,1771631999999,162204081.35059270,452966,1554.86243000,105518677.81001140,0,2026-02-20T20:00:00.000Z,2026-02-20T23:59:59.999Z
1771632000000,68020.00000000,68099.54000000,67534.69000000,67667.77000000,1582.09541000,1771646399999,107364098.12905070,262118,813.21099000,55197261.13037530,0,2026-02-21T00:00:00.000Z,2026-02-21T03:59:59.999Z
1771646400000,67667.77000000,67924.39000000,67593.99000000,67856.01000000,716.23217000,1771660799999,48558986.67610040,166977,365.61104000,24785950.21492470,0,2026-02-21T04:00:00.000Z,2026-02-21T07:59:59.999Z
1771660800000,67856.01000000,68314.54000000,67807.30000000,68092.45000000,1384.49772000,1771675199999,94339705.72475320,248922,735.48392000,50122172.05071590,0,2026-02-21T08:00:00.000Z,2026-02-21T11:59:59.999Z
1771675200000,68092.45000000,68698.70000000,67915.00000000,68615.00000000,1818.30536000,1771689599999,124341927.99554160,345267,944.07299000,64573284.10879380,0,2026-02-21T12:00:00.000Z,2026-02-21T15:59:59.999Z
1771689600000,68615.01000000,68658.50000000,68101.78000000,68543.51000000,1410.16439000,1771703999999,96460314.95431230,296404,679.45506000,46469407.04998190,0,2026-02-21T16:00:00.000Z,2026-02-21T19:59:59.999Z
1771704000000,68543.51000000,68605.63000000,67900.00000000,67975.93000000,1121.54626000,1771718399999,76527045.36744070,273851,465.62806000,31771618.12248840,0,2026-02-21T20:00:00.000Z,2026-02-21T23:59:59.999Z
1771718400000,67975.93000000,68222.16000000,67809.78000000,68041.43000000,1114.48202000,1771732799999,75773591.36485030,294020,550.52250000,37435992.21079950,0,2026-02-22T00:00:00.000Z,2026-02-22T03:59:59.999Z
1771732800000,68041.42000000,68178.79000000,67881.81000000,68005.30000000,923.79200000,1771747199999,62843242.09253010,234831,398.28765000,27095532.42506160,0,2026-02-22T04:00:00.000Z,2026-02-22T07:59:59.999Z
1771747200000,68005.30000000,68245.00000000,67912.02000000,68219.97000000,733.14137000,1771761599999,49907325.46136900,206443,321.22134000,21872463.13148130,0,2026-02-22T08:00:00.000Z,2026-02-22T11:59:59.999Z
1771761600000,68219.97000000,68232.40000000,67303.50000000,67684.14000000,2531.23331000,1771775999999,171259766.20740060,650400,1045.81290000,70755409.14183540,0,2026-02-22T12:00:00.000Z,2026-02-22T15:59:59.999Z
1771776000000,67684.15000000,67718.13000000,67190.00000000,67428.32000000,1575.66204000,1771790399999,106232820.25579240,386156,840.19008000,56653370.79245280,0,2026-02-22T16:00:00.000Z,2026-02-22T19:59:59.999Z
1771790400000,67428.32000000,67751.44000000,67350.00000000,67643.40000000,1296.82410000,1771804799999,87596590.19547120,389050,818.25840000,55268325.90930770,0,2026-02-22T20:00:00.000Z,2026-02-22T23:59:59.999Z
1771804800000,67643.39000000,67684.86000000,64290.71000000,64934.17000000,11022.66500000,1771819199999,719316556.62206750,2248116,5722.33327000,373353721.11510900,0,2026-02-23T00:00:00.000Z,2026-02-23T03:59:59.999Z
1771819200000,64934.18000000,66015.22000000,64685.64000000,65958.94000000,4119.82727000,1771833599999,269087200.27357270,787883,2247.84272000,146877209.14172080,0,2026-02-23T04:00:00.000Z,2026-02-23T07:59:59.999Z
1771833600000,65958.94000000,66600.00000000,65565.78000000,66207.23000000,3194.00092000,1771847999999,211089133.57428790,794545,1374.15421000,90806359.63322600,0,2026-02-23T08:00:00.000Z,2026-02-23T11:59:59.999Z
1771848000000,66207.23000000,66511.51000000,65529.73000000,65660.10000000,3796.34009000,1771862399999,250678780.50669950,1475063,1789.71293000,118155901.77018930,0,2026-02-23T12:00:00.000Z,2026-02-23T15:59:59.999Z
1771862400000,65660.10000000,65724.28000000,64048.71000000,64295.10000000,7179.94577000,1771876799999,465035277.95382960,1988988,3293.74106000,213497950.46326710,0,2026-02-23T16:00:00.000Z,2026-02-23T19:59:59.999Z
1771876800000,64295.11000000,65035.98000000,63888.79000000,64656.02000000,3763.13018000,1771891199999,242951707.19105940,974100,1960.85439000,126637717.93545030,0,2026-02-23T20:00:00.000Z,2026-02-23T23:59:59.999Z
1771891200000,64656.01000000,65026.75000000,63342.90000000,63595.51000000,4752.76382000,1771905599999,304582065.38072600,1747526,2171.69411000,139248890.00776990,0,2026-02-24T00:00:00.000Z,2026-02-24T03:59:59.999Z
1771905600000,63595.51000000,63628.52000000,62700.80000000,63192.96000000,4939.88980000,1771919999999,311930854.85339440,1370317,2267.86906000,143225584.35158040,0,2026-02-24T04:00:00.000Z,2026-02-24T07:59:59.999Z
1771920000000,63192.79000000,63444.66000000,62908.92000000,63227.10000000,2234.59315000,1771934399999,141250227.98406600,720838,1133.30537000,71641484.59666670,0,2026-02-24T08:00:00.000Z,2026-02-24T11:59:59.999Z
1771934400000,63227.11000000,64031.76000000,62510.28000000,63973.97000000,5539.65443000,1771948799999,349781798.66521920,1720495,2851.12168000,179979830.09110380,0,2026-02-24T12:00:00.000Z,2026-02-24T15:59:59.999Z
1771948800000,63973.98000000,64743.11000000,63689.54000000,64435.03000000,3972.72259000,1771963199999,255228016.88386350,1388406,1992.03667000,127999107.78366710,0,2026-02-24T16:00:00.000Z,2026-02-24T19:59:59.999Z
1771963200000,64435.03000000,64591.99000000,63820.50000000,64058.15000000,1663.21243000,1771977599999,106739195.95266600,606047,734.58337000,47140535.08691050,0,2026-02-24T20:00:00.000Z,2026-02-24T23:59:59.999Z
1771977600000,64058.15000000,66310.00000000,63913.27000000,65391.73000000,5187.17213000,1771991999999,340689638.66773770,1472602,2731.73543000,179335175.82490980,0,2026-02-25T00:00:00.000Z,2026-02-25T03:59:59.999Z
1771992000000,65391.74000000,65650.00000000,64755.26000000,65028.30000000,2632.47033000,1772006399999,171502919.96544990,758215,1184.66107000,77196713.17905790,0,2026-02-25T04:00:00.000Z,2026-02-25T07:59:59.999Z
1772006400000,65028.30000000,65692.62000000,64955.79000000,65430.04000000,1997.89784000,1772020799999,130658074.86146920,643233,1161.09434000,75913635.25419470,0,2026-02-25T08:00:00.000Z,2026-02-25T11:59:59.999Z
1772020800000,65430.04000000,67578.00000000,65324.62000000,67412.33000000,7879.83719000,1772035199999,524713731.25057690,1555450,4764.89223000,317370618.22891530,0,2026-02-25T12:00:00.000Z,2026-02-25T15:59:59.999Z
1772035200000,67412.32000000,69550.00000000,67404.00000000,69038.26000000,8300.46334000,1772049599999,569565261.27162990,1537142,4272.06772000,292994769.93164250,0,2026-02-25T16:00:00.000Z,2026-02-25T19:59:59.999Z
1772049600000,69038.26000000,69988.83000000,67600.00000000,67988.04000000,4752.15176000,1772063999999,326960076.82757140,1130073,2268.46906000,156094064.58955180,0,2026-02-25T20:00:00.000Z,2026-02-25T23:59:59.999Z
1772064000000,67988.04000000,68700.00000000,67727.52000000,68216.86000000,2995.47030000,1772078399999,204243504.12053410,899323,1565.27740000,106715730.27693530,0,2026-02-26T00:00:00.000Z,2026-02-26T03:59:59.999Z
1772078400000,68216.87000000,68860.00000000,67817.87000000,67825.04000000,2533.15622000,1772092799999,172982723.17739750,717211,1117.86277000,76390321.10498780,0,2026-02-26T04:00:00.000Z,2026-02-26T07:59:59.999Z
1772092800000,67825.05000000,68722.64000000,67792.00000000,68051.31000000,3268.61730000,1772107199999,223131053.39970640,685401,1693.31517000,115630783.04085930,0,2026-02-26T08:00:00.000Z,2026-02-26T11:59:59.999Z
1772107200000,68051.30000000,68303.83000000,66761.16000000,67382.00000000,5206.19537000,1772121599999,352032201.05368930,1467293,2489.83507000,168378083.41318150,0,2026-02-26T12:00:00.000Z,2026-02-26T15:59:59.999Z
1772121600000,67382.00000000,67903.12000000,66500.00000000,67589.22000000,5230.45057000,1772135999999,350888815.72281440,1251932,2579.57571000,173135255.43976070,0,2026-02-26T16:00:00.000Z,2026-02-26T19:59:59.999Z
1772136000000,67589.21000000,67831.11000000,67150.14000000,67485.18000000,1503.88816000,1772150399999,101496368.09041910,404977,726.63435000,49053879.17734240,0,2026-02-26T20:00:00.000Z,2026-02-26T23:59:59.999Z
1772150400000,67485.19000000,67712.16000000,66885.00000000,67600.84000000,2159.83450000,1772164799999,145292524.41844910,659975,1056.17610000,71057296.82815030,0,2026-02-27T00:00:00.000Z,2026-02-27T03:59:59.999Z
1772164800000,67600.84000000,68216.80000000,67459.30000000,67690.60000000,3025.27268000,1772179199999,204988053.09724590,552210,1562.68007000,105900344.47218440,0,2026-02-27T04:00:00.000Z,2026-02-27T07:59:59.999Z
1772179200000,67690.60000000,68149.93000000,65960.01000000,66126.99000000,4904.69534000,1772193599999,329331029.46336960,669348,1916.50148000,128568947.99441610,0,2026-02-27T08:00:00.000Z,2026-02-27T11:59:59.999Z
1772193600000,66126.99000000,66344.90000000,65649.34000000,66095.40000000,5494.93830000,1772207999999,362645055.23926720,873872,2828.14976000,186648728.60556650,0,2026-02-27T12:00:00.000Z,2026-02-27T15:59:59.999Z
1772208000000,66095.40000000,66121.03000000,65113.72000000,65392.18000000,3875.92624000,1772222399999,253965829.43805450,737650,1906.04873000,124889545.29536890,0,2026-02-27T16:00:00.000Z,2026-02-27T19:59:59.999Z
1772222400000,65392.18000000,65953.20000000,64914.46000000,65872.10000000,1767.91718000,1772236799999,115811331.90558650,363009,837.65303000,54921379.32897580,0,2026-02-27T20:00:00.000Z,2026-02-27T23:59:59.999Z
1772236800000,65872.09000000,66025.52000000,65721.13000000,65797.42000000,1045.74408000,1772251199999,68899635.55857210,258355,531.10528000,34998049.76019040,0,2026-02-28T00:00:00.000Z,2026-02-28T03:59:59.999Z
1772251200000,65797.42000000,65818.44000000,63030.00000000,63826.00000000,5914.91449000,1772265599999,379525323.42051950,1181298,2581.68058000,165440215.95831100,0,2026-02-28T04:00:00.000Z,2026-02-28T07:59:59.999Z
1772265600000,63825.99000000,64307.44000000,63372.10000000,63844.20000000,4734.32265000,1772279999999,302198131.48462220,839290,2511.18127000,160325892.50478620,0,2026-02-28T08:00:00.000Z,2026-02-28T11:59:59.999Z
1772280000000,63844.20000000,65360.51000000,63827.20000000,64841.18000000,4286.48357000,1772294399999,276667056.34675630,872267,2416.23192000,155909966.01478720,0,2026-02-28T12:00:00.000Z,2026-02-28T15:59:59.999Z
1772294400000,64841.17000000,66666.65000000,64681.81000000,66362.01000000,2999.13046000,1772308799999,196852498.74975260,976578,1703.20425000,111886992.60871580,0,2026-02-28T16:00:00.000Z,2026-02-28T19:59:59.999Z
1772308800000,66362.01000000,67760.00000000,66190.61000000,66973.26000000,3568.12124000,1772323199999,238721762.70134380,1140726,1787.70472000,119629273.58559160,0,2026-02-28T20:00:00.000Z,2026-02-28T23:59:59.999Z
1772323200000,66973.26000000,68199.99000000,66042.72000000,67502.16000000,4690.36208000,1772337599999,315933147.68826380,1134371,2442.68697000,164552289.30345400,0,2026-03-01T00:00:00.000Z,2026-03-01T03:59:59.999Z
1772337600000,67502.16000000,67612.14000000,66749.35000000,67141.39000000,3167.39554000,1772351999999,212669357.20677300,511568,1439.47357000,96649733.20076270,0,2026-03-01T04:00:00.000Z,2026-03-01T07:59:59.999Z
1772352000000,67141.40000000,67292.30000000,66215.71000000,66468.03000000,3250.92047000,1772366399999,216568852.66062070,747092,1290.55474000,85972583.69617980,0,2026-03-01T08:00:00.000Z,2026-03-01T11:59:59.999Z
1772366400000,66468.04000000,67360.57000000,66132.27000000,66842.42000000,3640.03253000,1772380799999,243482209.46349850,977418,1984.25149000,132781914.63492500,0,2026-03-01T12:00:00.000Z,2026-03-01T15:59:59.999Z
1772380800000,66842.42000000,67112.37000000,65699.98000000,65962.17000000,3900.17922000,1772395199999,258474615.18050360,884138,1851.84194000,122811950.74840730,0,2026-03-01T16:00:00.000Z,2026-03-01T19:59:59.999Z
1772395200000,65962.16000000,66491.43000000,65056.00000000,65776.47000000,4552.96875000,1772409599999,298655560.70654050,1057426,2200.96330000,144393451.26473280,0,2026-03-01T20:00:00.000Z,2026-03-01T23:59:59.999Z
1772409600000,65776.48000000,67079.00000000,65761.04000000,66820.03000000,2940.58836000,1772423999999,195460980.08229890,1303941,1524.12091000,101362637.73041610,0,2026-03-02T00:00:00.000Z,2026-03-02T03:59:59.999Z
1772424000000,66820.03000000,66995.64000000,65542.60000000,66007.52000000,3610.46533000,1772438399999,239534194.91974990,917964,1605.65166000,106447924.02076130,0,2026-03-02T04:00:00.000Z,2026-03-02T07:59:59.999Z
1772438400000,66007.80000000,66126.68000000,65664.13000000,65817.21000000,630.32771000,1772452799999,41521986.79911480,134022,302.27566000,19914316.59774480,0,2026-03-02T08:00:00.000Z,2026-03-02T11:59:59.999Z